<?xml version="1.0" encoding="utf-8"?>
<odoo>
    <data>
        <record id="mail_template_sepa_notify_debit" model="mail.template">
            <field name="name">SEPA Direct Debit: Charge Notification</field>
            <field name="model_id" ref="payment.model_payment_transaction"/>
            <field name="subject">SEPA Direct Debit: Charge Notification</field>
            <field name="email_from">${object.acquirer_id.company_id.email | safe}</field>
            <field name="email_to">${object.partner_id.email_formatted | safe}</field>
            <field name="body_html" type="html">
<table border="0" cellpadding="0" cellspacing="0" style="padding-top: 16px; background-color: #F1F1F1; font-family:Verdana, Arial,sans-serif; color: #454748; width: 100%; border-collapse:separate;"><tr><td align="center">
<table border="0" cellpadding="0" cellspacing="0" width="590" style="padding: 16px; background-color: white; color: #454748; border-collapse:separate;">
<tbody>
    <!-- HEADER -->
    <tr>
        <td align="center" style="min-width: 590px;">
            <table border="0" cellpadding="0" cellspacing="0" width="590" style="min-width: 590px; background-color: white; padding: 0px 8px 0px 8px; border-collapse:separate;">
                <tr><td valign="middle">
                    % set company = object.acquirer_id.company_id
                    <span style="font-size: 10px;">Your SEPA Direct Debit Transaction</span><br/>
                    <span style="font-size: 20px; font-weight: bold;">${object.reference}</span>
                </td></tr>
                <tr><td valign="middle" align="right">
                    <img src="/logo.png?company=${company.id}" style="padding: 0px; margin: 0px; height: auto; width: 80px;" alt="${company.name}"/>
                </td></tr>
                <tr><td colspan="2" style="text-align:center;">
                    <hr width="100%" style="background-color:rgb(204,204,204);border:medium none;clear:both;display:block;font-size:0px;min-height:1px;line-height:0; margin:16px 0px 16px 0px;"/>
                </td></tr>
            </table>
        </td>
    </tr>
    <!-- CONTENT -->
    <tr>
        <td align="center" style="min-width: 590px;">
            <table border="0" cellpadding="0" cellspacing="0" width="590" style="min-width: 590px; background-color: white; padding: 0px 8px 0px 8px; border-collapse:separate;">
                <tr><td valign="top" style="font-size: 13px;">
                    Hello ${object.partner_id.name},<br/><br/>

                    A SEPA Direct Debit payment request amounting ${format_amount(object.amount, object.currency_id)} will be sent to your bank.<br/>

                    Your account ${ctx['iban']} will be debited in up to two calendar days or shortly after, please make sure you have the requested funds.<br/><br/>

                    % if ctx.get('creditor_identifier') or ctx.get('mandate_ref'):
                    Merchant data:<br/>
                    <ul>
                        % if ctx.get('creditor_identifier'):
                        <li>IBAN: ${ctx['creditor_identifier']}</li>
                        % endif
                        % if ctx.get('mandate_ref'):
                        <li>SEPA DIRECT DEBIT MANDATE REFERENCE: ${ctx['mandate_ref']}</li>
                        % endif
                    </ul>
                    % endif
                    Do not hesitate to contact us if you have any question.
                </td></tr>
                <tr><td style="text-align:center;">
                    <hr width="100%" style="background-color:rgb(204,204,204);border:medium none;clear:both;display:block;font-size:0px;min-height:1px;line-height:0; margin: 16px 0px 16px 0px;"/>
                </td></tr>
            </table>
        </td>
    </tr>
    <!-- FOOTER -->
    <tr>
        <td align="center" style="min-width: 590px;">
            <table border="0" cellpadding="0" cellspacing="0" width="590" style="min-width: 590px; background-color: white; font-size: 11px; padding: 0px 8px 0px 8px; border-collapse:separate;">
                <tr><td valign="middle" align="left">
                    ${company.name}
                </td></tr>
                <tr><td valign="middle" align="left" style="opacity: 0.7;">
                    % if company.phone
                        ${company.phone} |
                    %endif
                    % if company.email
                        <a href="'mailto:%s' % ${company.email}" style="text-decoration:none; color: #454748;">${company.email}</a> |
                    % endif
                    % if company.website
                        <a href="'%s' % ${company.website}" style="text-decoration:none; color: #454748;">${company.website}
                        </a>
                    % endif
                </td></tr>
            </table>
        </td>
    </tr>
</tbody>
</table>
</td></tr>
<!-- POWERED BY -->
<tr><td align="center" style="min-width: 590px;">
    <table border="0" cellpadding="0" cellspacing="0" width="590" style="min-width: 590px; background-color: #F1F1F1; color: #454748; padding: 8px; border-collapse:separate;">
      <tr><td style="text-align: center; font-size: 13px;">
        Powered by <a target="_blank" href="https://www.odoo.com?utm_source=db&amp;utm_medium=mail" style="color: #875A7B;">Odoo</a>
      </td></tr>
    </table>
</td></tr>
</table>
            </field>
            <field name="lang">${object.partner_id.lang}</field>
            <field name="auto_delete" eval="True"/>
        </record>

        <record id="mail_template_sepa_notify_validation" model="mail.template">
            <field name="name">SEPA Direct Debit: Validation Notification</field>
            <field name="model_id" ref="account_sepa_direct_debit.model_sdd_mandate"/>
            <field name="subject">Your SEPA Direct Debit Mandate with ${object.payment_journal_id.company_id.name}</field>
            <field name="email_from">${object.payment_journal_id.company_id.email | safe}</field>
            <field name="email_to">${object.partner_id.email_formatted | safe}</field>
            <field name="report_template" ref="account_sepa_direct_debit.sdd_mandate_form_report_main"/>
            <field name="report_name">${(object.name or '').replace('/','_')}</field>
            <field name="body_html" type="html">
<table border="0" cellpadding="0" cellspacing="0" style="padding-top: 16px; background-color: #F1F1F1; font-family:Verdana, Arial,sans-serif; color: #454748; width: 100%; border-collapse:separate;"><tr><td align="center">
<table border="0" cellpadding="0" cellspacing="0" width="590" style="padding: 16px; background-color: white; color: #454748; border-collapse:separate;">
<tbody>
    <!-- HEADER -->
    <tr>
        <td align="center" style="min-width: 590px;">
            <table border="0" cellpadding="0" cellspacing="0" width="590" style="min-width: 590px; background-color: white; padding: 0px 8px 0px 8px; border-collapse:separate;">
                <tr><td valign="middle">
                    % set company = object.payment_journal_id.company_id
                    <span style="font-size: 10px;">Your SEPA Direct Debit Manddate</span><br/>
                    <span style="font-size: 20px; font-weight: bold;">${object.partner_bank_id.acc_number}</span>
                </td></tr>
                <tr><td valign="middle" align="right">
                    <img src="/logo.png?company=${company.id}" style="padding: 0px; margin: 0px; height: auto; width: 80px;" alt="${company.name}"/>
                </td></tr>
                <tr><td colspan="2" style="text-align:center;">
                    <hr width="100%" style="background-color:rgb(204,204,204);border:medium none;clear:both;display:block;font-size:0px;min-height:1px;line-height:0; margin:16px 0px 16px 0px;"/>
                </td></tr>
            </table>
        </td>
    </tr>
    <!-- CONTENT -->
    <tr>
        <td align="center" style="min-width: 590px;">
            <table border="0" cellpadding="0" cellspacing="0" width="590" style="min-width: 590px; background-color: white; padding: 0px 8px 0px 8px; border-collapse:separate;">
                <tr><td valign="top" style="font-size: 13px;">
                    Hello ${object.partner_id.name},<br/><br/>

                    <p>A SEPA Direct Debit Mandate authorization has just been validated for use with ${company.name}.</p>

                    <p>You will find a copy of the mandate validation attached to this email.</p>

                    <p>Do not hesitate to contact us if you have any question.</p>
                </td></tr>
                <tr><td style="text-align:center;">
                    <hr width="100%" style="background-color:rgb(204,204,204);border:medium none;clear:both;display:block;font-size:0px;min-height:1px;line-height:0; margin: 16px 0px 16px 0px;"/>
                </td></tr>
            </table>
        </td>
    </tr>
    <!-- FOOTER -->
    <tr>
        <td align="center" style="min-width: 590px;">
            <table border="0" cellpadding="0" cellspacing="0" width="590" style="min-width: 590px; background-color: white; font-size: 11px; padding: 0px 8px 0px 8px; border-collapse:separate;">
                <tr><td valign="middle" align="left">
                    ${company.name}
                </td></tr>
                <tr><td valign="middle" align="left" style="opacity: 0.7;">
                    % if company.phone
                        ${company.phone} |
                    %endif
                    % if company.email
                        <a href="'mailto:%s' % ${company.email}" style="text-decoration:none; color: #454748;">${company.email}</a> |
                    % endif
                    % if company.website
                        <a href="'%s' % ${company.website}" style="text-decoration:none; color: #454748;">${company.website}
                        </a>
                    % endif
                </td></tr>
            </table>
        </td>
    </tr>
</tbody>
</table>
</td></tr>
<!-- POWERED BY -->
<tr><td align="center" style="min-width: 590px;">
    <table border="0" cellpadding="0" cellspacing="0" width="590" style="min-width: 590px; background-color: #F1F1F1; color: #454748; padding: 8px; border-collapse:separate;">
      <tr><td style="text-align: center; font-size: 13px;">
        Powered by <a target="_blank" href="https://www.odoo.com?utm_source=db&amp;utm_medium=mail" style="color: #875A7B;">Odoo</a>
      </td></tr>
    </table>
</td></tr>
</table>
            </field>
            <field name="lang">${object.partner_id.lang}</field>
            <field name="auto_delete" eval="True"/>
        </record>
    </data>
</odoo>
