<?xml version="1.0" encoding="utf-8"?>
<odoo>
    <data noupdate="0">
        <record id="group_fsm_user" model="res.groups">
            <field name="name">User</field>
            <field name="category_id" ref="base.module_category_services_field_service"/>
            <field name="implied_ids" eval="[
                (4, ref('hr_timesheet.group_hr_timesheet_user')),
                (4, ref('project.group_project_user'))
                ]"/>
            <field name="users" eval="[(4, ref('base.user_root')), (4, ref('base.user_admin'))]"/>
        </record>

        <record id="group_fsm_manager" model="res.groups">
            <field name="category_id" ref="base.module_category_services_field_service"/>
            <field name="name">Administrator</field>
            <field name="implied_ids" eval="[(4, ref('industry_fsm.group_fsm_user')), (4, ref('project.group_project_manager'))]"/>
            <field name="users" eval="[(4, ref('base.user_root')), (4, ref('base.user_admin'))]"/>
        </record>

        <record id="base.default_user" model="res.users">
            <field name="groups_id" eval="[(4, ref('industry_fsm.group_fsm_manager'))]"/>
        </record>
    </data>
</odoo>
