<?xml version="1.0" encoding="utf-8"?>
<odoo>
<data noupdate="1">

    <record id="planning.planning_rule_internal_user_read" model="ir.rule">
        <field name="name">Planning: internal user can only see their own published shifts and shifts linked to project that they can see</field>
        <field name="model_id" ref="planning.model_planning_slot"/>
        <field name="domain_force">[
            ('user_id', '=', user.id), ('is_published', '=', True),
            '|',
                ('project_id', '=', False),
                '|', '|',
                    ('project_id.privacy_visibility', '!=', 'followers'),
                    ('project_id.allowed_internal_user_ids', 'in', user.ids),
                    ('task_id.allowed_user_ids', 'in', user.ids),
                                    ]</field>
        <field name="perm_read" eval="True"/>
        <field name="perm_write" eval="False"/>
        <field name="perm_create" eval="False"/>
        <field name="perm_unlink" eval="False"/>
        <field name="groups" eval="[(4,ref('base.group_user'))]"/>
    </record>

    <record id="planning.planning_rule_user_is_published" model="ir.rule">
        <field name="name">Planning: user can only see published shifts and shifts linked to project that they can see</field>
        <field name="model_id" ref="planning.model_planning_slot"/>
        <field name="domain_force">[
        ('is_published', '=', True),
            '|',
                ('project_id', '=', False),
                '|', '|',
                    ('project_id.privacy_visibility', '!=', 'followers'),
                    ('project_id.allowed_internal_user_ids', 'in', user.ids),
                    ('task_id.allowed_user_ids', 'in', user.ids),
                                    ]</field>
        <field name="perm_read" eval="True"/>
        <field name="perm_write" eval="False"/>
        <field name="perm_create" eval="False"/>
        <field name="perm_unlink" eval="False"/>
        <field name="groups" eval="[(4,ref('planning.group_planning_user'))]"/>
    </record>

    <record id="planning_rule_project_adminis_published" model="ir.rule">
        <field name="name">Planning: Project Admin can only see published shifts</field>
        <field name="model_id" ref="planning.model_planning_slot"/>
        <field name="domain_force">[('is_published', '=', True)]</field>
        <field name="perm_read" eval="True"/>
        <field name="perm_write" eval="False"/>
        <field name="perm_create" eval="False"/>
        <field name="perm_unlink" eval="False"/>
        <field name="groups" eval="[(4,ref('project.group_project_manager'))]"/>
    </record>

</data>
</odoo>
