<?xml version="1.0" encoding="utf-8"?>
<odoo>
    <data noupdate="1">
        <record id="mrp_workorder.test_type_register_consumed_materials" model="quality.point.test_type">
            <field name="name">Register Consumed Materials</field>
            <field name="technical_name">register_consumed_materials</field>
        </record>

        <record id="mrp_workorder.test_type_register_byproducts" model="quality.point.test_type">
            <field name="name">Register By-products</field>
            <field name="technical_name">register_byproducts</field>
            <field name="active" eval="False"/>
        </record>

        <record id="mrp_workorder.test_type_print_label" model="quality.point.test_type">
            <field name="name">Print label</field>
            <field name="technical_name">print_label</field>
        </record>
    </data>
</odoo>