<?xml version="1.0" encoding="utf-8"?>
<odoo>
    <data noupdate="1">

        <!-- Email Reminder Cron -->
        <record id="timesheet_reminder_user" model="ir.cron" forcecreate="True">
            <field name="name">Timesheet: Employees Email Reminder</field>
            <field name="model_id" ref="base.model_res_company"/>
            <field name="state">code</field>
            <field name="code">model._cron_timesheet_reminder_employee()</field>
            <field name="user_id" ref="base.user_root"/>
            <field name="interval_number">1</field>
            <field name="interval_type">days</field>
            <field name="numbercall">-1</field>
            <field name="doall" eval="False"/>
            <field name="active" eval="True"/>
        </record>

        <record id="timesheet_reminder_manager" model="ir.cron" forcecreate="True">
            <field name="name">Timesheet: Managers Email Reminder</field>
            <field name="model_id" ref="base.model_res_company"/>
            <field name="state">code</field>
            <field name="code">model._cron_timesheet_reminder_manager()</field>
            <field name="user_id" ref="base.user_root"/>
            <field name="interval_number">1</field>
            <field name="interval_type">days</field>
            <field name="numbercall">-1</field>
            <field name="doall" eval="False"/>
            <field name="active" eval="True"/>
        </record>

        <!-- Email template for reminder -->
        <record id="mail_template_timesheet_reminder_user" model="mail.template">
            <field name="name">Timesheet: Employees Reminder</field>
            <field name="model_id" ref="hr.model_hr_employee"/>
            <field name="subject">Reminder to log your timesheets</field>
            <field name="email_from">${(object.user_id.company_id.partner_id.email_formatted or user.email_formatted) | safe}</field>
            <field name="email_to">${object.work_email | safe}</field>
            <field name="body_html" type="html">
<table border="0" cellpadding="0" cellspacing="0" style="padding-top: 16px; background-color: #F1F1F1; font-family:Verdana, Arial,sans-serif; color: #454748; width: 100%; border-collapse:separate;"><tr><td align="center">
<table border="0" cellpadding="0" cellspacing="0" width="590" style="padding: 16px; background-color: white; color: #454748; border-collapse:separate;">
<tbody>
    <!-- HEADER -->
    <tr>
        <td align="center" style="min-width: 590px;">
            <table border="0" cellpadding="0" cellspacing="0" width="590" style="min-width: 590px; background-color: white; padding: 0px 8px 0px 8px; border-collapse:separate;">
                <tr><td valign="middle">
                    <span style="font-size: 10px;">Your Timesheets</span><br/>
                    <span style="font-size: 20px; font-weight: bold;">
                        ${object.name}
                    </span>
                </td><td valign="middle" align="right">
                    <img src="/logo.png?company=${object.company_id.id}" style="padding: 0px; margin: 0px; height: auto; width: 80px;" alt="${object.company_id.name}"/>
                </td></tr>
                <tr><td colspan="2" style="text-align:center;">
                  <hr width="100%" style="background-color:rgb(204,204,204);border:medium none;clear:both;display:block;font-size:0px;min-height:1px;line-height:0; margin: 16px 0px 16px 0px;"/>
                </td></tr>
            </table>
        </td>
    </tr>
    <!-- CONTENT -->
    <tr>
        <td align="center" style="min-width: 590px;">
            <table border="0" cellpadding="0" cellspacing="0" width="590" style="min-width: 590px; background-color: white; padding: 0px 8px 0px 8px; border-collapse:separate;">
                <tr><td valign="top" style="font-size: 13px;">
                    <div>
                        Hello ${object.name},<br/><br/>
                        This is a friendly reminder to log your hours for the period : ${ctx.get('date_start')} - ${ctx.get('date_stop')}.
                        For the time being, you only logged ${ctx.get('timesheet_hours')} hours on the ${ctx.get('working_hours')} requested.<br/>
                        % if ctx.get('action_url'):
                        <div style="margin: 16px 0px 16px 0px;">
                            <a href="${ctx.get('action_url')}"
                                style="background-color: #875A7B; padding: 8px 16px 8px 16px; text-decoration: none; color: #fff; border-radius: 5px; font-size: 13px;">Fill your timesheet</a>
                        </div>
                        % endif
                        <br/>Thank you,<br/>
                        % if user.signature
                            ${user.signature | safe}
                        % endif
                    </div>
                </td></tr>
                <tr><td style="text-align:center;">
                    <hr width="100%" style="background-color:rgb(204,204,204);border:medium none;clear:both;display:block;font-size:0px;min-height:1px;line-height:0; margin: 16px 0px 16px 0px;"/>
                </td></tr>
            </table>
        </td>
    </tr>
    <!-- FOOTER -->
    <tr>
        <td align="center" style="min-width: 590px;">
            <table border="0" cellpadding="0" cellspacing="0" width="590" style="min-width: 590px; background-color: white; font-size: 11px; padding: 0px 8px 0px 8px; border-collapse:separate;">
                <tr><td valign="middle" align="left">
                    ${object.company_id.name}
                </td></tr>
                <tr><td valign="middle" align="left" style="opacity: 0.7;">
                    ${object.company_id.phone}
                    % if object.company_id.email
                        | <a href="'mailto:%s' % ${object.company_id.email}" style="text-decoration:none; color: #454748;">${object.company_id.email}</a>
                    % endif
                    % if object.company_id.website
                        | <a href="'%s' % ${object.company_id.website}" style="text-decoration:none; color: #454748;">
                            ${object.company_id.website}
                        </a>
                    % endif
                </td></tr>
            </table>
        </td>
    </tr>
</tbody>
</table>
</td></tr>
<!-- POWERED BY -->
<tr><td align="center" style="min-width: 590px;">
    <table border="0" cellpadding="0" cellspacing="0" width="590" style="min-width: 590px; background-color: #F1F1F1; color: #454748; padding: 8px; border-collapse:separate;">
      <tr><td style="text-align: center; font-size: 13px;">
        Powered by <a target="_blank" href="https://www.odoo.com?utm_source=db&amp;utm_medium=mail" style="color: #875A7B;">Odoo</a>
      </td></tr>
    </table>
</td></tr>
</table>
            </field>
            <field name="lang">${object.user_id.lang}</field>
            <field name="auto_delete" eval="True"/>
        </record>

        <record id="mail_template_timesheet_reminder_manager" model="mail.template">
            <field name="name">Timesheet: Manager Reminder</field>
            <field name="model_id" ref="hr.model_hr_employee"/>
            <field name="subject">Reminder to validate your team timesheets</field>
            <field name="email_from">${(object.user_id.company_id.partner_id.email_formatted or user.email_formatted) | safe}</field>
            <field name="email_to">${object.user_id.email_formatted | safe}</field>
            <field name="body_html" type="xml">
<table border="0" cellpadding="0" cellspacing="0" style="padding-top: 16px; background-color: #F1F1F1; font-family:Verdana, Arial,sans-serif; color: #454748; width: 100%; border-collapse:separate;"><tr><td align="center">
<table border="0" cellpadding="0" cellspacing="0" width="590" style="padding: 16px; background-color: white; color: #454748; border-collapse:separate;">
<tbody>
    <!-- HEADER -->
    <tr>
        <td align="center" style="min-width: 590px;">
            <table border="0" cellpadding="0" cellspacing="0" width="590" style="min-width: 590px; background-color: white; padding: 0px 8px 0px 8px; border-collapse:separate;">
                <tr><td valign="middle">
                    <span style="font-size: 10px;">Your Timesheets</span><br/>
                    <span style="font-size: 20px; font-weight: bold;">
                        ${object.name}
                    </span>
                </td><td valign="middle" align="right">
                    <img src="/logo.png?company=${object.company_id.id}" style="padding: 0px; margin: 0px; height: auto; width: 80px;" alt="${object.company_id.name}"/>
                </td></tr>
                <tr><td colspan="2" style="text-align:center;">
                <hr width="100%" style="background-color:rgb(204,204,204);border:medium none;clear:both;display:block;font-size:0px;min-height:1px;line-height:0; margin: 16px 0px 16px 0px;"/>
                </td></tr>
            </table>
        </td>
    </tr>
    <!-- CONTENT -->
    <tr>
        <td align="center" style="min-width: 590px;">
            <table border="0" cellpadding="0" cellspacing="0" width="590" style="min-width: 590px; background-color: white; padding: 0px 8px 0px 8px; border-collapse:separate;">
                <tr><td valign="top" style="font-size: 13px;">
                    <div>
                        Hello ${object.name},<br/><br/>
                        This is a friendly reminder to approved your team's hours for the period : ${ctx.get('date_start')} - ${ctx.get('date_stop')}.<br/>
                        % if ctx.get('action_url'):
                        <div style="margin: 16px 0px 16px 0px;">
                            <a href="${ctx.get('action_url')}"
                                style="background-color: #875A7B; padding: 8px 16px 8px 16px; text-decoration: none; color: #fff; border-radius: 5px; font-size: 13px;">Fill your timesheet</a>
                        </div>
                        % endif
                        <br />Thank you,<br/>
                        % if user.signature
                            ${user.signature | safe}
                        % endif
                    </div>
                </td></tr>
                <tr><td style="text-align:center;">
                    <hr width="100%" style="background-color:rgb(204,204,204);border:medium none;clear:both;display:block;font-size:0px;min-height:1px;line-height:0; margin: 16px 0px 16px 0px;"/>
                </td></tr>
            </table>
        </td>
    </tr>
    <!-- FOOTER -->
    <tr>
        <td align="center" style="min-width: 590px;">
            <table border="0" cellpadding="0" cellspacing="0" width="590" style="min-width: 590px; background-color: white; font-size: 11px; padding: 0px 8px 0px 8px; border-collapse:separate;">
                <tr><td valign="middle" align="left">
                    ${object.company_id.name}
                </td></tr>
                <tr><td valign="middle" align="left" style="opacity: 0.7;">
                    ${object.company_id.phone}
                    % if object.company_id.email
                        | <a href="'mailto:%s' % ${object.company_id.email}" style="text-decoration:none; color: #454748;">${object.company_id.email}</a>
                    % endif
                    % if object.company_id.website
                        | <a href="'%s' % ${object.company_id.website}" style="text-decoration:none; color: #454748;">
                        ${object.company_id.website}
                    </a>
                    % endif
                </td></tr>
            </table>
        </td>
    </tr>
</tbody>
</table>
</td></tr>
<!-- POWERED BY -->
<tr><td align="center" style="min-width: 590px;">
    <table border="0" cellpadding="0" cellspacing="0" width="590" style="min-width: 590px; background-color: #F1F1F1; color: #454748; padding: 8px; border-collapse:separate;">
      <tr><td style="text-align: center; font-size: 13px;">
        Powered by <a target="_blank" href="https://www.odoo.com?utm_source=db&amp;utm_medium=mail" style="color: #875A7B;">Odoo</a>
      </td></tr>
    </table>
</td></tr>
</table>
            </field>
            <field name="lang">${object.user_id.lang}</field>
            <field name="auto_delete" eval="True"/>
        </record>

    </data>
</odoo>
