<?xml version="1.0" ?>
<odoo>
    <data noupdate="1">
        <record id="pos_category_fdm" model="pos.category">
          <field name="name">Fiscal category</field>
        </record>

        <record id="product_product_work_in" model="product.product">
            <field name="name">WORK IN</field>
            <field name="standard_price">0.0</field>
            <field name="list_price">0.0</field>
            <field name="type">consu</field>
            <field name="uom_id" ref="uom.product_uom_unit"/>
            <field name="uom_po_id" ref="uom.product_uom_unit"/>
            <field name="available_in_pos">True</field>
            <field name="taxes_id" eval="[]"/>
            <field name="pos_categ_id" ref="pos_category_fdm"/>
        </record>

        <record id="product_product_work_out" model="product.product">
            <field name="name">WORK OUT</field>
            <field name="standard_price">0.0</field>
            <field name="list_price">0.0</field>
            <field name="type">consu</field>
            <field name="uom_id" ref="uom.product_uom_unit"/>
            <field name="uom_po_id" ref="uom.product_uom_unit"/>
            <field name="available_in_pos">True</field>
            <field name="taxes_id" eval="[]"/>
            <field name="pos_categ_id" ref="pos_category_fdm"/>
        </record>

        <function model="product.product" name="set_tax_on_work_in_out" context="{'install_mode' : True}"/>
    </data>
</odoo>
