<?xml version="1.0" encoding="utf-8"?>
<odoo>
    <data noupdate="1">
        <record id="group_sign_employee" model="res.groups">
            <field name="name">Employee: Send file to sign</field>
            <field name="implied_ids" eval="[(4, ref('base.group_user'))]"/>
            <field name="category_id" ref="base.module_category_sales_sign"/>
        </record>

        <record id="group_sign_user" model="res.groups">
            <field name="name">User: Own and Shared Templates</field>
            <field name="implied_ids" eval="[(4, ref('sign.group_sign_employee'))]"/>
            <field name="category_id" ref="base.module_category_sales_sign"/>
        </record>

        <record id="group_sign_manager" model="res.groups">
            <field name="name">Administrator</field>
            <field name="category_id" ref="base.module_category_sales_sign"/>
            <field name="implied_ids" eval="[(4, ref('sign.group_sign_user'))]"/>
            <field name="users" eval="[(4, ref('base.user_root')), (4, ref('base.user_admin'))]"/>
        </record>

        <record id="base.default_user" model="res.users">
            <field name="groups_id" eval="[(4,ref('group_sign_manager'))]"/>
        </record>

        <record id="ir_rule_sign_template_group_sign_user" model="ir.rule">
            <field name="name">sign.template: group_sign_user: Manage favorited templates</field>
            <field name="model_id" ref="sign.model_sign_template"/>
            <field name="domain_force">[('favorited_ids', 'in', user.id)]</field>
            <field name="groups" eval="[(4, ref('sign.group_sign_user'))]"/>
        </record>

        <record id="ir_rule_sign_template_group_sign_employee" model="ir.rule">
            <field name="name">sign.template: group_sign_employee: Manage favorited templates</field>
            <field name="model_id" ref="sign.model_sign_template"/>
            <field name="domain_force">[('favorited_ids', 'in', user.id)]</field>
            <field name="groups" eval="[(4, ref('sign.group_sign_employee'))]"/>
        </record>

        <record id="ir_rule_sign_template_access_group_sign_employee" model="ir.rule">
            <field name="name">sign.template: group_sign_employee: seen template access</field>
            <field name="model_id" ref="sign.model_sign_template"/>
            <field name="domain_force">[('group_ids', 'in', user.groups_id.ids)]</field>
            <field name="groups" eval="[(4, ref('sign.group_sign_employee'))]"/>
        </record>

        <record id="ir_rule_sign_template_item_access_group_sign_employee" model="ir.rule">
            <field name="name">sign.template: group_sign_employee: seen template item access</field>
            <field name="model_id" ref="sign.model_sign_item"/>
            <field name="domain_force">['|', ('template_id.group_ids', 'in', user.groups_id.ids), ('create_uid', '=', user.id)]</field>
            <field name="groups" eval="[(4, ref('sign.group_sign_employee'))]"/>
        </record>

        <record id="ir_rule_sign_template_item_access_group_sign_user" model="ir.rule">
            <field name="name">sign.template: group_sign_user: seen all template item</field>
            <field name="model_id" ref="sign.model_sign_item"/>
            <field name="domain_force">[(1, '=', 1)]</field>
            <field name="groups" eval="[(4, ref('sign.group_sign_user'))]"/>
        </record>

        <record id="ir_rule_sign_template_group_sign_manager" model="ir.rule">
            <field name="name">sign.template: group_sign_manager: Manage all templates</field>
            <field name="model_id" ref="sign.model_sign_template"/>
            <field name="domain_force">[(1, '=', 1)]</field>
            <field name="groups" eval="[(4, ref('sign.group_sign_manager'))]"/>
        </record>

        <record id="ir_rule_sign_request_group_sign_user_create" model="ir.rule">
            <field name="name">sign.request: group_sign_user: Create requests on favorite and public templates</field>
            <field name="model_id" ref="sign.model_sign_request"/>
            <field name="domain_force">['|', ('template_id.favorited_ids', 'in', user.id), ('template_id.privacy', '=', 'employee')]</field>
            <field name="groups" eval="[(4, ref('sign.group_sign_user'))]"/>
            <field name="perm_read" eval="False"/>
            <field name="perm_write" eval="False"/>
            <field name="perm_create" eval="True"/>
            <field name="perm_unlink" eval="False"/>
        </record>

        <record id="ir_rule_sign_request_group_sign_user_modify" model="ir.rule">
            <field name="name">sign.request: group_sign_user: Allow to edit favorited requests</field>
            <field name="model_id" ref="sign.model_sign_request"/>
            <field name="domain_force">[('favorited_ids', 'in', user.id)]</field>
            <field name="groups" eval="[(4, ref('sign.group_sign_user'))]"/>
            <field name="perm_read" eval="True"/>
            <field name="perm_write" eval="True"/>
            <field name="perm_create" eval="False"/>
            <field name="perm_unlink" eval="True"/>
        </record>

        <record id="ir_rule_sign_request_group_sign_employee_modify" model="ir.rule">
            <field name="name">sign.request: group_sign_employee: Allow to edit favorited requests</field>
            <field name="model_id" ref="sign.model_sign_request"/>
            <field name="domain_force">[('favorited_ids', 'in', user.id)]</field>
            <field name="groups" eval="[(4, ref('sign.group_sign_employee'))]"/>
            <field name="perm_read" eval="True"/>
            <field name="perm_write" eval="True"/>
            <field name="perm_create" eval="False"/>
            <field name="perm_unlink" eval="True"/>
        </record>

        <record id="ir_rule_sign_request_group_sign_user_modify" model="ir.rule">
            <field name="name">sign.request: group_sign_user: Read the requests that I follow</field>
            <field name="model_id" ref="sign.model_sign_request"/>
            <field name="domain_force">[('message_partner_ids', 'in', user.partner_id.ids)]</field>
            <field name="groups" eval="[(4, ref('sign.group_sign_user'))]"/>
            <field name="perm_read" eval="True"/>
            <field name="perm_write" eval="True"/>
            <field name="perm_create" eval="False"/>
            <field name="perm_unlink" eval="True"/>
        </record>

        <record id="ir_rule_sign_request_group_sign_employee_modify" model="ir.rule">
            <field name="name">sign.request: group_sign_employee: Read the requests that I follow</field>
            <field name="model_id" ref="sign.model_sign_request"/>
            <field name="domain_force">[('message_partner_ids', 'in', user.partner_id.ids)]</field>
            <field name="groups" eval="[(4, ref('sign.group_sign_employee'))]"/>
            <field name="perm_read" eval="True"/>
            <field name="perm_write" eval="True"/>
            <field name="perm_create" eval="False"/>
            <field name="perm_unlink" eval="True"/>
        </record>

        <record id="ir_rule_sign_request_group_sign_manager" model="ir.rule">
            <field name="name">sign.template: group_sign_manager: Manage all requests</field>
            <field name="model_id" ref="sign.model_sign_request"/>
            <field name="domain_force">[(1, '=', 1)]</field>
            <field name="groups" eval="[(4, ref('sign.group_sign_manager'))]"/>
        </record>

        <record id="ir_rule_sign_log_group_sign_user_modify" model="ir.rule">
            <field name="name">sign.log: group_sign_user: Allow to read logs of own requests</field>
            <field name="model_id" ref="sign.model_sign_log"/>
            <field name="domain_force">[('sign_request_id.favorited_ids', 'in', user.id)]</field>
            <field name="groups" eval="[(4, ref('sign.group_sign_user'))]"/>
            <field name="perm_read" eval="True"/>
            <field name="perm_write" eval="False"/>
            <field name="perm_create" eval="False"/>
            <field name="perm_unlink" eval="False"/>
        </record>

        <record id="ir_rule_sign_log_group_sign_employee_modify" model="ir.rule">
            <field name="name">sign.log: group_sign_employee: Allow to read logs of own requests</field>
            <field name="model_id" ref="sign.model_sign_log"/>
            <field name="domain_force">[('sign_request_id.favorited_ids', 'in', user.id)]</field>
            <field name="groups" eval="[(4, ref('sign.group_sign_employee'))]"/>
            <field name="perm_read" eval="True"/>
            <field name="perm_write" eval="False"/>
            <field name="perm_create" eval="False"/>
            <field name="perm_unlink" eval="False"/>
        </record>

        <record id="ir_rule_sign_log_group_sign_manager" model="ir.rule">
            <field name="name">sign.log: group_sign_manager: See all logs</field>
            <field name="model_id" ref="sign.model_sign_log"/>
            <field name="domain_force">[(1, '=', 1)]</field>
            <field name="groups" eval="[(4, ref('sign.group_sign_manager'))]"/>
            <field name="perm_read" eval="True"/>
            <field name="perm_write" eval="False"/>
            <field name="perm_create" eval="False"/>
            <field name="perm_unlink" eval="False"/>
        </record>

        <!-- Portal Access Rules -->
        <record id="ir_rule_sign_request_portal" model="ir.rule">
            <field name="name">Portal Personal Sign Request</field>
            <field name="model_id" ref="sign.model_sign_request"/>
            <field name="domain_force">[('message_partner_ids','child_of',[user.partner_id.id])]</field>
            <field name="groups" eval="[(4, ref('base.group_portal'))]"/>
            <field name="perm_unlink" eval="False"/>
            <field name="perm_write" eval="True"/>
            <field name="perm_read" eval="True"/>
            <field name="perm_create" eval="False"/>
        </record>

        <record id="sign_request_line_rule_portal" model="ir.rule">
            <field name="name">Portal Sign Requests Line</field>
            <field name="model_id" ref="sign.model_sign_request_item"/>
            <field name="domain_force">[('message_partner_ids','child_of',[user.partner_id.id])]</field>
            <field name="perm_unlink" eval="False"/>
            <field name="perm_write" eval="True"/>
            <field name="perm_read" eval="True"/>
            <field name="perm_create" eval="False"/>
            <field name="groups" eval="[(4, ref('base.group_portal'))]"/>
        </record>

    </data>

</odoo>
