<?xml version="1.0"?>
<odoo>
    <data>

        <record model="crm.team" id="sales_team.team_sales_department">
            <field name="score_team_domain">[['country_id', '=', 'France']]</field>
        </record>
        <record model="crm.team" id="sales_team.salesteam_website_sales">
            <field name="score_team_domain">[['country_id', '=', 'Belgium']]</field>
        </record>

        <!-- Creating salesmen -->
        <record id="website_crm_score_partner_0" model="res.partner">
            <field name="name">Toni Buchanan</field>
            <field name="email">Toni.Buchanan@yourcompany.com</field>
            <field name="city">Vivegnis</field>
            <field name="zip">4683</field>
            <field name="country_id" ref="base.be"/>
            <field name="street">Rue Cesar de Paepe, 43</field>
        </record>
        <record id="website_crm_score_user_0" model="res.users" context="{'no_reset_password': True}">
            <field name="partner_id" ref="website_crm_score_partner_0"/>
            <field name="login">tbuchanan</field>
            <field name="groups_id" eval="[(5,)]"/>
        </record>

        <record id="website_crm_score_partner_1" model="res.partner">
            <field name="name">Frances Pierce</field>
            <field name="email">Frances.Pierce@yourcompany.com</field>
            <field name="city">Oakland</field>
            <field name="zip">94612</field>
            <field name="country_id" ref="base.be"/>
            <field name="street">4850 Clifford Street</field>
        </record>
        <record id="website_crm_score_user_1" model="res.users" context="{'no_reset_password': True}">
            <field name="partner_id" ref="website_crm_score_partner_1"/>
            <field name="login">fpierce</field>
            <field name="groups_id" eval="[(5,)]"/>
        </record>

        <record id="website_crm_score_partner_2" model="res.partner">
            <field name="name">Camille Watkins</field>
            <field name="email">Camille.Watkins@yourcompany.com</field>
            <field name="city">Houston</field>
            <field name="zip">77036</field>
            <field name="country_id" ref="base.be"/>
            <field name="street">181 Swick Hill Street</field>
        </record>
        <record id="website_crm_score_user_2" model="res.users" context="{'no_reset_password': True}">
            <field name="partner_id" ref="website_crm_score_partner_2"/>
            <field name="login">cwatkins</field>
            <field name="groups_id" eval="[(5,)]"/>
        </record>

        <record id="website_crm_score_partner_3" model="res.partner">
            <field name="name">Judy Garza</field>
            <field name="email">Judy.Garza@yourcompany.example.com</field>
            <field name="city">Daytona Beach</field>
            <field name="zip">32114</field>
            <field name="country_id" ref="base.be"/>
            <field name="street">763 Melm Street</field>
        </record>
        <record id="website_crm_score_user_3" model="res.users" context="{'no_reset_password': True}">
            <field name="partner_id" ref="website_crm_score_partner_3"/>
            <field name="login">jgarza</field>
            <field name="groups_id" eval="[(5,)]"/>
        </record>


        <!-- Assigning salesmen to salesteams -->
        <!-- Team 0 -->
        <record id="website_crm_score_team_user_0" model="team.user">
            <field name="user_id" ref="website_crm_score_user_0"/>
            <field name="team_id" ref="sales_team.team_sales_department"/>
            <field name="maximum_user_leads">2</field>
            <field name="team_user_domain">['|', ['country_id', '=', 'Belgium'], ['country_id', '=', 'France']]</field>
        </record>
        <record id="website_crm_score_team_user_1" model="team.user">
            <field name="user_id" ref="website_crm_score_user_2"/>
            <field name="team_id" ref="sales_team.team_sales_department"/>
            <field name="maximum_user_leads">1</field>
            <field name="team_user_domain">[['country_id', '!=', 'Belgium']]</field>
        </record>

        <!-- Team 1 -->
        <record id="website_crm_score_team_user_3" model="team.user">
            <field name="user_id" ref="website_crm_score_user_1"/>
            <field name="team_id" ref="sales_team.salesteam_website_sales"/>
            <field name="maximum_user_leads">1</field>
        </record>
        <record id="website_crm_score_team_user_4" model="team.user">
            <field name="user_id" ref="website_crm_score_user_3"/>
            <field name="team_id" ref="sales_team.salesteam_website_sales"/>
            <field name="maximum_user_leads">2</field>
            <field name="team_user_domain">['&amp;', ['lang_id', '=', 'English'], ['country_id', '=', 'Belgium']]</field>
        </record>

        <!-- Team 3 -->
        <record id="website_crm_score_team_user_6" model="team.user">
            <field name="user_id" ref="website_crm_score_user_3"/>
            <field name="team_id" ref="sales_team.crm_team_1"/>
            <field name="maximum_user_leads">1</field>
        </record>

        <!-- Team 4 -->
        <record id="website_crm_score_team_user_7" model="team.user">
            <field name="user_id" ref="website_crm_score_user_2"/>
            <field name="team_id" ref="sales_team.crm_team_1"/>
            <field name="maximum_user_leads">3</field>
            <field name="team_user_domain">[['country_id', '=', 'France']]</field>
        </record>

        <!-- Scores -->
         <record id="website_crm_score_score_0" model="website.crm.score">
            <field name="name">Belgium Score</field>
            <field name="value">8</field>
            <field name="domain">[['country_id', '=', 'Belgium']]</field>
        </record>
        <record id="website_crm_score_score_1" model="website.crm.score">
            <field name="name">English Score</field>
            <field name="value">4</field>
            <field name="domain">[['lang_id', '=', 'English']]</field>
        </record>
        <record id="website_crm_score_score_2" model="website.crm.score">
            <field name="name">France Score</field>
            <field name="value">2</field>
            <field name="domain">[['country_id', '=', 'France']]</field>
        </record>
        <record id="website_crm_score_score_3" model="website.crm.score">
            <field name="name">Not China Score</field>
            <field name="value">1</field>
            <field name="domain">[['country_id', '!=', 'China']]</field>
        </record>
        <record id="website_crm_score_score_6" model="website.crm.score">
            <field name="name">Email</field>
            <field name="value">8</field>
            <field name="domain">[['email_from', '!=', False]]</field>
        </record>
        <record id="website_crm_score_score_7" model="website.crm.score">
            <field name="name">US Score</field>
            <field name="value">4</field>
            <field name="domain">[['country_id', '=', 'United States']]</field>
        </record>

    </data>
</odoo>
