<?xml version="1.0" encoding="utf-8"?>
<odoo>
    <data noupdate="1">

        <record id="fsm_worksheet_template" model="project.worksheet.template">
            <field name="name">Default Worksheet</field>
            <field name="color">2</field>
        </record>

        <record id="mail_template_data_send_report" model="mail.template">
            <field name="name">Task Report</field>
            <field name="model_id" ref="project.model_project_task"/>
            <field name="subject">${object.name} Report</field>
            <field name="email_to">${(object.partner_id.email_formatted) |safe}</field>
            <field name="partner_to">${object.partner_id.id}</field>
            <field name="lang">${object.partner_id.lang}</field>
            <field name="report_template" ref="task_custom_report"/>
            <field name="report_name">Worksheet ${object.name}${(' - ' + object.partner_id.name) if object.partner_id else ''}.pdf</field>
            <field name="body_html" type="html">
                <p>
                    Dear ${object.partner_id.name or 'Customer'},<br/><br/>
                    Please find attached the worksheet of our onsite operation. <br/><br/>
                    Feel free to contact us if you have any questions.<br/><br/>
                    Best regards,<br/><br/>
                </p>
            </field>
        </record>

    </data>
</odoo>
