<?xml version="1.0" encoding="utf-8"?>
<odoo>
    <record id="action_edit_payslip_lines" model="ir.actions.server">
        <field name="name">Edit Payslip Lines</field>
        <field name="model_id" ref="hr_payroll.model_hr_payslip"/>
        <field name="binding_model_id" ref="hr_payroll.model_hr_payslip"/>
        <field name="binding_view_types">form</field>
        <field name="state">code</field>
        <field name="code">
            action = records.action_edit_payslip_lines()
        </field>
    </record>
</odoo>
