<?xml version="1.0" encoding="utf-8"?>
<odoo>
    <data noupdate="1">

        <!-- activity types -->

        <record id="mail_documents_activity_data_Inbox" model="mail.activity.type">
            <field name="name">Inbox</field>
            <field name="res_model_id" ref="documents.model_documents_document"/>
        </record>

        <record id="mail_documents_activity_data_tv" model="mail.activity.type">
            <field name="name">To validate</field>
            <field name="res_model_id" ref="documents.model_documents_document"/>
        </record>

        <record id="mail_documents_activity_data_md" model="mail.activity.type">
            <field name="name">Requested Document</field>
            <field name="category">upload_file</field>
            <field name="res_model_id" ref="documents.model_documents_document"/>
        </record>

        <!-- Folders -->

        <record id="documents_internal_folder" model="documents.folder">
            <field name="name">Internal</field>
            <field name="description" type="html">
                <p>Categorize, share and keep track of all your internal documents.</p>
                <p>Incoming letters sent to inbox email alias will be added to your inbox automatically.</p>
            </field>
            <field name="sequence">1</field>
        </record>

        <record id="documents_finance_folder" model="documents.folder">
            <field name="name">Finance</field>
            <field name="description" type="html">
                <center>
                    <p>Automate your inbox using scanned documents or emails sent to <strong>inbox-financial</strong> email alias.</p>
                </center>
            </field>
            <field name="sequence">11</field>
        </record>

        <record id="documents_marketing_folder" model="documents.folder">
            <field name="name">Marketing</field>
            <field name="sequence">13</field>
        </record>

        <!-- Facets internal -->

        <record id="documents_internal_status" model="documents.facet">
            <field name="name">Status</field>
            <field name="sequence">1</field>
            <field name="folder_id" ref="documents_internal_folder"/>
        </record>

        <record id="documents_internal_knowledge" model="documents.facet">
            <field name="name">Knowledge</field>
            <field name="sequence">6</field>
            <field name="folder_id" ref="documents_internal_folder"/>
        </record>

        <record id="documents_internal_template" model="documents.facet">
            <field name="name">Templates</field>
            <field name="sequence">6</field>
            <field name="folder_id" ref="documents_internal_folder"/>
        </record>

        <!-- Facets finance -->

        <record id="documents_finance_status" model="documents.facet">
            <field name="name">Status</field>
            <field name="sequence">1</field>
            <field name="folder_id" ref="documents_finance_folder"/>
        </record>

        <record id="documents_finance_documents" model="documents.facet">
            <field name="name">Documents</field>
            <field name="sequence">5</field>
            <field name="folder_id" ref="documents_finance_folder"/>
        </record>

        <record id="documents_finance_fiscal_year" model="documents.facet">
            <field name="name">Fiscal years</field>
            <field name="sequence">5</field>
            <field name="folder_id" ref="documents_finance_folder"/>
        </record>


        <!-- Facets marketing -->

        <record id="documents_marketing_assets" model="documents.facet">
            <field name="name">Assets</field>
            <field name="sequence">5</field>
            <field name="folder_id" ref="documents_marketing_folder"/>
        </record>

        <!-- tags internal -->

        <record id="documents_internal_status_inbox" model="documents.tag">
            <field name="name">Inbox</field>
            <field name="facet_id" ref="documents_internal_status"/>
            <field name="sequence">2</field>
        </record>

        <record id="documents_internal_status_tc" model="documents.tag">
            <field name="name">To Validate</field>
            <field name="facet_id" ref="documents_internal_status"/>
            <field name="sequence">3</field>
        </record>

        <record id="documents_internal_status_validated" model="documents.tag">
            <field name="name">Validated</field>
            <field name="facet_id" ref="documents_internal_status"/>
            <field name="sequence">5</field>
        </record>

        <record id="documents_internal_status_deprecated" model="documents.tag">
            <field name="name">Deprecated</field>
            <field name="facet_id" ref="documents_internal_status"/>
            <field name="sequence">6</field>
        </record>

        <record id="documents_internal_knowledge_hr" model="documents.tag">
            <field name="name">HR</field>
            <field name="facet_id" ref="documents_internal_knowledge"/>
            <field name="sequence">9</field>
        </record>

        <record id="documents_internal_knowledge_sales" model="documents.tag">
            <field name="name">Sales</field>
            <field name="facet_id" ref="documents_internal_knowledge"/>
            <field name="sequence">9</field>
        </record>

        <record id="documents_internal_knowledge_legal" model="documents.tag">
            <field name="name">Legal</field>
            <field name="facet_id" ref="documents_internal_knowledge"/>
            <field name="sequence">9</field>
        </record>

        <record id="documents_internal_knowledge_other" model="documents.tag">
            <field name="name">Other</field>
            <field name="facet_id" ref="documents_internal_knowledge"/>
            <field name="sequence">10</field>
        </record>

        <record id="documents_internal_template_presentations" model="documents.tag">
            <field name="name">Presentations</field>
            <field name="facet_id" ref="documents_internal_template"/>
            <field name="sequence">10</field>
        </record>

        <record id="documents_internal_template_contracts" model="documents.tag">
            <field name="name">Contracts</field>
            <field name="facet_id" ref="documents_internal_template"/>
            <field name="sequence">10</field>
        </record>

        <record id="documents_internal_template_project" model="documents.tag">
            <field name="name">Project</field>
            <field name="facet_id" ref="documents_internal_template"/>
            <field name="sequence">10</field>
        </record>

        <record id="documents_internal_template_text" model="documents.tag">
            <field name="name">Text</field>
            <field name="facet_id" ref="documents_internal_template"/>
            <field name="sequence">10</field>
        </record>

        <!-- tags finance -->

        <record id="documents_finance_status_inbox" model="documents.tag">
            <field name="name">Inbox</field>
            <field name="facet_id" ref="documents_finance_status"/>
            <field name="sequence">6</field>
        </record>

        <record id="documents_finance_status_tc" model="documents.tag">
            <field name="name">To Validate</field>
            <field name="facet_id" ref="documents_finance_status"/>
            <field name="sequence">6</field>
        </record>

        <record id="documents_finance_status_validated" model="documents.tag">
            <field name="name">Validated</field>
            <field name="facet_id" ref="documents_finance_status"/>
            <field name="sequence">6</field>
        </record>

        <record id="documents_finance_documents_bill" model="documents.tag">
            <field name="name">Bill</field>
            <field name="facet_id" ref="documents_finance_documents"/>
            <field name="sequence">5</field>
        </record>

        <record id="documents_finance_documents_expense" model="documents.tag">
            <field name="name">Expense</field>
            <field name="facet_id" ref="documents_finance_documents"/>
            <field name="sequence">6</field>
        </record>

        <record id="documents_finance_documents_vat" model="documents.tag">
            <field name="name">VAT</field>
            <field name="facet_id" ref="documents_finance_documents"/>
            <field name="sequence">7</field>
        </record>

        <record id="documents_finance_documents_fiscal" model="documents.tag">
            <field name="name">Fiscal</field>
            <field name="facet_id" ref="documents_finance_documents"/>
            <field name="sequence">8</field>
        </record>

        <record id="documents_finance_documents_financial" model="documents.tag">
            <field name="name">Financial</field>
            <field name="facet_id" ref="documents_finance_documents"/>
            <field name="sequence">9</field>
        </record>

        <record id="documents_finance_documents_Contracts" model="documents.tag">
            <field name="name">Contracts</field>
            <field name="facet_id" ref="documents_finance_documents"/>
            <field name="sequence">10</field>
        </record>

        <record id="documents_finance_fiscal_year_2018" model="documents.tag">
            <field name="name" eval="str(datetime.now().year)"/>
            <field name="facet_id" ref="documents_finance_fiscal_year"/>
            <field name="sequence">6</field>
        </record>

        <record id="documents_finance_fiscal_year_2017" model="documents.tag">
            <field name="name" eval="str(datetime.now().year-1)"/>
            <field name="facet_id" ref="documents_finance_fiscal_year"/>
            <field name="sequence">5</field>
        </record>

        <!-- tags marketing -->

        <record id="documents_marketing_assets_ads" model="documents.tag">
            <field name="name">Ads</field>
            <field name="facet_id" ref="documents_marketing_assets"/>
            <field name="sequence">10</field>
        </record>

        <record id="documents_marketing_assets_brochures" model="documents.tag">
            <field name="name">Brochures</field>
            <field name="facet_id" ref="documents_marketing_assets"/>
            <field name="sequence">11</field>
        </record>

        <record id="documents_marketing_assets_images" model="documents.tag">
            <field name="name">Images</field>
            <field name="facet_id" ref="documents_marketing_assets"/>
            <field name="sequence">12</field>
        </record>

        <record id="documents_marketing_assets_Videos" model="documents.tag">
            <field name="name">Videos</field>
            <field name="facet_id" ref="documents_marketing_assets"/>
            <field name="sequence">13</field>
        </record>

        <!-- share links -->

        <record id="share_account_folder" model="documents.share">
            <field name="name">Inbox Financial</field>
            <field name="alias_name">inbox-financial</field>
            <field name="type">domain</field>
            <field name="folder_id" ref="documents_finance_folder"/>
            <field name="action">downloadupload</field>
            <field name="tag_ids" eval="[(6,0,[ref('documents_finance_status_inbox')])]"/>
            <field name="email_drop">True</field>
            <field name="activity_option">True</field>
            <field name="activity_type_id" ref="mail_documents_activity_data_Inbox"/>
            <field name="activity_date_deadline_range">7</field>
            <field name="activity_date_deadline_range_type">days</field>
        </record>

        <record id="share_internal_folder" model="documents.share">
            <field name="name">Inbox Internal</field>
            <field name="alias_name">inbox</field>
            <field name="type">domain</field>
            <field name="folder_id" ref="documents_internal_folder"/>
            <field name="action">downloadupload</field>
            <field name="tag_ids" eval="[(6,0,[ref('documents_internal_status_inbox')])]"/>
            <field name="email_drop">True</field>
            <field name="activity_option">True</field>
            <field name="activity_type_id" ref="mail_documents_activity_data_Inbox"/>
            <field name="activity_date_deadline_range">7</field>
            <field name="activity_date_deadline_range_type">days</field>
        </record>
    </data>
</odoo>
