<?xml version="1.0" encoding="utf-8"?>
<odoo>
    <data>
        <record id="demo_disallowed_expenses_category_1201" model="account.disallowed.expenses.category">
            <field name="name">Impôts non déductibles</field>
            <field name="code">1201</field>
        </record>
        <record id="demo_disallowed_expenses_category_1202" model="account.disallowed.expenses.category">
            <field name="name">Impôts, taxes et rétributions régionaux</field>
            <field name="code">1202</field>
        </record>
        <record id="demo_disallowed_expenses_category_1203" model="account.disallowed.expenses.category">
            <field name="name">Amendes, pénalités et confiscations de toute nature</field>
            <field name="code">1203</field>
        </record>
        <record id="demo_disallowed_expenses_category_1204" model="account.disallowed.expenses.category">
            <field name="name">Pensions, capitaux, cotisations et primes patronales non déductibles</field>
            <field name="code">1204</field>
        </record>
        <record id="demo_disallowed_expenses_category_1205" model="account.disallowed.expenses.category">
            <field name="name">Frais de voiture et moins-values sur véhicules automobiles non déductibles</field>
            <field name="code">1205</field>
        </record>
        <record id="demo_disallowed_expenses_category_1234" model="account.disallowed.expenses.category">
            <field name="name">Allocations de mobilité non déductibles</field>
            <field name="code">1234</field>
        </record>
        <record id="demo_disallowed_expenses_category_1206" model="account.disallowed.expenses.category">
            <field name="name">Frais de voiture à concurrence d'une quotité de l'avantage de toute nature</field>
            <field name="code">1206</field>
        </record>
        <record id="demo_disallowed_expenses_category_1235" model="account.disallowed.expenses.category">
            <field name="name">Frais de l’allocation de mobilité à concurrence d’une quotité de l’avantage de toute nature</field>
            <field name="code">1235</field>
        </record>
        <record id="demo_disallowed_expenses_category_1207" model="account.disallowed.expenses.category">
            <field name="name">Frais de réception et de cadeaux d'affaires non déductibles</field>
            <field name="code">1207</field>
        </record>
        <record id="demo_disallowed_expenses_category_1208" model="account.disallowed.expenses.category">
            <field name="name">Frais de restaurant non déductibles</field>
            <field name="code">1208</field>
        </record>
        <record id="demo_disallowed_expenses_category_1209" model="account.disallowed.expenses.category">
            <field name="name">Frais de vêtements professionnels non spécifiques</field>
            <field name="code">1209</field>
        </record>
        <record id="demo_disallowed_expenses_category_1210" model="account.disallowed.expenses.category">
            <field name="name">Intérêts exagérés</field>
            <field name="code">1210</field>
        </record>
        <record id="demo_disallowed_expenses_category_1211" model="account.disallowed.expenses.category">
            <field name="name">Intérêts relatifs à une partie de certains emprunts</field>
            <field name="code">1211</field>
        </record>
        <record id="demo_disallowed_expenses_category_1212" model="account.disallowed.expenses.category">
            <field name="name">Avantages anormaux ou bénévoles</field>
            <field name="code">1212</field>
        </record>
        <record id="demo_disallowed_expenses_category_1214" model="account.disallowed.expenses.category">
            <field name="name">Avantages sociaux</field>
            <field name="code">1214</field>
        </record>
        <record id="demo_disallowed_expenses_category_1215" model="account.disallowed.expenses.category">
            <field name="name">Avantages de titres-repas, chèques sport/culture ou éco-chèques</field>
            <field name="code">1215</field>
        </record>
        <record id="demo_disallowed_expenses_category_1216" model="account.disallowed.expenses.category">
            <field name="name">Libéralités</field>
            <field name="code">1216</field>
        </record>
        <record id="demo_disallowed_expenses_category_1217" model="account.disallowed.expenses.category">
            <field name="name">Réductions de valeur et moins-values sur actions ou parts</field>
            <field name="code">1217</field>
        </record>
        <record id="demo_disallowed_expenses_category_1218" model="account.disallowed.expenses.category">
            <field name="name">Reprises d'exonérations antérieures</field>
            <field name="code">1218</field>
        </record>
        <record id="demo_disallowed_expenses_category_1233" model="account.disallowed.expenses.category">
            <field name="name">Participation des travailleurs et primes bénéficiaires</field>
            <field name="code">1233</field>
        </record>
        <record id="demo_disallowed_expenses_category_1220" model="account.disallowed.expenses.category">
            <field name="name">Indemnités pour coupon manquant</field>
            <field name="code">1220</field>
        </record>
        <record id="demo_disallowed_expenses_category_1232" model="account.disallowed.expenses.category">
            <field name="name">Frais d'œuvres agréées tax shelter</field>
            <field name="code">1232</field>
        </record>
        <record id="demo_disallowed_expenses_category_1222" model="account.disallowed.expenses.category">
            <field name="name">Primes, subsides en capital et en intérêt régionaux</field>
            <field name="code">1222</field>
        </record>
        <record id="demo_disallowed_expenses_category_1223" model="account.disallowed.expenses.category">
            <field name="name">Paiements non déductibles vers certains Etats</field>
            <field name="code">1223</field>
        </record>
        <record id="demo_disallowed_expenses_category_1225" model="account.disallowed.expenses.category">
            <field name="name">Dépenses non justifiées</field>
            <field name="code">1225</field>
        </record>
        <record id="demo_disallowed_expenses_category_1230" model="account.disallowed.expenses.category">
            <field name="name">Reprise de déduction pour revenus d’innovation en cas d’étalement des frais historiques </field>
            <field name="code">1230</field>
        </record>
        <record id="demo_disallowed_expenses_category_1231" model="account.disallowed.expenses.category">
            <field name="name">Reprise de déduction pour revenus d’innovation suite au non remploi en dépenses qualifiantes</field>
            <field name="code">1231</field>
        </record>
        <record id="demo_disallowed_expenses_category_1226" model="account.disallowed.expenses.category">
            <field name="name">Corrections positives en application du Régime DiamantDifférence positive entre le bénéfice brut déterminé forfaitairement et le bénéfice brut déterminé comptablement</field>
            <field name="code">1226</field>
        </record>
        <record id="demo_disallowed_expenses_category_1227" model="account.disallowed.expenses.category">
            <field name="name">Réduction de valeur sur stock et frais non déductibles</field>
            <field name="code">1227</field>
        </record>
        <record id="demo_disallowed_expenses_category_1228" model="account.disallowed.expenses.category">
            <field name="name">Différence positive entre la rémunération de référence pour un dirigeant d’entreprise et la rémunération de dirigeant d’entreprise la plus élevée </field>
            <field name="code">1228</field>
        </record>
        <record id="demo_disallowed_expenses_category_1229" model="account.disallowed.expenses.category">
            <field name="name">Correction en fonction du montant minimum du revenu net imposable issu du commerce de diamants </field>
            <field name="code">1229</field>
        </record>
        <record id="demo_disallowed_expenses_category_1239" model="account.disallowed.expenses.category">
            <field name="name">Autres dépenses non admises</field>
            <field name="code">1239</field>
        </record>
    </data>
</odoo>
