<?xml version="1.0" encoding="utf-8"?>
<odoo>
    <record id="account_report_balancesheet" model="account.financial.html.report">
        <field name="name">Balance Sheet</field>
        <field name='parent_id' ref='l10n_mn.account_reports_mn_statements_menu'/>
    </record>
    <record id="report_line_balanceta" model="account.financial.html.report.line">
        <field name="code">MN_TA</field>
        <field name="name">ХӨРӨНГӨ</field>
        <field name="sequence" eval="1"/>
        <field name="level" eval="0"/>
        <field name="formulas">MN_CA + MN_PNCA</field>
        <field name="financial_report_id" ref="account_report_balancesheet"/>
        <field name="show_domain">always</field>
        <field name="special_date_changer">normal</field>
    </record>
    <record id="report_line_balanceca" model="account.financial.html.report.line">
        <field name="code">MN_CA</field>
        <field name="name">Эргэлтийн хөрөнгө</field>
        <field name="sequence" eval="1"/>
        <field name="level" eval="2"/>
        <field name="formulas">MN_MONEY + MN_TREC + MN_TAXREC + MN_OREC + MN_FINASST + MN_PROD + MN_PRE + MN_OCA + MN_SASST</field>
        <field name="parent_id" ref="report_line_balanceta"/>
        <field name="show_domain">always</field>
        <field name="special_date_changer">normal</field>
    </record>
    <record id="report_line_balanceca1" model="account.financial.html.report.line">
        <field name="code">MN_MONEY</field>
        <field name="name">Мөнгө, түүнтэй адилтгах хөрөнгө</field>
        <field name="sequence" eval="1"/>
        <field name="level" eval="3"/>
        <field name="domain" eval="[('account_id.internal_type','=','liquidity')]"/>
        <field name="formulas">sum</field>
        <field name="groupby">account_id</field>
        <field name="parent_id" ref="report_line_balanceca"/>
        <field name="show_domain">foldable</field>
        <field name="special_date_changer">normal</field>
    </record>
    <record id="report_line_balanceca2" model="account.financial.html.report.line">
        <field name="code">MN_TREC</field>
        <field name="name">Дансны авлага</field>
        <field name="sequence" eval="2"/>
        <field name="level" eval="3"/>
        <field name="domain" eval="[('account_id.user_type_id.type', '=', 'receivable'),('account_id.code','=like','1201%')]"/>
        <field name="formulas">sum</field>
        <field name="groupby">account_id</field>
        <field name="parent_id" ref="report_line_balanceca"/>
        <field name="show_domain">foldable</field>
        <field name="special_date_changer">normal</field>
    </record>
    <record id="report_line_balanceca3" model="account.financial.html.report.line">
        <field name="code">MN_TAXREC</field>
        <field name="name">Татвар, НДШ - ийн авлага</field>
        <field name="sequence" eval="3"/>
        <field name="level" eval="3"/>
        <field name="formulas">MN_PRETAX + MN_PREINSU</field>
        <field name="parent_id" ref="report_line_balanceca"/>
        <field name="special_date_changer">normal</field>
    </record>
    <record id="report_line_balanceca31" model="account.financial.html.report.line">
        <field name="code">MN_PRETAX</field>
        <field name="name">Урьдчилж төлсөн татвар</field>
        <field name="sequence" eval="4"/>
        <field name="level" eval="4"/>
        <field name="domain" eval="[('account_id.user_type_id', '=', ref('account.data_account_type_current_assets')),('account_id.code','=like','1204%')]"/>
        <field name="formulas">sum</field>
        <field name="groupby">account_id</field>
        <field name="parent_id" ref="report_line_balanceca"/>
        <field name="show_domain">foldable</field>
        <field name="special_date_changer">normal</field>
    </record>
    <record id="report_line_balanceca32" model="account.financial.html.report.line">
        <field name="code">MN_PREINSU</field>
        <field name="name">Урьдчилж төлсөн даатгал</field>
        <field name="sequence" eval="5"/>
        <field name="level" eval="4"/>
        <field name="domain" eval="[('account_id.user_type_id', '=', ref('account.data_account_type_current_assets')),('account_id.code','=like','1205%')]"/>
        <field name="formulas">sum</field>
        <field name="groupby">account_id</field>
        <field name="parent_id" ref="report_line_balanceca"/>
        <field name="show_domain">foldable</field>
        <field name="special_date_changer">normal</field>
    </record>
    <record id="report_line_balanceca4" model="account.financial.html.report.line">
        <field name="code">MN_OREC</field>
        <field name="name">Бусад авлага</field>
        <field name="sequence" eval="6"/>
        <field name="level" eval="3"/>
        <field name="domain" eval="[('account_id.user_type_id.type', '=', 'receivable'),'|','|',('account_id.code','=like','1206%'),('account_id.code','=like','1202%'),('account_id.code','=like','1203%')]"/>
        <field name="formulas">sum</field>
        <field name="groupby">account_id</field>
        <field name="parent_id" ref="report_line_balanceca"/>
        <field name="show_domain">foldable</field>
        <field name="special_date_changer">normal</field>
    </record>
    <record id="report_line_balanceca5" model="account.financial.html.report.line">
        <field name="code">MN_FINASST</field>
        <field name="name">Бусад санхүүгийн хөрөнгө</field>
        <field name="sequence" eval="7"/>
        <field name="level" eval="3"/>
        <field name="domain" eval="[('account_id.user_type_id', '=', ref('account.data_account_type_current_assets')), ('account_id.code','=like','13%')]"/>
        <field name="formulas">sum</field>
        <field name="groupby">account_id</field>
        <field name="parent_id" ref="report_line_balanceca"/>
        <field name="show_domain">foldable</field>
        <field name="special_date_changer">normal</field>
    </record>
    <record id="report_line_balanceca6" model="account.financial.html.report.line">
        <field name="code">MN_PROD</field>
        <field name="name">Бараа материал</field>
        <field name="sequence" eval="8"/>
        <field name="level" eval="3"/>
        <field name="formulas">MN_FPROD + MN_RAWM + MN_CONSU + MN_NGPROD + MN_AGENCY + MN_PRODROAD</field>
        <field name="parent_id" ref="report_line_balanceca"/>
        <field name="show_domain">always</field>
        <field name="special_date_changer">normal</field>
    </record>
    <record id="report_line_balanceca61" model="account.financial.html.report.line">
        <field name="code">MN_FPROD</field>
        <field name="name">Бараа</field>
        <field name="sequence" eval="9"/>
        <field name="level" eval="4"/>
        <field name="domain" eval="[('account_id.user_type_id', '=', ref('account.data_account_type_current_assets')), ('account_id.code','=like','1401%')]"/>
        <field name="formulas">sum</field>
        <field name="groupby">account_id</field>
        <field name="parent_id" ref="report_line_balanceca"/>
        <field name="show_domain">foldable</field>
        <field name="special_date_changer">normal</field>
    </record>
    <record id="report_line_balanceca62" model="account.financial.html.report.line">
        <field name="code">MN_RAWM</field>
        <field name="name">Түүхий эд материал</field>
        <field name="sequence" eval="10"/>
        <field name="level" eval="4"/>
        <field name="domain" eval="[('account_id.user_type_id', '=', ref('account.data_account_type_current_assets')), ('account_id.code','=like','1402%')]"/>
        <field name="formulas">sum</field>
        <field name="groupby">account_id</field>
        <field name="parent_id" ref="report_line_balanceca"/>
        <field name="show_domain">foldable</field>
        <field name="special_date_changer">normal</field>
    </record>
    <record id="report_line_balanceca63" model="account.financial.html.report.line">
        <field name="code">MN_CONSU</field>
        <field name="name">Хангамжийн материал</field>
        <field name="sequence" eval="11"/>
        <field name="level" eval="4"/>
        <field name="domain" eval="[('account_id.user_type_id', '=', ref('account.data_account_type_current_assets')), ('account_id.code','=like','1403%')]"/>
        <field name="formulas">sum</field>
        <field name="groupby">account_id</field>
        <field name="parent_id" ref="report_line_balanceca"/>
        <field name="show_domain">foldable</field>
        <field name="special_date_changer">normal</field>
    </record>
    <record id="report_line_balanceca64" model="account.financial.html.report.line">
        <field name="code">MN_NGPROD</field>
        <field name="name">Дуусаагүй үйлдвэрлэл</field>
        <field name="sequence" eval="12"/>
        <field name="level" eval="4"/>
        <field name="domain" eval="[('account_id.user_type_id', '=', ref('account.data_account_type_current_assets')), ('account_id.code','=like','1404%')]"/>
        <field name="formulas">sum</field>
        <field name="groupby">account_id</field>
        <field name="parent_id" ref="report_line_balanceca"/>
        <field name="show_domain">foldable</field>
        <field name="special_date_changer">normal</field>
    </record>
    <record id="report_line_balanceca65" model="account.financial.html.report.line">
        <field name="code">MN_AGENCY</field>
        <field name="name">Агентад байгаа бараа</field>
        <field name="sequence" eval="13"/>
        <field name="level" eval="4"/>
        <field name="domain" eval="[('account_id.user_type_id', '=', ref('account.data_account_type_current_assets')), ('account_id.code','=like','1405%')]"/>
        <field name="formulas">sum</field>
        <field name="groupby">account_id</field>
        <field name="parent_id" ref="report_line_balanceca"/>
        <field name="show_domain">foldable</field>
        <field name="special_date_changer">normal</field>
    </record>
    <record id="report_line_balanceca66" model="account.financial.html.report.line">
        <field name="code">MN_PRODROAD</field>
        <field name="name">Замд яваа бараа</field>
        <field name="sequence" eval="14"/>
        <field name="level" eval="4"/>
        <field name="domain" eval="[('account_id.user_type_id', '=', ref('account.data_account_type_current_assets')), ('account_id.code','=like','1406%')]"/>
        <field name="formulas">sum</field>
        <field name="groupby">account_id</field>
        <field name="parent_id" ref="report_line_balanceca"/>
        <field name="show_domain">foldable</field>
        <field name="special_date_changer">normal</field>
    </record>
    <record id="report_line_balanceca7" model="account.financial.html.report.line">
        <field name="code">MN_PRE</field>
        <field name="name">Урьдчилж төлсөн зардал/тооцоо</field>
        <field name="sequence" eval="15"/>
        <field name="level" eval="3"/>
        <field name="formulas">MN_PREEX + MN_PREPAY</field>
        <field name="parent_id" ref="report_line_balanceca"/>
        <field name="special_date_changer">normal</field>
    </record>
    <record id="report_line_balanceca71" model="account.financial.html.report.line">
        <field name="code">MN_PREEX</field>
        <field name="name">Урьдчилж төлсөн зардал</field>
        <field name="sequence" eval="16"/>
        <field name="level" eval="4"/>
        <field name="domain" eval="[('account_id.user_type_id', '=', ref('account.data_account_type_prepayments')), ('account_id.code','=like','1501%')]"/>
        <field name="formulas">sum</field>
        <field name="groupby">account_id</field>
        <field name="parent_id" ref="report_line_balanceca"/>
        <field name="show_domain">foldable</field>
        <field name="special_date_changer">normal</field>
    </record>
    <record id="report_line_balanceca72" model="account.financial.html.report.line">
        <field name="code">MN_PREPAY</field>
        <field name="name">Урьдчилж төлсөн тооцоо</field>
        <field name="sequence" eval="17"/>
        <field name="level" eval="4"/>
        <field name="domain" eval="[('account_id.user_type_id', '=', ref('account.data_account_type_prepayments')), ('account_id.code','=like','1502%')]"/>
        <field name="formulas">sum</field>
        <field name="groupby">account_id</field>
        <field name="parent_id" ref="report_line_balanceca"/>
        <field name="show_domain">foldable</field>
        <field name="special_date_changer">normal</field>
    </record>
    <record id="report_line_balanceca8" model="account.financial.html.report.line">
        <field name="code">MN_OCA</field>
        <field name="name">Бусад эргэлтийн хөрөнгө</field>
        <field name="sequence" eval="18"/>
        <field name="level" eval="3"/>
        <field name="domain" eval="[('account_id.user_type_id', '=', ref('account.data_account_type_current_assets')), ('account_id.code','=like','16%')]"/>
        <field name="formulas">sum</field>
        <field name="groupby">account_id</field>
        <field name="parent_id" ref="report_line_balanceca"/>
        <field name="show_domain">foldable</field>
        <field name="special_date_changer">normal</field>
    </record>
    <record id="report_line_balanceca9" model="account.financial.html.report.line">
        <field name="code">MN_SASST</field>
        <field name="name">Борлуулах зорилгоор эзэмшиж буй эргэлтийн бус хөрөнгө (борлуулах бүлэг хөрөнгө)</field>
        <field name="sequence" eval="19"/>
        <field name="level" eval="3"/>
        <field name="domain" eval="[('account_id.user_type_id', '=', ref('account.data_account_type_current_assets')), ('account_id.code','=like','17%')]"/>
        <field name="formulas">sum</field>
        <field name="groupby">account_id</field>
        <field name="parent_id" ref="report_line_balanceca"/>
        <field name="show_domain">foldable</field>
        <field name="special_date_changer">normal</field>
    </record>
    <record id="report_line_balancenca" model="account.financial.html.report.line">
        <field name="code">MN_PNCA</field>
        <field name="name">Эргэлтийн бус хөрөнгө</field>
        <field name="sequence" eval="2"/>
        <field name="level" eval="2"/>
        <field name="formulas">MN_FA + MN_IA + MN_BA + MN_LTINV + MN_EXASST + MN_DTAX + MN_ONCA</field>
        <field name="parent_id" ref="report_line_balanceta"/>
        <field name="special_date_changer">normal</field>
    </record>
    <record id="report_line_balancenca1" model="account.financial.html.report.line">
        <field name="code">MN_FA</field>
        <field name="name">Үндсэн хөрөнгө</field>
        <field name="sequence" eval="1"/>
        <field name="level" eval="3"/>
        <field name="domain" eval="[('account_id.user_type_id', '=', ref('account.data_account_type_fixed_assets')), ('account_id.code','=like','20%')]"/>
        <field name="formulas">sum</field>
        <field name="groupby">account_id</field>
        <field name="parent_id" ref="report_line_balancenca"/>
        <field name="show_domain">foldable</field>
        <field name="special_date_changer">normal</field>
    </record>
    <record id="report_line_balancenca2" model="account.financial.html.report.line">
        <field name="code">MN_IA</field>
        <field name="name">Биет бус хөрөнгө</field>
        <field name="sequence" eval="2"/>
        <field name="level" eval="3"/>
        <field name="domain" eval="[('account_id.user_type_id', '=', ref('account.data_account_type_fixed_assets')), ('account_id.code','=like','21%')]"/>
        <field name="formulas">sum</field>
        <field name="groupby">account_id</field>
        <field name="parent_id" ref="report_line_balancenca"/>
        <field name="show_domain">foldable</field>
        <field name="special_date_changer">normal</field>
    </record>
    <record id="report_line_balancenca3" model="account.financial.html.report.line">
        <field name="code">MN_BA</field>
        <field name="name">Биологийн хөрөнгө</field>
        <field name="sequence" eval="3"/>
        <field name="level" eval="3"/>
        <field name="domain" eval="[('account_id.user_type_id', '=', ref('account.data_account_type_fixed_assets')), ('account_id.code','=like','24%')]"/>
        <field name="formulas">sum</field>
        <field name="groupby">account_id</field>
        <field name="parent_id" ref="report_line_balancenca"/>
        <field name="show_domain">foldable</field>
        <field name="special_date_changer">normal</field>
    </record>
    <record id="report_line_balancenca4" model="account.financial.html.report.line">
        <field name="code">MN_LTINV</field>
        <field name="name">Урт хугацаат хөрөнгө оруулалт</field>
        <field name="sequence" eval="4"/>
        <field name="level" eval="3"/>
        <field name="domain" eval="[('account_id.user_type_id', '=', ref('account.data_account_type_non_current_assets')), ('account_id.code','=like','22%')]"/>
        <field name="formulas">sum</field>
        <field name="groupby">account_id</field>
        <field name="parent_id" ref="report_line_balancenca"/>
        <field name="show_domain">foldable</field>
        <field name="special_date_changer">normal</field>
    </record>
    <record id="report_line_balancenca5" model="account.financial.html.report.line">
        <field name="code">MN_EXASST</field>
        <field name="name">Хайгуул ба үнэлгээний хөрөнгө</field>
        <field name="sequence" eval="5"/>
        <field name="level" eval="3"/>
        <field name="domain" eval="[('account_id.user_type_id', '=', ref('account.data_account_type_non_current_assets')), ('account_id.code','=like','23%')]"/>
        <field name="formulas">sum</field>
        <field name="groupby">account_id</field>
        <field name="parent_id" ref="report_line_balancenca"/>
        <field name="show_domain">foldable</field>
        <field name="special_date_changer">normal</field>
    </record>
    <record id="report_line_balancenca6" model="account.financial.html.report.line">
        <field name="code">MN_DTAX</field>
        <field name="name">Хойшлогдсон татварын хөрөнгө</field>
        <field name="sequence" eval="6"/>
        <field name="level" eval="3"/>
        <field name="domain" eval="[('account_id.user_type_id', '=', ref('account.data_account_type_non_current_assets')), ('account_id.code','=like','25%')]"/>
        <field name="formulas">sum</field>
        <field name="groupby">account_id</field>
        <field name="parent_id" ref="report_line_balancenca"/>
        <field name="show_domain">foldable</field>
        <field name="special_date_changer">normal</field>
    </record>
    <record id="report_line_balancenca7" model="account.financial.html.report.line">
        <field name="code">MN_ONCA</field>
        <field name="name">Бусад эргэлтийн бус хөрөнгө</field>
        <field name="sequence" eval="7"/>
        <field name="level" eval="3"/>
        <field name="domain" eval="[('account_id.user_type_id', '=', ref('account.data_account_type_non_current_assets')),  '|',('account_id.code','=like','26%'),('account_id.code','=like','27%')]"/>
        <field name="formulas">sum</field>
        <field name="groupby">account_id</field>
        <field name="parent_id" ref="report_line_balancenca"/>
        <field name="show_domain">foldable</field>
        <field name="special_date_changer">normal</field>
    </record>
    <record id="report_line_balancele" model="account.financial.html.report.line">
        <field name="code">MN_LE</field>
        <field name="name">ӨР ТӨЛБӨР БА ЭЗДИЙН ӨМЧ</field>
        <field name="sequence" eval="2"/>
        <field name="level" eval="0"/>
        <field name="formulas">MN_LIA + MN_EQ</field>
        <field name="financial_report_id" ref="account_report_balancesheet"/>
        <field name="show_domain">always</field>
        <field name="special_date_changer">normal</field>
    </record>
    <record id="report_line_balanceliab" model="account.financial.html.report.line">
        <field name="code">MN_LIA</field>
        <field name="name">Өр төлбөр</field>
        <field name="sequence" eval="1"/>
        <field name="level" eval="2"/>
        <field name="formulas">MN_CLIA + MN_NCLIA</field>
        <field name="parent_id" ref="report_line_balancele"/>
        <field name="show_domain">always</field>
        <field name="special_date_changer">normal</field>
    </record>
    <record id="report_line_balancecliab" model="account.financial.html.report.line">
        <field name="code">MN_CLIA</field>
        <field name="name">Богино хугацаат өр төлбөр</field>
        <field name="sequence" eval="1"/>
        <field name="level" eval="3"/>
        <field name="formulas">MN_TPAY + MN_SPAY + MN_TXPAY + MN_SIFPAY + MN_STLOAN + MN_LIPAY + MN_DIVPAY + MN_PREINC + MN_RESLIA + MN_OCLIA + MN_DEPLIA</field>
        <field name="parent_id" ref="report_line_balanceliab"/>
        <field name="show_domain">always</field>
        <field name="special_date_changer">normal</field>
    </record>
    <record id="report_line_balancecliab1" model="account.financial.html.report.line">
        <field name="code">MN_TPAY</field>
        <field name="name">Дансны өглөг</field>
        <field name="sequence" eval="2"/>
        <field name="level" eval="4"/>
        <field name="domain" eval="[('account_id.user_type_id.type', '=', 'payable'), ('account_id.code', '=like', '31%')]"/>
        <field name="formulas">-sum</field>
        <field name="groupby">account_id</field>
        <field name="parent_id" ref="report_line_balanceliab"/>
        <field name="show_domain">foldable</field>
        <field name="special_date_changer">normal</field>
    </record>
    <record id="report_line_balancecliab2" model="account.financial.html.report.line">
        <field name="code">MN_SPAY</field>
        <field name="name">Цалингийн өглөг</field>
        <field name="sequence" eval="3"/>
        <field name="level" eval="4"/>
        <field name="domain" eval="[('account_id.user_type_id.type', '=', 'payable'), ('account_id.code', '=like', '33%')]"/>
        <field name="formulas">-sum</field>
        <field name="groupby">account_id</field>
        <field name="parent_id" ref="report_line_balanceliab"/>
        <field name="show_domain">foldable</field>
        <field name="special_date_changer">normal</field>
    </record>
    <record id="report_line_balancecliab3" model="account.financial.html.report.line">
        <field name="code">MN_TXPAY</field>
        <field name="name">Татварын өр</field>
        <field name="sequence" eval="4"/>
        <field name="level" eval="4"/>
        <field name="domain" eval="[('account_id.user_type_id', '=', ref('account.data_account_type_current_liabilities')), ('account_id.code', '=like', '3401%')]"/>
        <field name="formulas">-sum</field>
        <field name="groupby">account_id</field>
        <field name="parent_id" ref="report_line_balanceliab"/>
        <field name="show_domain">foldable</field>
        <field name="special_date_changer">normal</field>
    </record>
    <record id="report_line_balancecliab4" model="account.financial.html.report.line">
        <field name="code">MN_SIFPAY</field>
        <field name="name">НДШ-ийн өглөг</field>
        <field name="sequence" eval="5"/>
        <field name="level" eval="4"/>
        <field name="domain" eval="[('account_id.user_type_id', '=', ref('account.data_account_type_current_liabilities')), ('account_id.code', '=like', '3402%')]"/>
        <field name="formulas">-sum</field>
        <field name="groupby">account_id</field>
        <field name="parent_id" ref="report_line_balanceliab"/>
        <field name="show_domain">foldable</field>
        <field name="special_date_changer">normal</field>
    </record>
    <record id="report_line_balancecliab5" model="account.financial.html.report.line">
        <field name="code">MN_STLOAN</field>
        <field name="name">Богино хугацаат зээл</field>
        <field name="sequence" eval="6"/>
        <field name="level" eval="4"/>
        <field name="domain" eval="[('account_id.code', '=like', '3501%')]"/>
        <field name="formulas">-sum</field>
        <field name="groupby">account_id</field>
        <field name="parent_id" ref="report_line_balanceliab"/>
        <field name="show_domain">foldable</field>
        <field name="special_date_changer">normal</field>
    </record>
    <record id="report_line_balancecliab6" model="account.financial.html.report.line">
        <field name="code">MN_LIPAY</field>
        <field name="name">Зээлийн хүүгийн өглөг</field>
        <field name="sequence" eval="7"/>
        <field name="level" eval="4"/>
        <field name="domain" eval="[('account_id.code', '=like', '3502%')]"/>
        <field name="formulas">-sum</field>
        <field name="groupby">account_id</field>
        <field name="parent_id" ref="report_line_balanceliab"/>
        <field name="show_domain">foldable</field>
        <field name="special_date_changer">normal</field>
    </record>
    <record id="report_line_balancecliab7" model="account.financial.html.report.line">
        <field name="code">MN_DIVPAY</field>
        <field name="name">Ногдол ашгийн өглөг</field>
        <field name="sequence" eval="8"/>
        <field name="level" eval="4"/>
        <field name="domain" eval="[('account_id.code', '=like', '36%')]"/>
        <field name="formulas">-sum</field>
        <field name="groupby">account_id</field>
        <field name="parent_id" ref="report_line_balanceliab"/>
        <field name="show_domain">foldable</field>
        <field name="special_date_changer">normal</field>
    </record>
    <record id="report_line_balancecliab8" model="account.financial.html.report.line">
        <field name="code">MN_PREINC</field>
        <field name="name">Урьдчилж орсон орлого</field>
        <field name="sequence" eval="9"/>
        <field name="level" eval="4"/>
        <field name="domain" eval="[('account_id.user_type_id', '=', ref('account.data_account_type_current_liabilities')), ('account_id.code', '=like', '32%')]"/>
        <field name="formulas">-sum</field>
        <field name="groupby">account_id</field>
        <field name="parent_id" ref="report_line_balanceliab"/>
        <field name="show_domain">foldable</field>
        <field name="special_date_changer">normal</field>
    </record>
    <record id="report_line_balancecliab9" model="account.financial.html.report.line">
        <field name="code">MN_RESLIA</field>
        <field name="name">Нөөц өр төлбөр</field>
        <field name="sequence" eval="10"/>
        <field name="level" eval="4"/>
        <field name="domain" eval="[('account_id.code', '=like', '37%')]"/>
        <field name="formulas">-sum</field>
        <field name="groupby">account_id</field>
        <field name="parent_id" ref="report_line_balanceliab"/>
        <field name="show_domain">foldable</field>
        <field name="special_date_changer">normal</field>
    </record>
    <record id="report_line_balancecliab10" model="account.financial.html.report.line">
        <field name="code">MN_OCLIA</field>
        <field name="name">Бусад богино хугацаат өр төлбөр</field>
        <field name="sequence" eval="11"/>
        <field name="level" eval="4"/>
        <field name="domain" eval="[('account_id.code', '=like', '38%')]"/>
        <field name="formulas">-sum</field>
        <field name="groupby">account_id</field>
        <field name="parent_id" ref="report_line_balanceliab"/>
        <field name="show_domain">foldable</field>
        <field name="special_date_changer">normal</field>
    </record>
    <record id="report_line_balancecliab11" model="account.financial.html.report.line">
        <field name="code">MN_DEPLIA</field>
        <field name="name">Борлуулах зорилгоор эзэмшиж буй эргэлтийн бус хөрөнгө (борлуулах бүлэг хөрөнгө) - нд хамаарах өр төлбөр</field>
        <field name="sequence" eval="12"/>
        <field name="level" eval="4"/>
        <field name="domain" eval="[('account_id.code', '=like', '39%')]"/>
        <field name="formulas">-sum</field>
        <field name="groupby">account_id</field>
        <field name="parent_id" ref="report_line_balanceliab"/>
        <field name="show_domain">foldable</field>
        <field name="special_date_changer">normal</field>
    </record>
    <record id="report_line_balancencliab" model="account.financial.html.report.line">
        <field name="code">MN_NCLIA</field>
        <field name="name">Урт хугацаат өр төлбөр</field>
        <field name="sequence" eval="13"/>
        <field name="level" eval="3"/>
        <field name="formulas">MN_LTLOAN + MN_NRESLIA + MN_DTAXPAY + MN_ONCLIA</field>
        <field name="parent_id" ref="report_line_balanceliab"/>
        <field name="show_domain">always</field>
        <field name="special_date_changer">normal</field>
    </record>
    <record id="report_line_balancencliab1" model="account.financial.html.report.line">
        <field name="code">MN_LTLOAN</field>
        <field name="name">Урт хугацаат зээл</field>
        <field name="sequence" eval="14"/>
        <field name="level" eval="4"/>
        <field name="domain" eval="[('account_id.code', '=like', '4001%')]"/>
        <field name="formulas">-sum</field>
        <field name="groupby">account_id</field>
        <field name="parent_id" ref="report_line_balanceliab"/>
        <field name="show_domain">foldable</field>
        <field name="special_date_changer">normal</field>
    </record>
    <record id="report_line_balancencliab2" model="account.financial.html.report.line">
        <field name="code">MN_NRESLIA</field>
        <field name="name">Нөөц өр төлбөр</field>
        <field name="sequence" eval="15"/>
        <field name="level" eval="4"/>
        <field name="domain" eval="[('account_id.code', '=like', '4002%')]"/>
        <field name="formulas">-sum</field>
        <field name="groupby">account_id</field>
        <field name="parent_id" ref="report_line_balanceliab"/>
        <field name="show_domain">foldable</field>
        <field name="special_date_changer">normal</field>
    </record>
    <record id="report_line_balancencliab3" model="account.financial.html.report.line">
        <field name="code">MN_DTAXPAY</field>
        <field name="name">Хойшлогдсон татварын өр</field>
        <field name="sequence" eval="16"/>
        <field name="level" eval="4"/>
        <field name="domain" eval="[('account_id.code', '=like', '4003%')]"/>
        <field name="formulas">-sum</field>
        <field name="groupby">account_id</field>
        <field name="parent_id" ref="report_line_balanceliab"/>
        <field name="show_domain">foldable</field>
        <field name="special_date_changer">normal</field>
    </record>
    <record id="report_line_balancencliab4" model="account.financial.html.report.line">
        <field name="code">MN_ONCLIA</field>
        <field name="name">Бусад урт хугацаат өр төлбөр</field>
        <field name="sequence" eval="17"/>
        <field name="level" eval="4"/>
        <field name="domain" eval="[('account_id.code', '=like', '4009%')]"/>
        <field name="formulas">-sum</field>
        <field name="groupby">account_id</field>
        <field name="parent_id" ref="report_line_balanceliab"/>
        <field name="show_domain">foldable</field>
        <field name="special_date_changer">normal</field>
    </record>
    <record id="report_line_balanceequity" model="account.financial.html.report.line">
        <field name="code">MN_EQ</field>
        <field name="name">Эздийн өмч</field>
        <field name="sequence" eval="2"/>
        <field name="level" eval="2"/>
        <field name="formulas">MN_SEQ + MN_PEQ + MN_PUEQ + MN_STOCK + MN_CAPIT + MN_REVAL + MN_EXHEQ + MN_OEQ + MN_EQPROF</field>
        <field name="parent_id" ref="report_line_balancele"/>
        <field name="show_domain">always</field>
        <field name="special_date_changer">normal</field>
    </record>
    <record id="report_line_balanceequity1" model="account.financial.html.report.line">
        <field name="code">MN_SEQ</field>
        <field name="name">Өмч - Төрийн</field>
        <field name="sequence" eval="1"/>
        <field name="level" eval="3"/>
        <field name="domain" eval="[('account_id.code', '=like', '4101%')]"/>
        <field name="formulas">-sum</field>
        <field name="groupby">account_id</field>
        <field name="parent_id" ref="report_line_balanceequity"/>
        <field name="show_domain">foldable</field>
        <field name="special_date_changer">normal</field>
    </record>
    <record id="report_line_balanceequity2" model="account.financial.html.report.line">
        <field name="code">MN_PEQ</field>
        <field name="name">Өмч - Хувийн</field>
        <field name="sequence" eval="2"/>
        <field name="level" eval="3"/>
        <field name="domain" eval="[('account_id.code', '=like', '4102%')]"/>
        <field name="formulas">-sum</field>
        <field name="groupby">account_id</field>
        <field name="parent_id" ref="report_line_balanceequity"/>
        <field name="show_domain">foldable</field>
        <field name="special_date_changer">normal</field>
    </record>
    <record id="report_line_balanceequity3" model="account.financial.html.report.line">
        <field name="code">MN_PUEQ</field>
        <field name="name">Өмч - Хувьцаат</field>
        <field name="sequence" eval="3"/>
        <field name="level" eval="3"/>
        <field name="domain" eval="[('account_id.code', '=like', '4103%')]"/>
        <field name="formulas">-sum</field>
        <field name="groupby">account_id</field>
        <field name="parent_id" ref="report_line_balanceequity"/>
        <field name="show_domain">foldable</field>
        <field name="special_date_changer">normal</field>
    </record>
    <record id="report_line_balanceequity4" model="account.financial.html.report.line">
        <field name="code">MN_STOCK</field>
        <field name="name">Халаасны хувьцаа</field>
        <field name="sequence" eval="4"/>
        <field name="level" eval="3"/>
        <field name="domain" eval="[('account_id.code', '=like', '42%')]"/>
        <field name="formulas">-sum</field>
        <field name="groupby">account_id</field>
        <field name="parent_id" ref="report_line_balanceequity"/>
        <field name="show_domain">foldable</field>
        <field name="special_date_changer">normal</field>
    </record>
    <record id="report_line_balanceequity5" model="account.financial.html.report.line">
        <field name="code">MN_CAPIT</field>
        <field name="name">Нэмж төлөгдсөн капитал</field>
        <field name="sequence" eval="5"/>
        <field name="level" eval="3"/>
        <field name="domain" eval="[('account_id.code', '=like', '43%')]"/>
        <field name="formulas">-sum</field>
        <field name="groupby">account_id</field>
        <field name="parent_id" ref="report_line_balanceequity"/>
        <field name="show_domain">foldable</field>
        <field name="special_date_changer">normal</field>
    </record>
    <record id="report_line_balanceequity6" model="account.financial.html.report.line">
        <field name="code">MN_REVAL</field>
        <field name="name">Хөрөнгийн дахин үнэлгээний нэмэгдэл</field>
        <field name="sequence" eval="6"/>
        <field name="level" eval="3"/>
        <field name="domain" eval="[('account_id.code', '=like', '44%')]"/>
        <field name="formulas">-sum</field>
        <field name="groupby">account_id</field>
        <field name="parent_id" ref="report_line_balanceequity"/>
        <field name="show_domain">foldable</field>
        <field name="special_date_changer">normal</field>
    </record>
    <record id="report_line_balanceequity7" model="account.financial.html.report.line">
        <field name="code">MN_EXHEQ</field>
        <field name="name">Гадаад валютын хөрвүүлэлтийн нөөц</field>
        <field name="sequence" eval="7"/>
        <field name="level" eval="3"/>
        <field name="domain" eval="[('account_id.code', '=like', '4501%')]"/>
        <field name="formulas">-sum</field>
        <field name="groupby">account_id</field>
        <field name="parent_id" ref="report_line_balanceequity"/>
        <field name="show_domain">foldable</field>
        <field name="special_date_changer">normal</field>
    </record>
    <record id="report_line_balanceequity8" model="account.financial.html.report.line">
        <field name="code">MN_OEQ</field>
        <field name="name">Эздийн өмчийн бусад хэсэг</field>
        <field name="sequence" eval="8"/>
        <field name="level" eval="3"/>
        <field name="domain" eval="[('account_id.code', '=like', '4509%')]"/>
        <field name="formulas">-sum</field>
        <field name="groupby">account_id</field>
        <field name="parent_id" ref="report_line_balanceequity"/>
        <field name="show_domain">foldable</field>
        <field name="special_date_changer">normal</field>
    </record>
    <record id="report_line_balanceequity9" model="account.financial.html.report.line">
        <field name="code">MN_EQPROF</field>
        <field name="name">Хуримтлагдсан ашиг</field>
        <field name="sequence" eval="9"/>
        <field name="level" eval="3"/>
        <field name="domain" eval="[('account_id.code', '=like', '46%')]"/>
        <field name="formulas">-sum</field>
        <field name="groupby">account_id</field>
        <field name="parent_id" ref="report_line_balanceequity"/>
        <field name="show_domain">foldable</field>
        <field name="special_date_changer">normal</field>
    </record>
    <record id="account_financial_report_mn_off_sheet" model="account.financial.html.report.line">
        <field name="name">OFF BALANCE SHEET ACCOUNTS</field>
        <field name="code">MN_OS</field>
        <field name="financial_report_id" ref="account_report_balancesheet"/>
        <field name="domain" eval="[('account_id.user_type_id', '=', ref('account.data_account_off_sheet'))]"/>
        <field name="groupby">account_id</field>
        <field name="formulas">-sum</field>
        <field name="sequence" eval="3"/>
        <field name="level" eval="0"/>
        <field name="hide_if_empty" eval="1"/>
    </record>
</odoo>
