<?xml version="1.0" encoding="utf-8"?>
<odoo>
    <record id="account_reports.account_financial_report_profitandloss0" model="account.financial.html.report">
        <field name="cash_basis" eval="True"/>
    </record>
    <record id="account_reports.account_financial_report_balancesheet0" model="account.financial.html.report">
        <field name="cash_basis" eval="True"/>
    </record>
    <record id="account_reports.account_financial_report_executivesummary0" model="account.financial.html.report">
        <field name="cash_basis" eval="True"/>
    </record>
</odoo>
