<?xml version="1.0" encoding="utf-8"?>
<odoo>
    <data noupdate="1">

        <record id="product.product_product_22" model="product.product">
            <field name="barcode">601647855638</field>
        </record>
        <record id="stock.product_cable_management_box" model="product.product">
            <field name="barcode">601647855631</field>
        </record>
        <record id="product.product_product_24" model="product.product">
            <field name="barcode">601647855633</field>
        </record>
        <record id="product.product_product_12" model="product.product">
            <field name="barcode">601647855634</field>
        </record>
        <record id="product.consu_delivery_01" model="product.product">
            <field name="barcode">601647855635</field>
        </record>
        <record id="product.consu_delivery_02" model="product.product">
            <field name="barcode">601647855636</field>
        </record>
        <record id="product.consu_delivery_02" model="product.product">
            <field name="barcode">601647855637</field>
        </record>
        <record id="product.product_product_13" model="product.product">
            <field name="barcode">601647855640</field>
        </record>
        <record id="product.product_product_4" model="product.product">
            <field name="barcode">601647855641</field>
        </record>
        <record id="product.product_product_4b" model="product.product">
            <field name="barcode">601647855642</field>
        </record>
        <record id="product.product_product_4c" model="product.product">
            <field name="barcode">601647855643</field>
        </record>
        <record id="product.product_product_3" model="product.product">
            <field name="barcode">601647855644</field>
        </record>
        <record id="product.product_product_16" model="product.product">
            <field name="barcode">601647855645</field>
        </record>
        <record id="product.product_product_27" model="product.product">
            <field name="barcode">601647855648</field>
        </record>
        <record id="product.product_product_9" model="product.product">
            <field name="barcode">601647855649</field>
        </record>
        <record id="product.product_product_6" model="product.product">
            <field name="barcode">601647855650</field>
        </record>
        <record id="product.consu_delivery_03" model="product.product">
            <field name="barcode">601647855651</field>
        </record>
        <record id="product.product_product_10" model="product.product">
            <field name="barcode">601647855652</field>
        </record>
        <record id="product.product_product_25" model="product.product">
            <field name="barcode">601647855653</field>
        </record>

        <record id="demo_package" model="stock.quant.package" />

        <record id="stock.lot_product_cable_management" model="stock.production.lot">
            <field name="ref">0000000000017</field>
        </record>

        <record id="stock_barcode.stock_barcode_action_main_menu" model="ir.actions.client">
            <field name="params" eval="{'message_demo_barcodes': True}" />
        </record>
    </data>
</odoo>
