<?xml version="1.0" encoding="UTF-8"?>
<odoo>
    <data>

        <record id="email_template_slot_single" model="mail.template">
            <field name="name">Planning: new single shift</field>
            <field name="email_from">${object.company_id.email_formatted | safe}</field>
            <field name="subject">${ctx.mail_subject}</field>
            <field name="email_to">${ctx.work_email}</field>
            <field name="model_id" ref="model_planning_slot"/>
            <field name="auto_delete" eval="False"/>
            <field name="body_html" type="html">
                <div>
                    <p>Dear ${ctx.employee_name or ''},<br/><br/></p>
                    % if ctx.get('open_shift_available')
                    <p>A new open shift is available:</p>
                    % else
                    <p>You have been assigned the following schedule:</p>
                    % endif
                    <br/>
                    <table style="table-layout: fixed; width: 80%; margin: auto;">
                        <tr>
                            <th style="padding: 5px;text-align: left; width: 15%;">From</th>
                            <td style="padding: 5px;">${ctx.get('start_datetime')}</td>
                        </tr>
                        <tr>
                            <th style="padding: 5px;text-align: left; width: 15%;">To</th>
                            <td style="padding: 5px;">${ctx.get('end_datetime')}</td>
                        </tr>
                        % if object.role_id
                        <tr>
                            <th style="padding: 5px;text-align: left; width: 15%;">Role</th>
                            <td style="padding: 5px;">${object.role_id.name or ''}</td>
                        </tr>
                        % endif
                        % if object.project_id
                        <tr>
                            <th style="padding: 5px;text-align: left; width: 15%;">Project</th>
                            <td style="padding: 5px;">${object.project_id.name or ''}</td>
                        </tr>
                        % endif
                        % if object.task_id
                        <tr>
                            <th style="padding: 5px;text-align: left; width: 15%;">Task</th>
                            <td style="padding: 5px;">${object.task_id.name or ''}</td>
                        </tr>
                        % endif
                        % if object.name
                        <tr>
                            <th style="padding: 5px;text-align: left; width: 15%;">Note</th>
                            <td style="padding: 5px;">${object.name or ''}</td>
                        </tr>
                        % endif
                    </table>
                    % if ctx.get('available_link')
                    <div>
                        <br/>
                        <span>Please, assign yourself if you are available.</span>
                    </div>
                    % endif
                    <div style="text-align: center">
                        % if ctx.get('unavailable_link')
                        <div style="display: inline-block; margin: 15px; text-align: center">
                            <a href="${ctx.unavailable_link}" target="_blank"
                                style="padding: 5px 10px; color: #875A7B; text-decoration: none; background-color: #FFFFFF; border: 1px solid #FFFFFF; border-radius: 3px"
                            >I am unavailable</a>
                        </div>
                        % endif
                        % if ctx.get('available_link')
                        <div style="display: inline-block; margin: 15px; text-align: center">
                            <a href="${ctx.available_link}" target="_blank"
                                style="padding: 5px 10px; color: #875A7B; text-decoration: none; background-color: #FFFFFF; border: 1px solid #FFFFFF; border-radius: 3px"
                            >Assign me this shift</a>
                        </div>
                        % endif
                        % if ctx.get('link')
                        <div style="display: inline-block; margin: 15px; text-align: center">
                            <a href="${ctx.link}" target="_blank"
                                style="padding: 5px 10px; color: #FFFFFF; text-decoration: none; background-color: #875A7B; border: 1px solid #875A7B; border-radius: 3px"
                            >View Planning</a>
                        </div>
                        % endif
                    </div>
                </div>
            </field>
        </record>

        <record id="email_template_planning_planning" model="mail.template">
            <field name="name">Planning: new schedule (multiple shifts)</field>
            <field name="email_from">${object.company_id.email_formatted | safe}</field>
            <field name="subject">Your planning from ${format_date(ctx.get('start_datetime'))} to ${format_date(ctx.get('end_datetime'))}</field>
            <field name="email_to"></field><!-- Set in the code  -->
            <field name="model_id" ref="model_planning_planning"/>
            <field name="auto_delete" eval="False"/><!-- TODO JEM  change this as we are testing -->
            <field name="body_html" type="html">
                <div>
                    <p>
                    % if ctx.get('employee'):
                        Dear ${ctx['employee'].name},
                    % else:
                        Hello,
                    % endif
                        <br/><br/>
                    % if ctx.get('assigned_new_shift'):
                        You have been assigned new shifts:
                    % else:
                        Please, find your planning for the following period:
                    % endif
                    </p>
                    <br/>

                    <table style="table-layout: fixed; width: 80%; margin: auto;">
                        <tr>
                            <th style="padding: 5px;text-align: left; width: 15%;">From</th>
                            <td style="padding: 5px;">${format_date(ctx.get('start_datetime'))}</td>
                        </tr>
                        <tr>
                            <th style="padding: 5px;text-align: left; width: 15%;">To</th>
                            <td style="padding: 5px;">${format_date(ctx.get('end_datetime'))}</td>
                        </tr>
                    </table>

                    % if ctx.get('planning_url'):
                        <div style="margin: 15px;">
                            <a href="${ctx.get('planning_url')}" target="_blank"
                                style="padding: 5px 10px; color: #FFFFFF; text-decoration: none; background-color: #875A7B; border: 1px solid #875A7B; border-radius: 3px">View Your Planning</a>
                        </div>
                    % endif

                    % if ctx.get('slot_unassigned_count'):
                    <div>
                        <p>There are new open shifts available. Please, assign yourself if you are available.</p>
                    </div>
                    % endif

                    % if ctx.get('message'):
                        <p>${ctx['message']}</p>
                    % endif
                </div>
            </field>
        </record>

    </data>
</odoo>
