<?xml version="1.0" encoding="utf-8"?>
<odoo>
    <data noupdate="1">
        <record id="planning_project_stage_0" model="project.task.type">
            <field name="sequence">1</field>
            <field name="name">New</field>
            <field name="legend_blocked">Not validated</field>
        </record>

        <record id="planning_project_stage_1" model="project.task.type">
            <field name="sequence">5</field>
            <field name="name">Done</field>
            <field name="legend_blocked">Not validated</field>
            <field name="is_closed" eval="True"/>
        </record>

        <record id="fsm_project" model="project.project">
            <field name="name">Field Service</field>
            <field name="is_fsm" eval="True"/>
            <field name="allow_timesheets" eval="True"/>
            <field name="allow_timesheet_timer" eval="True"/>
            <field name="type_ids" eval="[(4, ref('planning_project_stage_0')), (4, ref('planning_project_stage_1'))]"/>
        </record>
    </data>
</odoo>
