<?xml version='1.0' encoding='utf-8'?>
<odoo>
<data noupdate="1">
    <record id="res_partner_1" model="res.partner">
        <field name="name">Wood Corner</field>
        <field name="is_company">1</field>
        <field name="image_1920" type="base64" file="base/static/img/res_partner_1-image.png"/>
    </record>

    <record id="res_partner_2" model="res.partner">
        <field name="name">Deco Addict</field>
        <field name="is_company">1</field>
        <field name="image_1920" type="base64" file="base/static/img/res_partner_2-image.png"/>
    </record>
    <record id="res_partner_3" model="res.partner">
        <field name="name">Gemini Furniture</field>
        <field name="is_company">1</field>
        <field name="image_1920" type="base64" file="base/static/img/res_partner_3-image.png"/>
    </record>
    <record id="res_partner_4" model="res.partner">
        <field name="name">Ready Mat</field>
        <field name="is_company">1</field>
        <field name="image_1920" type="base64" file="base/static/img/res_partner_4-image.png"/>
    </record>
    <record id="res_partner_10" model="res.partner">
        <field name="name">The Jackson Group</field>
        <field name="is_company">1</field>
        <field name="image_1920" type="base64" file="base/static/img/res_partner_10-image.jpg"/>
    </record>

    <record id="product_product_4" model="product.product">
        <field name="name">Desk</field>
        <field name="image_1920" type="base64" file="product/static/img/table02.png"/>
    </record>
    <record id="product_product_4b" model="product.product">
        <field name="name">Desk Variant B</field>
        <field name="image_1920" type="base64" file="product/static/img/table04.png"/>
    </record>
    <record id="product_product_4c" model="product.product">
        <field name="name">Desk Variant C</field>
        <field name="image_1920" type="base64" file="product/static/img/table03.png"/>
    </record>
    <record id="product_product_4d" model="product.product">
        <field name="name">Desk Variant D</field>
        <field name="image_1920" type="base64" file="product/static/img/table01.png"/>
    </record>

    <record id="social_account_facebook" model="social.account">
        <field name="name">My Company</field>
        <field name="audience">1836</field>
        <field name="audience_trend">15</field>
        <field name="engagement">18736</field>
        <field name="engagement_trend">4</field>
        <field name="stories">5672</field>
        <field name="stories_trend">-3</field>
        <field name="has_trends" eval="True" />
        <field name="image" type="base64" file="base/static/img/res_partner_2-image.png"/>
        <field name="media_id" ref="social_facebook.social_media_facebook"/>
    </record>

    <record id="social_account_twitter" model="social.account">
        <field name="name">My Company</field>
        <field name="audience">1336</field>
        <field name="engagement">24358</field>
        <field name="stories">7834</field>
        <field name="image" type="base64" file="base/static/img/res_partner_2-image.png"/>
        <field name="media_id" ref="social_twitter.social_media_twitter"/>
    </record>

    <record id="social_twitter_account_1" model="social.twitter.account">
        <field name="name">My Company</field>
        <field name="twitter_id">123456789</field>
        <field name="twitter_searched_by_id" ref="social_account_twitter"/>
    </record>

    <record id="social_account_linkedin" model="social.account">
        <field name="name">My Company</field>
        <field name="audience">1337</field>
        <field name="audience_trend">15</field>
        <field name="engagement">7713</field>
        <field name="engagement_trend">35</field>
        <field name="stories">31337</field>
        <field name="stories_trend">7</field>
        <field name="has_trends" eval="True" />
        <field name="media_id" ref="social_linkedin.social_media_linkedin"/>
        <field name="linkedin_account_urn">urn:li:organization:31337</field>
    </record>

    <record id="social_utm_campaign" model="utm.campaign">
        <field name="name">Social Campaign</field>
        <field name="user_id" ref="base.user_admin" />
    </record>

    <record id="social_post_global" model="social.post">
        <field name="message">Our new product has been released 🎉 Check it out!</field>
        <field name="create_uid" ref="base.user_admin"/>
        <field name="published_date" eval="time.strftime('%Y-01-05 08:00:00')"/>
        <field name="state">posted</field>
        <field name="account_ids" eval="[(6, 0, [ref('social_demo.social_account_facebook'), ref('social_demo.social_account_twitter'), ref('social_demo.social_account_linkedin')])]" />
    </record>

    <record id="social_live_post_linkedin_1" model="social.live.post">
        <field name="state">posted</field>
        <field name="linkedin_post_id">1</field>
        <field name="post_id" ref="social_post_global" />
        <field name="account_id" ref="social_account_linkedin" />
    </record>

    <record id="social_post_global_2" model="social.post">
        <field name="message">Get 20% out of your purchases on https://mycompany.com/shop
Better run to our website while it lasts 🏃</field>
        <field name="create_uid" ref="base.user_admin"/>
        <field name="published_date" eval="time.strftime('%Y-01-07 09:00:00')"/>
        <field name="state">posted</field>
        <field name="utm_campaign_id" ref="social_utm_campaign" />
        <field name="account_ids" eval="[(6, 0, [ref('social_demo.social_account_facebook'), ref('social_demo.social_account_twitter'), ref('social_demo.social_account_linkedin')])]" />
    </record>

    <record id="social_live_post_linkedin_2" model="social.live.post">
        <field name="state">posted</field>
        <field name="linkedin_post_id">2</field>
        <field name="post_id" ref="social_post_global_2" />
        <field name="account_id" ref="social_account_linkedin" />
    </record>

    <record id="social_post_facebook" model="social.post">
        <field name="message">Our company wishes a happy new year to everyone on Facebook!</field>
        <field name="create_uid" ref="base.user_admin"/>
        <field name="published_date" eval="time.strftime('%Y-01-01 00:01:00')"/>
        <field name="state">posted</field>
        <field name="account_ids" eval="[(6, 0, [ref('social_demo.social_account_facebook')])]" />
        <field name="post_method">scheduled</field>
        <field name="scheduled_date" eval="time.strftime('%Y-01-01 00:01:00')"/>
    </record>

    <record id="social_post_twitter" model="social.post">
        <field name="message">Our company wishes a happy new year to everyone on Twitter!</field>
        <field name="create_uid" ref="base.user_admin"/>
        <field name="published_date" eval="time.strftime('%Y-01-01 00:01:00')"/>
        <field name="state">posted</field>
        <field name="account_ids" eval="[(6, 0, [ref('social_demo.social_account_twitter')])]" />
        <field name="post_method">scheduled</field>
        <field name="scheduled_date" eval="time.strftime('%Y-01-01 00:01:00')"/>
    </record>

    <record id="social_stream_facebook_page" model="social.stream">
        <field name="name">Facebook Posts: My Company</field>
        <field name="create_uid" ref="base.user_admin"/>
        <field name="stream_type_id" ref="social_facebook.stream_type_page_posts" />
        <field name="media_id" ref="social_facebook.social_media_facebook" />
        <field name="account_id" ref="social_account_facebook" />
    </record>

    <record id="social_stream_twitter_account" model="social.stream">
        <field name="name">Tweets of: My Company</field>
        <field name="create_uid" ref="base.user_admin"/>
        <field name="stream_type_id" ref="social_twitter.stream_type_twitter_follow" />
        <field name="media_id" ref="social_twitter.social_media_twitter" />
        <field name="account_id" ref="social_account_twitter" />
        <field name="twitter_followed_account_id" ref="social_twitter_account_1"/>
    </record>

    <record id="social_stream_twitter_search" model="social.stream">
        <field name="name">Keyword: #mycompany</field>
        <field name="create_uid" ref="base.user_admin"/>
        <field name="stream_type_id" ref="social_twitter.stream_type_twitter_keyword" />
        <field name="media_id" ref="social_twitter.social_media_twitter" />
        <field name="account_id" ref="social_account_twitter" />
    </record>

    <record id="social_stream_twitter_search_competitor" model="social.stream">
        <field name="name">Keyword: #mycompetitor</field>
        <field name="create_uid" ref="base.user_admin"/>
        <field name="stream_type_id" ref="social_twitter.stream_type_twitter_keyword" />
        <field name="media_id" ref="social_twitter.social_media_twitter" />
        <field name="account_id" ref="social_account_twitter" />
    </record>

    <record id="social_stream_linkedin_page" model="social.stream">
        <field name="name">LinkedIn Posts: My Company</field>
        <field name="create_uid" ref="base.user_admin"/>
        <field name="stream_type_id" ref="social_linkedin.stream_type_linkedin_company_post" />
        <field name="media_id" ref="social_linkedin.social_media_linkedin" />
        <field name="account_id" ref="social_account_linkedin" />
    </record>

    <record id="social_live_post_facebook_1" model="social.live.post">
        <field name="state">posted</field>
        <field name="facebook_post_id">1</field>
        <field name="post_id" ref="social_post_global" />
        <field name="account_id" ref="social_account_facebook" />
        <field name="engagement">7754</field>
    </record>

    <record id="social_stream_post_facebook_1" model="social.stream.post">
        <field name="stream_id" ref="social_stream_facebook_page" />
        <field name="facebook_post_id">1</field>
        <field name="facebook_reach">34618</field>
        <field name="facebook_comments_count">94</field>
        <field name="facebook_shares_count">98</field>
        <field name="facebook_likes_count">7524</field>
        <field name="author_name">My Company Page</field>
        <field name="twitter_profile_image_url" eval="'/web/image/res.users/%s/image_128' % ref('base.user_admin')" />
        <field name="message">Our new product has been released 🎉 Check it out!</field>
        <field name="published_date" eval="time.strftime('%Y-01-05 08:00:00')"/>
    </record>

    <record id="social_live_post_twitter_1" model="social.live.post">
        <field name="state">posted</field>
        <field name="twitter_tweet_id">1</field>
        <field name="post_id" ref="social_post_global" />
        <field name="account_id" ref="social_account_twitter" />
        <field name="engagement">5257</field>
    </record>

    <record id="social_stream_post_twitter_1" model="social.stream.post">
        <field name="stream_id" ref="social_stream_twitter_account" />
        <field name="twitter_tweet_id">1</field>
        <field name="twitter_retweet_count">469</field>
        <field name="twitter_likes_count">5538</field>
        <field name="author_name">My Company Account</field>
        <field name="twitter_profile_image_url" eval="'/web/image/res.users/%s/image_128' % ref('base.user_admin')" />
        <field name="message">Our new product has been released 🎉 Check it out!</field>
        <field name="published_date" eval="time.strftime('%Y-01-05 08:00:00')"/>
    </record>

    <record id="social_live_post_facebook_2" model="social.live.post">
        <field name="state">posted</field>
        <field name="facebook_post_id">2</field>
        <field name="post_id" ref="social_post_facebook" />
        <field name="account_id" ref="social_account_facebook" />
        <field name="engagement">9954</field>
    </record>

    <record id="social_stream_post_facebook_2" model="social.stream.post">
        <field name="stream_id" ref="social_stream_facebook_page" />
        <field name="facebook_post_id">2</field>
        <field name="facebook_reach">47618</field>
        <field name="facebook_comments_count">354</field>
        <field name="facebook_shares_count">5</field>
        <field name="facebook_likes_count">9622</field>
        <field name="author_name">My Company Page</field>
        <field name="twitter_profile_image_url" eval="'/web/image/res.users/%s/image_128' % ref('base.user_admin')" />
        <field name="message">Our company wishes a happy new year to everyone on Facebook!</field>
        <field name="published_date" eval="time.strftime('%Y-01-01 00:01:00')"/>
    </record>

    <record id="social_live_post_twitter_2" model="social.live.post">
        <field name="state">posted</field>
        <field name="twitter_tweet_id">2</field>
        <field name="post_id" ref="social_post_twitter" />
        <field name="account_id" ref="social_account_twitter" />
        <field name="engagement">1567</field>
    </record>

    <record id="social_stream_post_twitter_2" model="social.stream.post">
        <field name="stream_id" ref="social_stream_twitter_account" />
        <field name="twitter_tweet_id">2</field>
        <field name="twitter_retweet_count">3</field>
        <field name="twitter_likes_count">1476</field>
        <field name="author_name">My Company Account</field>
        <field name="twitter_profile_image_url" eval="'/web/image/res.users/%s/image_128' % ref('base.user_admin')" />
        <field name="message">Our company wishes a happy new year to everyone on Twitter!</field>
        <field name="published_date" eval="time.strftime('%Y-01-01 00:01:00')"/>
    </record>

    <record id="social_live_post_facebook_3" model="social.live.post">
        <field name="state">posted</field>
        <field name="facebook_post_id">3</field>
        <field name="post_id" ref="social_post_global_2" />
        <field name="account_id" ref="social_account_facebook" />
        <field name="engagement">9431</field>
    </record>

    <record id="social_stream_post_facebook_3" model="social.stream.post">
        <field name="stream_id" ref="social_stream_facebook_page" />
        <field name="facebook_post_id">3</field>
        <field name="facebook_reach">87618</field>
        <field name="facebook_comments_count">75</field>
        <field name="facebook_shares_count">88</field>
        <field name="facebook_likes_count">9911</field>
        <field name="author_name">My Company Page</field>
        <field name="twitter_profile_image_url" eval="'/web/image/res.users/%s/image_128' % ref('base.user_admin')" />
        <field name="message">Get 20% out of your purchases on https://mycompany.com/shop
Better run to our website while it lasts 🏃</field>
        <field name="published_date" eval="time.strftime('%Y-01-07 09:00:00')"/>
    </record>

    <record id="social_stream_post_linkedin_1" model="social.stream.post">
        <field name="stream_id" ref="social_stream_linkedin_page" />
        <field name="linkedin_post_urn">1</field>
        <field name="linkedin_comments_count">94</field>
        <field name="linkedin_likes_count">4584</field>
        <field name="author_name">My Company Page</field>
        <field name="twitter_profile_image_url" eval="'/web/image/res.users/%s/image_128' % ref('base.user_admin')" />
        <field name="message">Our new product has been released 🎉 Check it out!</field>
        <field name="published_date" eval="time.strftime('%Y-01-05 08:00:00')"/>
        <field name="linkedin_author_urn">XX:XX:XX</field>
    </record>

    <record id="social_stream_post_linkedin_2" model="social.stream.post">
        <field name="stream_id" ref="social_stream_linkedin_page" />
        <field name="linkedin_post_urn">2</field>
        <field name="linkedin_comments_count">77</field>
        <field name="linkedin_likes_count">1325</field>
        <field name="author_name">My Company Page</field>
        <field name="twitter_profile_image_url" eval="'/web/image/res.users/%s/image_128' % ref('base.user_admin')" />
        <field name="message">Get 20% out of your purchases on https://mycompany.com/shop
Better run to our website while it lasts 🏃</field>
        <field name="published_date" eval="time.strftime('%Y-01-04 08:00:00')"/>
        <field name="linkedin_author_urn">XX:XX:XX</field>
    </record>

    <record id="social_stream_post_image_1" model="social.stream.post.image">
        <field name="image_url" eval="'/web/image/product.product/%s/image_512' % ref('social_demo.product_product_4')"></field>
        <field name="stream_post_id" ref="social_stream_post_facebook_3" />
    </record>

    <record id="social_stream_post_image_2" model="social.stream.post.image">
        <field name="image_url" eval="'/web/image/product.product/%s/image_512' % ref('social_demo.product_product_4b')"></field>
        <field name="stream_post_id" ref="social_stream_post_facebook_3" />
    </record>

    <record id="social_stream_post_image_3" model="social.stream.post.image">
        <field name="image_url" eval="'/web/image/product.product/%s/image_512' % ref('social_demo.product_product_4c')"></field>
        <field name="stream_post_id" ref="social_stream_post_facebook_3" />
    </record>

    <record id="social_stream_post_image_4" model="social.stream.post.image">
        <field name="image_url" eval="'/web/image/product.product/%s/image_512' % ref('social_demo.product_product_4d')"></field>
        <field name="stream_post_id" ref="social_stream_post_facebook_3" />
    </record>

    <record id="social_live_post_twitter_3" model="social.live.post">
        <field name="state">posted</field>
        <field name="twitter_tweet_id">3</field>
        <field name="post_id" ref="social_post_global_2" />
        <field name="account_id" ref="social_account_twitter" />
        <field name="engagement">8622</field>
    </record>

    <record id="social_stream_post_twitter_3" model="social.stream.post">
        <field name="stream_id" ref="social_stream_twitter_account" />
        <field name="twitter_tweet_id">3</field>
        <field name="twitter_retweet_count">834</field>
        <field name="twitter_likes_count">9476</field>
        <field name="author_name">My Company Account</field>
        <field name="twitter_profile_image_url" eval="'/web/image/res.users/%s/image_128' % ref('base.user_admin')" />
        <field name="message">Get 20% out of your purchases on https://mycompany.com/shop
Better run to our website while it lasts 🏃</field>
        <field name="published_date" eval="time.strftime('%Y-01-07 09:00:00')"/>
    </record>

    <record id="social_stream_post_image_5" model="social.stream.post.image">
        <field name="image_url" eval="'/web/image/product.product/%s/image_512' % ref('social_demo.product_product_4')"></field>
        <field name="stream_post_id" ref="social_stream_post_twitter_3" />
    </record>

    <record id="social_stream_post_image_6" model="social.stream.post.image">
        <field name="image_url" eval="'/web/image/product.product/%s/image_512' % ref('social_demo.product_product_4b')"></field>
        <field name="stream_post_id" ref="social_stream_post_twitter_3" />
    </record>

    <record id="social_stream_post_image_7" model="social.stream.post.image">
        <field name="image_url" eval="'/web/image/product.product/%s/image_512' % ref('social_demo.product_product_4c')"></field>
        <field name="stream_post_id" ref="social_stream_post_twitter_3" />
    </record>

    <record id="social_stream_post_image_8" model="social.stream.post.image">
        <field name="image_url" eval="'/web/image/product.product/%s/image_512' % ref('social_demo.product_product_4d')"></field>
        <field name="stream_post_id" ref="social_stream_post_twitter_3" />
    </record>

    <record id="social_stream_post_twitter_search_1" model="social.stream.post">
        <field name="stream_id" ref="social_stream_twitter_search" />
        <field name="twitter_retweet_count">53</field>
        <field name="twitter_likes_count">246</field>
        <field name="author_name">The Jackson Group</field>
        <field name="twitter_profile_image_url" eval="'/web/image/res.partner/%s/image_128' % ref('social_demo.res_partner_10')" />
        <field name="message">What a great piece of software! In my opinion everyone should use #mycompany products!</field>
        <field name="published_date" eval="time.strftime('%Y-01-08 08:00:00')"/>
    </record>

    <record id="social_stream_post_twitter_search_2" model="social.stream.post">
        <field name="stream_id" ref="social_stream_twitter_search" />
        <field name="twitter_retweet_count">45</field>
        <field name="twitter_likes_count">159</field>
        <field name="author_name">Ready Mat</field>
        <field name="twitter_profile_image_url" eval="'/web/image/res.partner/%s/image_128' % ref('social_demo.res_partner_4')" />
        <field name="message">Just downloaded the last version of #mycompany software. It's amazing 😱</field>
        <field name="published_date" eval="time.strftime('%Y-02-08 09:34:00')"/>
    </record>

    <record id="social_stream_post_twitter_search_3" model="social.stream.post">
        <field name="stream_id" ref="social_stream_twitter_search" />
        <field name="twitter_retweet_count">27</field>
        <field name="twitter_likes_count">294</field>
        <field name="author_name">Gemini Furniture</field>
        <field name="twitter_profile_image_url" eval="'/web/image/res.partner/%s/image_128' % ref('social_demo.res_partner_3')" />
        <field name="message">Just found a small bug in #mycompany software. Happy to give feedback if you guys are interested.</field>
        <field name="published_date" eval="time.strftime('%Y-04-08 10:24:00')"/>
    </record>

    <record id="social_stream_post_twitter_search_4" model="social.stream.post">
        <field name="stream_id" ref="social_stream_twitter_search" />
        <field name="twitter_retweet_count">35</field>
        <field name="twitter_likes_count">188</field>
        <field name="author_name">Deco Addict</field>
        <field name="twitter_profile_image_url" eval="'/web/image/res.partner/%s/image_128' % ref('social_demo.res_partner_2')" />
        <field name="message">Hello @MyCompany! Started using your software a few days ago. It's been a great experience so far 👍 Can't wait to see what comes up next! #mycompany</field>
        <field name="published_date" eval="time.strftime('%Y-05-08 11:39:00')"/>
    </record>

    <record id="social_stream_post_twitter_search_competitor_1" model="social.stream.post">
        <field name="stream_id" ref="social_stream_twitter_search_competitor" />
        <field name="twitter_retweet_count">1</field>
        <field name="twitter_likes_count">43</field>
        <field name="twitter_user_likes" eval="True" />
        <field name="author_name">Wood Corner</field>
        <field name="twitter_profile_image_url" eval="'/web/image/res.partner/%s/image_128' % ref('social_demo.res_partner_1')" />
        <field name="message">The last version of #mycompetitor software is really disappointing... 😕</field>
        <field name="published_date" eval="time.strftime('%Y-01-08 08:00:00')"/>
    </record>
</data>
</odoo>
