<?xml version="1.0" encoding="utf-8"?>
<odoo noupdate="1">

    <record id="ir_rule_l10n_be_dmfa_multi_company" model="ir.rule">
        <field name="name">HR Payroll BE DMFA: Multi Company</field>
        <field name="model_id" ref="model_l10n_be_dmfa"/>
        <field name="domain_force">[('company_id', 'in', company_ids)]</field>
    </record>
    <record id="ir_rule_l10n_be_dmfa_location_multi_company" model="ir.rule">
        <field name="name">HR Payroll BE DMFA Location: Multi Company</field>
        <field name="model_id" ref="model_l10n_be_dmfa_location_unit"/>
        <field name="domain_force">[('company_id', 'in', company_ids)]</field>
    </record>
    <record id="ir_rule_attachment_salary_report_multi_company" model="ir.rule">
        <field name="name">Attachment of Salary: Multi Company</field>
        <field name="model_id" ref="model_l10n_be_attachment_salary_report"/>
        <field name="domain_force">['|', ('company_id', '=', False), ('company_id', 'in', company_ids)]</field>
    </record>

</odoo>


