<?xml version="1.0" encoding="utf-8"?>
<odoo>
    <data>
        <record id='ir_cron_update_ocr_status' model='ir.cron'>
            <field name='name'>Expense OCR: Update All Status</field>
            <field name='model_id' ref='model_hr_expense'/>
            <field name='state'>code</field>
            <field name='code'>model.check_all_status()</field>
            <field name='interval_number'>30</field>
            <field name='interval_type'>minutes</field>
            <field name='numbercall'>-1</field>
            <field name="doall" eval="False"/>
            <field name="active" eval="True" />
        </record>
    </data>
</odoo>
