<?xml version="1.0" encoding="UTF-8"?>
<templates>

    <t t-name="DocumentsDocumentViewer" t-extend="DocumentViewer">
        <t t-jquery=".o_document_viewer_content_call" t-operation="attributes">
            <attribute name="t-call" value="DocumentViewer.ContentWithPdfSplit"/>
        </t>
    </t>

    <t t-name="DocumentViewer.ContentWithPdfSplit" t-extend="DocumentViewer.Content">
        <t t-jquery=".o_download_btn" t-operation="before">
            <span t-if="!widget.openPdfManager" class="o_documents_split_pdf_area">
                <button t-if="widget.activeAttachment.fileType == 'application/pdf'" class="btn btn-sm btn-primary o_documents_pdf_manager_button" data-toggle="tooltip">
                    Split PDF
                </button>
            </span>
        </t>
    </t>

</templates>
