<?xml version="1.0" encoding="utf-8"?>
<odoo>
    <!-- CONTRIBUTION REGISTERS -->
    <record id="res_partner_onss" model="res.partner">
        <field name="name">Office National de Sécurité Sociale (ONSS)</field>
    </record>
    <record id="res_partner_pp" model="res.partner">
        <field name="name">Fiscal Administration</field>
    </record>
    <record id="res_partner_meal_vouchers" model="res.partner">
        <field name="name">Meal Voucher Vendor</field>
    </record>

    <!-- HR SALARY RULE CATEGORIES-->
    <record id="hr_payroll_head_salary" model="hr.salary.rule.category">
        <field name="name">Gross</field>
        <field name="code">BRUT</field>
    </record>
    <record id="hr_payroll.COMP" model="hr.salary.rule.category">
        <field name="name">Company Part</field>
        <field name="code">COMP. PART</field>
    </record>
    <record id="hr_payroll_head_onss" model="hr.salary.rule.category">
        <field name="name">Worker Social Contribution</field>
        <field name="code">ONSS</field>
        <field name="parent_id" ref="hr_payroll.ALW"/>
    </record>
    <record id="hr_payroll_head_employment_bonus" model="hr.salary.rule.category">
        <field name="name">Employment Bonus</field>
        <field name="code">EmpBonus</field>
        <field name="parent_id" ref="hr_payroll.ALW"/>
    </record>
    <record id="hr_payroll_head_div_impos" model="hr.salary.rule.category">
        <field name="name">Misc. Taxable</field>
        <field name="code">DIV. IMPOS</field>
        <field name="parent_id" ref="hr_payroll.ALW"/>
    </record>
    <record id="hr_payroll_head_pp" model="hr.salary.rule.category">
        <field name="name">Withholding Taxes</field>
        <field name="code">PP</field>
        <field name="parent_id" ref="hr_payroll.DED"/>
    </record>
    <record id="hr_payroll_head_div_net" model="hr.salary.rule.category">
        <field name="name">Misc. Net</field>
        <field name="code">DIV. NET</field>
        <field name="parent_id" ref="hr_payroll.DED"/>
    </record>
    <record id="hr_payroll_head_child_alw" model="hr.salary.rule.category">
        <field name="name">Child Allowance Belgium</field>
        <field name="code">ChA</field>
        <field name="parent_id" ref="hr_payroll.DED"/>
    </record>
    <record id="hr_salary_rule_category_spec_soc_contribution" model="hr.salary.rule.category">
        <field name="name">Special social contribution</field>
        <field name="code">SSC</field>
        <field name="parent_id" ref="hr_payroll.DED"/>
    </record>
    <record id="hr_salary_rule_category_ip_part" model="hr.salary.rule.category">
        <field name="name">IP. Part.</field>
        <field name="code">IP. PART</field>
        <field name="parent_id" ref="hr_payroll.ALW"/>
    </record>
    <record id="hr_salary_rule_category_gross_with_ip" model="hr.salary.rule.category">
        <field name="name">Total Gross</field>
        <field name="code">GROSSIP</field>
    </record>
    <record id="hr_payroll_head_dp" model="hr.salary.rule.category">
        <field name="name">Double Holiday Pay</field>
        <field name="code">DP</field>
    </record>
    <record id="hr_payroll_termination" model="hr.salary.rule.category">
        <field name="name">Annual salary revalued</field>
        <field name="code">REVALUED</field>
    </record>
    <record id="hr_payroll_termination_salary" model="hr.salary.rule.category">
        <field name="name">Notice salary</field>
        <field name="code">NOTICE_SALARY</field>
    </record>
    <record id="hr_payroll_notice_duration" model="hr.salary.rule.category">
        <field name="name">Notice Duration</field>
        <field name="code">NOTICE_DURATION</field>
    </record>
    <record id="hr_payroll_termination_holidays_simple" model="hr.salary.rule.category">
        <field name="name">Terminaison Holidays Simple Pay</field>
        <field name="code">TERMINAISON_SIMPLE</field>
    </record>
    <record id="hr_payroll_termination_holidays_double" model="hr.salary.rule.category">
        <field name="name">Terminaison Holidays Double Pay</field>
        <field name="code">TERMINAISON_DOUBLE</field>
    </record>
    <record id="hr_payroll_termination_holidays" model="hr.salary.rule.category">
        <field name="name">Terminaison Holidays</field>
        <field name="code">TERMINAISON</field>
    </record>
    <record id="hr_salary_rule_category_remuneration" model="hr.salary.rule.category">
        <field name="name">Accounting: Remuneration</field>
        <field name="code">REMUNERATION</field>
    </record>
    <record id="hr_salary_rule_category_owed_remuneration" model="hr.salary.rule.category">
        <field name="name">Accounting: Owed Remuneration</field>
        <field name="code">OWEDREMUNERATION</field>
    </record>
    <record id="hr_salary_rule_category_onss_employer" model="hr.salary.rule.category">
        <field name="name">ONSS (Employer)</field>
        <field name="code">ONSSEMPLOYER</field>
    </record>
    <record id="hr_salary_rule_category_withholding_taxes_total" model="hr.salary.rule.category">
        <field name="name">Withholding Taxes (Total)</field>
        <field name="code">PPTOTAL</field>
    </record>
    <record id="hr_salary_rule_category_onss_total" model="hr.salary.rule.category">
        <field name="name">ONSS (Total)</field>
        <field name="code">ONSSTOTAL</field>
    </record>
    <record id="hr_salary_rule_category_m_onss_total" model="hr.salary.rule.category">
        <field name="name">Special Social Cotisation (Total)</field>
        <field name="code">MONSSTOTAL</field>
    </record>

    <record id="hr_work_entry.work_entry_type_attendance" model="hr.work.entry.type">
        <field name="meal_voucher">True</field>
        <field name="leave_right">True</field>
    </record>
    <record id="hr_work_entry_contract.work_entry_type_leave" model="hr.work.entry.type">
        <field name="leave_right">True</field>
    </record>
    <record id="hr_work_entry_contract.work_entry_type_compensatory" model="hr.work.entry.type">
        <field name="leave_right">True</field>
    </record>
    <record id="hr_work_entry_contract.work_entry_type_home_working" model="hr.work.entry.type">
        <field name="leave_right">True</field>
    </record>
    <record id="hr_work_entry_contract.work_entry_type_sick_leave" model="hr.work.entry.type">
        <field name="leave_right">True</field>
    </record>
    <record id="hr_work_entry_contract.work_entry_type_legal_leave" model="hr.work.entry.type">
        <field name="leave_right">True</field>
    </record>

    <record id="work_entry_type_bank_holiday" model="hr.work.entry.type">
        <field name="name">Public Holiday</field>
        <field name="code">LEAVE500</field>
        <field name="is_leave">True</field>
    </record>

    <record id="work_entry_type_after_contract_public_holiday" model="hr.work.entry.type">
        <field name="name">After Contract Public Holiday</field>
        <field name="code">LEAVE510</field>
        <field name="is_leave">True</field>
    </record>

    <record id="work_entry_type_solicitation_time_off" model="hr.work.entry.type">
        <field name="name">Solicitation Time Off</field>
        <field name="code">LEAVE600</field>
        <field name="is_leave">True</field>
    </record>

    <record id="work_entry_type_training" model="hr.work.entry.type">
        <field name="name">Training</field>
        <field name="meal_voucher">True</field>
        <field name="code">WORK400</field>
    </record>

    <record id="work_entry_type_unjustified_reason" model="hr.work.entry.type">
        <field name="name">Unjustified Reason</field>
        <field name="code">LEAVE700</field>
        <field name="is_leave">True</field>
        <field name="leave_type_ids" eval="[(6,0,[ref('hr_holidays.holiday_status_unpaid')])]"/>
    </record>

    <!-- Default advantage values -->
    <function model="ir.default" name="set" eval="('hr.contract', 'commission_on_target', 0.0)"/>
    <function model="ir.default" name="set" eval="('hr.contract', 'fuel_card', 150.0)"/>
    <function model="ir.default" name="set" eval="('hr.contract', 'representation_fees', 150.0)"/>
    <function model="ir.default" name="set" eval="('hr.contract', 'internet', 38.0)"/>
    <function model="ir.default" name="set" eval="('hr.contract', 'mobile', 30.0)"/>
    <function model="ir.default" name="set" eval="('hr.contract', 'meal_voucher_amount', 7.45)"/>
    <function model="ir.default" name="set" eval="('hr.contract', 'eco_checks', 250.0)"/>
</odoo>
