<?xml version="1.0" encoding="utf-8"?>
<odoo>
    <record id="res_company_be" model="res.company">
        <field name="name">My Belgian Company</field>
        <field name="country_id" ref="base.be"/>
        <field name="currency_id" ref="base.EUR"/>
    </record>
    <record id="base.user_admin" model="res.users">
        <field name="company_ids" eval="[(4, ref('l10n_be_hr_payroll.res_company_be'))]"/>
    </record>
    <record id="base.user_demo" model="res.users">
        <field name="company_ids" eval="[(4, ref('l10n_be_hr_payroll.res_company_be'))]"/>
    </record>
    <record id="holiday_status_cl" model="hr.leave.type">
        <field name="name">Paid Time Off</field>
        <field name="allocation_type">fixed</field>
        <field name="leave_validation_type">both</field>
        <field name="color_name">black</field>
        <field name="leave_notif_subtype_id" ref="hr_holidays.mt_leave"/>
        <field name="allocation_notif_subtype_id" ref="hr_holidays.mt_leave_allocation"/>
        <field name="validity_start" eval="time.strftime('%Y-01-01')"/>
        <field name="company_id" ref="res_company_be"/>
    </record>
</odoo>
