<?xml version="1.0" encoding="UTF-8"?>
<odoo>
    <data noupdate="0">
        <record id="ir_cron_send_daily_sales_book" model="ir.cron">
            <field name="name">1. Cron Job - Run SII Sales Book Report Process</field>
            <field name="interval_number">24</field>
            <field name="interval_type">hours</field>
            <field name="numbercall">-1</field>
            <field name="nextcall" eval="(DateTime.now().replace(hour=12, minute=0) + timedelta(days=1)).strftime('%Y-%m-%d %H:%M:%S')"/>
            <field name="model_id" ref="model_l10n_cl_daily_sales_book"/>
            <field name="state">code</field>
            <field name="code">model._cron_run_sii_sales_book_report_process()</field>
            <field name="active" eval="True"/>
        </record>
        <record id="ir_cron_ask_daily_sales_book_status" model="ir.cron">
            <field name="name">2. Cron Job - Ask for Daily Sales Book status</field>
            <field name="interval_number">8</field>
            <field name="interval_type">hours</field>
            <field name="numbercall">-1</field>
            <field name="model_id" ref="model_l10n_cl_daily_sales_book"/>
            <field name="state">code</field>
            <field name="code">model._cron_ask_daily_sales_book_status()</field>
            <field name="active" eval="True"/>
        </record>
    </data>
</odoo>