<?xml version="1.0" encoding="utf-8"?>

<odoo>
    <record id="account_financial_report_l10n_fr_bilan" model="account.financial.html.report">
        <field name="name">Bilan comptable</field>
        <field name="unfold_all_filter" eval="True"/>
        <field name="date_range" eval="False" />
        <field name="show_journal_filter" eval="True"/>
        <field name='parent_id' ref='l10n_fr.account_reports_fr_statements_menu'/>
    </record>

    <record id="account_financial_report_line_fr_bilan_actif_passif_total" model="account.financial.html.report.line">
        <field name="name">ACTIF - PASSIF</field>
        <field name="code">ACTIF_PASSIF_TOTAL</field>
        <field name="level" eval="0"/>
        <field name="sequence" eval="1"/>
        <field name="financial_report_id" ref="account_financial_report_l10n_fr_bilan"/>
        <field name="formulas">ACTIF_TOT - PASSIF_TOT</field>
    </record>

    <record id="account_financial_report_fr_bilan_actif_total" model="account.financial.html.report.line">
        <field name="name">TOTAL ACTIF (I + II + III + IV + V)</field>
        <field name="code">ACTIF_TOT</field>
        <field name="level" eval="0"/>
        <field name="sequence" eval="1"/>
        <field name="parent_id" ref='account_financial_report_line_fr_bilan_actif_passif_total'/>
        <field name="formulas">ACTIF_TOTAL_I + ACTIF_TOTAL_II + CHARGES_EXERCICES + PRIMES_EMPRUNTS + ECARTS_ACTIF</field>
    </record>

    <record id="account_financial_report_line_01_fr_bilan_actif" model="account.financial.html.report.line">
        <field name="name">Actif</field>
        <field name="code">ACTIF</field>
        <field name="level" eval="1" />
        <field name="sequence" eval="1"/>
        <field name="parent_id" ref='account_financial_report_fr_bilan_actif_total'/>
    </record>

    <record id="account_financial_report_line_02_1_fr_bilan_actif" model="account.financial.html.report.line">
        <field name="name">Capital souscrit - non appelé</field>
        <field name="code">CAPITAL_NON_APPELE</field>
        <field name="level" eval="2" />
        <field name="sequence" eval="1"/>
        <field name="parent_id" ref='account_financial_report_line_01_fr_bilan_actif'/>
        <field name="domain" eval="[('account_id.code', '=like', '109%')]"/>
        <field name="groupby">account_id</field>
        <field name="formulas">sum</field>
    </record>

    <record id="account_financial_report_line_02_2_fr_bilan_actif" model="account.financial.html.report.line">
        <field name="name">Actif immobilisé</field>
        <field name="code">ACTIF_IMMOBILISE</field>
        <field name="level" eval="2" />
        <field name="sequence" eval="2"/>
        <field name="parent_id" ref='account_financial_report_line_01_fr_bilan_actif'/>
    </record>

    <record id="account_financial_report_line_02_3_fr_bilan_actif" model="account.financial.html.report.line">
        <field name="name">Immobilisations incorporelles</field>
        <field name="code">IMMOBILIS_INCORPO</field>
        <field name="level" eval="2" />
        <field name="sequence" eval="3"/>
        <field name="parent_id" ref='account_financial_report_line_01_fr_bilan_actif'/>
    </record>

    <record id="account_financial_report_line_03_0_1_fr_bilan_actif" model="account.financial.html.report.line">
        <field name="name">Frais d'établissement</field>
        <field name="code">FRAIS_ETABLISS</field>
        <field name="level" eval="3" />
        <field name="sequence" eval="1"/>
        <field name="parent_id" ref='account_financial_report_line_02_3_fr_bilan_actif'/>
        <field name="formulas">FRAIS_ETABLISS_BRUT - FRAIS_ETABLISS_AMOR</field>
    </record>

    <record id="account_financial_report_line_03_0_1_brut_fr_bilan_actif" model="account.financial.html.report.line">
        <field name="name">Frais d'établissement - Brut</field>
        <field name="code">FRAIS_ETABLISS_BRUT</field>
        <field name="level" eval="4" />
        <field name="sequence" eval="1"/>
        <field name="parent_id" ref='account_financial_report_line_03_0_1_fr_bilan_actif'/>
        <field name="domain" eval="[('account_id.code', '=like', '201%')]"/>
        <field name="groupby">account_id</field>
        <field name="formulas">sum</field>
        <field name="hide_if_zero" eval="True"/>
    </record>

    <record id="account_financial_report_line_03_0_1_amor_fr_bilan_actif" model="account.financial.html.report.line">
        <field name="name">Frais d'établissement - Amort.</field>
        <field name="code">FRAIS_ETABLISS_AMOR</field>
        <field name="level" eval="4" />
        <field name="sequence" eval="2"/>
        <field name="parent_id" ref='account_financial_report_line_03_0_1_fr_bilan_actif'/>
        <field name="domain" eval="[('account_id.code', '=like', '2801%')]"/>
        <field name="groupby">account_id</field>
        <field name="formulas">- sum</field>
        <field name="hide_if_zero" eval="True"/>
    </record>

    <record id="account_financial_report_line_03_0_2_fr_bilan_actif" model="account.financial.html.report.line">
        <field name="name">Frais de recherche et de développement</field>
        <field name="code">FRAIS_DEVELOPEMENT</field>
        <field name="level" eval="3" />
        <field name="sequence" eval="2"/>
        <field name="parent_id" ref='account_financial_report_line_02_3_fr_bilan_actif'/>
        <field name="formulas">FRAIS_DEVELOPEMENT_BRUT - FRAIS_DEVELOPEMENT_AMOR</field>
    </record>

    <record id="account_financial_report_line_03_0_2_brut_fr_bilan_actif" model="account.financial.html.report.line">
        <field name="name">Frais de recherche et de développement - Brut</field>
        <field name="code">FRAIS_DEVELOPEMENT_BRUT</field>
        <field name="level" eval="4" />
        <field name="sequence" eval="1"/>
        <field name="parent_id" ref='account_financial_report_line_03_0_2_fr_bilan_actif'/>
        <field name="domain" eval="[('account_id.code', '=like', '203%')]"/>
        <field name="groupby">account_id</field>
        <field name="formulas">sum</field>
        <field name="hide_if_zero" eval="True"/>
    </record>

    <record id="account_financial_report_line_03_0_2_amor_fr_bilan_actif" model="account.financial.html.report.line">
        <field name="name">Frais de recherche et de développement - Amort.</field>
        <field name="code">FRAIS_DEVELOPEMENT_AMOR</field>
        <field name="level" eval="4" />
        <field name="sequence" eval="2"/>
        <field name="parent_id" ref='account_financial_report_line_03_0_2_fr_bilan_actif'/>
        <field name="domain" eval="[('account_id.code', '=like', '2803%')]"/>
        <field name="groupby">account_id</field>
        <field name="formulas">- sum</field>
        <field name="hide_if_zero" eval="True"/>
    </record>

    <record id="account_financial_report_line_03_0_3_fr_bilan_actif" model="account.financial.html.report.line">
        <field name="name">Concessions, brevets, licences, marques, droits et valeurs similaires</field>
        <field name="code">CONCESSION_SIMILAIRES</field>
        <field name="level" eval="3" />
        <field name="sequence" eval="3"/>
        <field name="parent_id" ref='account_financial_report_line_02_3_fr_bilan_actif'/>
        <field name="formulas">CONCESSION_SIMILAIRES_BRUT - CONCESSION_SIMILAIRES_AMOR</field>
    </record>

    <record id="account_financial_report_line_03_0_3_brut_fr_bilan_actif" model="account.financial.html.report.line">
        <field name="name">Concessions, brevets, licences, marques, droits et valeurs similaires - Brut</field>
        <field name="code">CONCESSION_SIMILAIRES_BRUT</field>
        <field name="level" eval="4" />
        <field name="sequence" eval="1"/>
        <field name="parent_id" ref='account_financial_report_line_03_0_3_fr_bilan_actif'/>
        <field name="domain" eval="[('account_id.code', '=like', '205%')]"/>
        <field name="formulas">sum</field>
        <field name="hide_if_zero" eval="True"/>
    </record>

    <record id="account_financial_report_line_03_0_3_amor_fr_bilan_actif" model="account.financial.html.report.line">
        <field name="name">Concessions, brevets, licences, marques, droits et valeurs similaires - Amort.</field>
        <field name="code">CONCESSION_SIMILAIRES_AMOR</field>
        <field name="level" eval="4" />
        <field name="sequence" eval="2"/>
        <field name="parent_id" ref='account_financial_report_line_03_0_3_fr_bilan_actif'/>
        <field name="domain" eval="['|', ('account_id.code', '=like', '2805%'),
                                    ('account_id.code', '=like', '2905%')]"/>
        <field name="groupby">account_id</field>
        <field name="formulas">- sum</field>
        <field name="hide_if_zero" eval="True"/>
    </record>

    <record id="account_financial_report_line_03_0_4_fr_bilan_actif" model="account.financial.html.report.line">
        <field name="name">Fonds commercial</field>
        <field name="code">AUTRES_INCORPO</field>
        <field name="level" eval="3" />
        <field name="sequence" eval="4"/>
        <field name="parent_id" ref='account_financial_report_line_02_3_fr_bilan_actif'/>
        <field name="formulas">AUTRES_INCORPO_BRUT - AUTRES_INCORPO_AMOR</field>
    </record>

    <record id="account_financial_report_line_03_0_4_brut_fr_bilan_actif" model="account.financial.html.report.line">
        <field name="name">Fonds commercial - Brut</field>
        <field name="code">AUTRES_INCORPO_BRUT</field>
        <field name="level" eval="4" />
        <field name="sequence" eval="1"/>
        <field name="parent_id" ref='account_financial_report_line_03_0_4_fr_bilan_actif'/>
        <field name="domain" eval="['|', ('account_id.code', '=like', '206%'),
                                   ('account_id.code', '=like', '207%')]"/>
        <field name="groupby">account_id</field>
        <field name="formulas">sum</field>
        <field name="hide_if_zero" eval="True"/>
    </record>

    <record id="account_financial_report_line_03_0_4_amor_fr_bilan_actif" model="account.financial.html.report.line">
        <field name="name">Fonds commercial - Amort.</field>
        <field name="code">AUTRES_INCORPO_AMOR</field>
        <field name="level" eval="4" />
        <field name="sequence" eval="2"/>
        <field name="parent_id" ref='account_financial_report_line_03_0_4_fr_bilan_actif'/>
        <field name="domain" eval="['|', ('account_id.code', '=like', '2807%'),
                                   ('account_id.code', '=like', '2907%')]"/>
        <field name="groupby">account_id</field>
        <field name="formulas">- sum</field>
        <field name="hide_if_zero" eval="True"/>
    </record>

    <record id="account_financial_report_line_03_0_5_fr_bilan_actif" model="account.financial.html.report.line">
        <field name="name">Autres</field>
        <field name="code">FONDS_COMMERCIAL</field>
        <field name="level" eval="3" />
        <field name="sequence" eval="5"/>
        <field name="parent_id" ref='account_financial_report_line_02_3_fr_bilan_actif'/>
        <field name="formulas">FONDS_COMMERCIAL_BRUT - FONDS_COMMERCIAL_AMOR</field>
    </record>

    <record id="account_financial_report_line_03_0_5_brut_fr_bilan_actif" model="account.financial.html.report.line">
        <field name="name">Autres - Brut</field>
        <field name="code">FONDS_COMMERCIAL_BRUT</field>
        <field name="level" eval="4" />
        <field name="sequence" eval="1"/>
        <field name="parent_id" ref='account_financial_report_line_03_0_5_fr_bilan_actif'/>
        <field name="domain" eval="[('account_id.code', '=like', '208%')]"/>
        <field name="groupby">account_id</field>
        <field name="formulas">sum</field>
        <field name="hide_if_zero" eval="True"/>
    </record>

    <record id="account_financial_report_line_03_0_5_amor_fr_bilan_actif" model="account.financial.html.report.line">
        <field name="name">Autres - Amort.</field>
        <field name="code">FONDS_COMMERCIAL_AMOR</field>
        <field name="level" eval="4" />
        <field name="sequence" eval="2"/>
        <field name="parent_id" ref='account_financial_report_line_03_0_5_fr_bilan_actif'/>
        <field name="domain" eval="['|', ('account_id.code', '=like', '2808%'),
                                   ('account_id.code', '=like', '2908%')]"/>
        <field name="groupby">account_id</field>
        <field name="formulas">- sum</field>
        <field name="hide_if_zero" eval="True"/>
    </record>

    <record id="account_financial_report_line_03_0_6_fr_bilan_actif" model="account.financial.html.report.line">
        <field name="name">Immobilisations incorporelles en cours</field>
        <field name="code">IMMOBILIS_COURS</field>
        <field name="level" eval="3" />
        <field name="sequence" eval="6"/>
        <field name="parent_id" ref='account_financial_report_line_02_3_fr_bilan_actif'/>
        <field name="formulas">IMMOBILIS_COURS_BRUT - IMMOBILIS_COURS_AMOR</field>
    </record>

    <record id="account_financial_report_line_03_0_6_brut_fr_bilan_actif" model="account.financial.html.report.line">
        <field name="name">Immobilisations incorporelles en cours - Brut</field>
        <field name="code">IMMOBILIS_COURS_BRUT</field>
        <field name="level" eval="4" />
        <field name="sequence" eval="1"/>
        <field name="parent_id" ref='account_financial_report_line_03_0_6_fr_bilan_actif'/>
        <field name="domain" eval="[('account_id.code', '=like', '232%')]"/>
        <field name="groupby">account_id</field>
        <field name="formulas">sum</field>
        <field name="hide_if_zero" eval="True"/>
    </record>

    <record id="account_financial_report_line_03_0_6_amor_fr_bilan_actif" model="account.financial.html.report.line">
        <field name="name">Immobilisations incorporelles en cours - Amort.</field>
        <field name="code">IMMOBILIS_COURS_AMOR</field>
        <field name="level" eval="4" />
        <field name="sequence" eval="2"/>
        <field name="parent_id" ref='account_financial_report_line_03_0_6_fr_bilan_actif'/>
        <field name="domain" eval="[('account_id.code', '=like', '2932%')]"/>
        <field name="groupby">account_id</field>
        <field name="formulas">- sum</field>
        <field name="hide_if_zero" eval="True"/>
    </record>

    <record id="account_financial_report_line_03_0_7_fr_bilan_actif" model="account.financial.html.report.line">
        <field name="name">Avances et acomptes</field>
        <field name="code">AVANCES_ACOMPTES_CORPORE</field>
        <field name="level" eval="3" />
        <field name="sequence" eval="7"/>
        <field name="parent_id" ref='account_financial_report_line_02_3_fr_bilan_actif'/>
        <field name="formulas">AVANCES_ACOMPTES_INCORPORE_BRUT - AVANCES_ACOMPTES_INCORPORE_AMOR</field>
    </record>

    <record id="account_financial_report_line_03_0_7_brut_fr_bilan_actif" model="account.financial.html.report.line">
        <field name="name">Avances et acomptes - Brut</field>
        <field name="code">AVANCES_ACOMPTES_INCORPORE_BRUT</field>
        <field name="level" eval="4" />
        <field name="sequence" eval="1"/>
        <field name="parent_id" ref='account_financial_report_line_03_0_7_fr_bilan_actif'/>
        <field name="domain" eval="[('account_id.code', '=like', '237%')]"/>
        <field name="groupby">account_id</field>
        <field name="formulas">sum</field>
        <field name="hide_if_zero" eval="True"/>
    </record>

    <record id="account_financial_report_line_03_0_7_amor_fr_bilan_actif" model="account.financial.html.report.line">
        <field name="name">Avances et acomptes - Amort.</field>
        <field name="code">AVANCES_ACOMPTES_INCORPORE_AMOR</field>
        <field name="level" eval="4" />
        <field name="sequence" eval="2"/>
        <field name="parent_id" ref='account_financial_report_line_03_0_7_fr_bilan_actif'/>
        <field name="domain" eval="[('account_id.code', '=like', '2937%')]"/>
        <field name="formulas">- sum</field>
        <field name="hide_if_zero" eval="True"/>
    </record>

    <record id="account_financial_report_line_02_4_fr_bilan_actif" model="account.financial.html.report.line">
        <field name="name">Immobilisations corporelles</field>
        <field name="code">IMMOBILIS_COPORELLES</field>
        <field name="level" eval="2" />
        <field name="sequence" eval="4"/>
        <field name="parent_id" ref='account_financial_report_line_01_fr_bilan_actif'/>
    </record>

    <record id="account_financial_report_line_03_1_1_fr_bilan_actif" model="account.financial.html.report.line">
        <field name="name">Terrains</field>
        <field name="code">TERRAINS</field>
        <field name="level" eval="3" />
        <field name="sequence" eval="1"/>
        <field name="parent_id" ref='account_financial_report_line_02_4_fr_bilan_actif'/>
        <field name="formulas">TERRAINS_BRUT - TERRAINS_AMOR</field>
    </record>

    <record id="account_financial_report_line_03_1_1_brut_fr_bilan_actif" model="account.financial.html.report.line">
        <field name="name">Terrains - Brut</field>
        <field name="code">TERRAINS_BRUT</field>
        <field name="level" eval="4" />
        <field name="sequence" eval="1"/>
        <field name="parent_id" ref='account_financial_report_line_03_1_1_fr_bilan_actif'/>
        <field name="domain" eval="['|', ('account_id.code', '=like', '211%'),
                                   ('account_id.code', '=like', '212%')]"/>
        <field name="groupby">account_id</field>
        <field name="formulas">sum</field>
        <field name="hide_if_zero" eval="True"/>
    </record>

    <record id="account_financial_report_line_03_1_1_amor_fr_bilan_actif" model="account.financial.html.report.line">
        <field name="name">Terrains - Amort.</field>
        <field name="code">TERRAINS_AMOR</field>
        <field name="level" eval="4" />
        <field name="sequence" eval="2"/>
        <field name="parent_id" ref='account_financial_report_line_03_1_1_fr_bilan_actif'/>
        <field name="domain" eval="['|', ('account_id.code', '=like', '2811%'),
                                   '|', ('account_id.code', '=like', '2812%'),
                                   ('account_id.code', '=like', '2911%')]"/>
        <field name="groupby">account_id</field>
        <field name="formulas">- sum</field>
        <field name="hide_if_zero" eval="True"/>
    </record>

    <record id="account_financial_report_line_03_1_2_fr_bilan_actif" model="account.financial.html.report.line">
        <field name="name">Constructions</field>
        <field name="code">CONSTRUCTIONS</field>
        <field name="level" eval="3" />
        <field name="sequence" eval="2"/>
        <field name="parent_id" ref='account_financial_report_line_02_4_fr_bilan_actif'/>
        <field name="formulas">CONSTRUCTIONS_BRUT - CONSTRUCTIONS_AMOR</field>
    </record>

    <record id="account_financial_report_line_03_1_2_brut_fr_bilan_actif" model="account.financial.html.report.line">
        <field name="name">Constructions - Brut</field>
        <field name="code">CONSTRUCTIONS_BRUT</field>
        <field name="level" eval="4" />
        <field name="sequence" eval="1"/>
        <field name="parent_id" ref='account_financial_report_line_03_1_2_fr_bilan_actif'/>
        <field name="domain" eval="['|', ('account_id.code', '=like', '213%'),
                                   ('account_id.code', '=like', '214%')]"/>
        <field name="groupby">account_id</field>
        <field name="formulas">sum</field>
        <field name="hide_if_zero" eval="True"/>
    </record>

    <record id="account_financial_report_line_03_1_2_amor_fr_bilan_actif" model="account.financial.html.report.line">
        <field name="name">Constructions - Amort.</field>
        <field name="code">CONSTRUCTIONS_AMOR</field>
        <field name="level" eval="4" />
        <field name="sequence" eval="2"/>
        <field name="parent_id" ref='account_financial_report_line_03_1_2_fr_bilan_actif'/>
        <field name="domain" eval="['|', ('account_id.code', '=like', '2813%'),
                                   ('account_id.code', '=like', '2814%')]"/>
        <field name="groupby">account_id</field>
        <field name="formulas">- sum</field>
        <field name="hide_if_zero" eval="True"/>
    </record>

    <record id="account_financial_report_line_03_1_3_fr_bilan_actif" model="account.financial.html.report.line">
        <field name="name">Installations techniques,matériel et outillage</field>
        <field name="code">INSTALLATION_OUTILLAGE</field>
        <field name="level" eval="3" />
        <field name="sequence" eval="3"/>
        <field name="parent_id" ref='account_financial_report_line_02_4_fr_bilan_actif'/>
        <field name="formulas">INSTALLATION_OUTILLAGE_BRUT - INSTALLATION_OUTILLAGE_AMOR</field>
    </record>

    <record id="account_financial_report_line_03_1_3_brut_fr_bilan_actif" model="account.financial.html.report.line">
        <field name="name">Installations techniques,matériel et outillage - Brut</field>
        <field name="code">INSTALLATION_OUTILLAGE_BRUT</field>
        <field name="level" eval="4" />
        <field name="sequence" eval="1"/>
        <field name="parent_id" ref='account_financial_report_line_03_1_3_fr_bilan_actif'/>
        <field name="domain" eval="[('account_id.code', '=like', '215%')]"/>
        <field name="groupby">account_id</field>
        <field name="formulas">sum</field>
        <field name="hide_if_zero" eval="True"/>
    </record>

    <record id="account_financial_report_line_03_1_3_amor_fr_bilan_actif" model="account.financial.html.report.line">
        <field name="name">Installations techniques,matériel et outillage - Amort.</field>
        <field name="code">INSTALLATION_OUTILLAGE_AMOR</field>
        <field name="level" eval="4" />
        <field name="sequence" eval="2"/>
        <field name="parent_id" ref='account_financial_report_line_03_1_3_fr_bilan_actif'/>
        <field name="domain" eval="[('account_id.code', '=like', '2815%')]"/>
        <field name="groupby">account_id</field>
        <field name="formulas">- sum</field>
        <field name="hide_if_zero" eval="True"/>
    </record>

    <record id="account_financial_report_line_03_1_4_fr_bilan_actif" model="account.financial.html.report.line">
        <field name="name">Autres</field>
        <field name="code">AUTRES_CORPORE</field>
        <field name="level" eval="3" />
        <field name="sequence" eval="4"/>
        <field name="parent_id" ref='account_financial_report_line_02_4_fr_bilan_actif'/>
        <field name="formulas">AUTRES_CORPORE_BRUT - AUTRES_CORPORE_AMOR</field>
    </record>

    <record id="account_financial_report_line_03_1_4_brut_fr_bilan_actif" model="account.financial.html.report.line">
        <field name="name">Autres - Brut</field>
        <field name="code">AUTRES_CORPORE_BRUT</field>
        <field name="level" eval="4" />
        <field name="sequence" eval="1"/>
        <field name="parent_id" ref='account_financial_report_line_03_1_4_fr_bilan_actif'/>
        <field name="domain" eval="[('account_id.code', '=like', '218%')]"/>
        <field name="groupby">account_id</field>
        <field name="formulas">sum</field>
        <field name="hide_if_zero" eval="True"/>
    </record>

    <record id="account_financial_report_line_03_1_4_amor_fr_bilan_actif" model="account.financial.html.report.line">
        <field name="name">Autres - Amort.</field>
        <field name="code">AUTRES_CORPORE_AMOR</field>
        <field name="level" eval="4" />
        <field name="sequence" eval="2"/>
        <field name="parent_id" ref='account_financial_report_line_03_1_4_fr_bilan_actif'/>
        <field name="domain" eval="['|', ('account_id.code', '=like', '2818%'),
                                   ('account_id.code', '=like', '282%')]"/>
        <field name="groupby">account_id</field>
        <field name="formulas">- sum</field>
        <field name="hide_if_zero" eval="True"/>
    </record>

    <record id="account_financial_report_line_03_1_5_fr_bilan_actif" model="account.financial.html.report.line">
        <field name="name">Immobilisations corporelles en cours</field>
        <field name="code">IMMOBILLIS_COURS</field>
        <field name="level" eval="3" />
        <field name="sequence" eval="5"/>
        <field name="parent_id" ref='account_financial_report_line_02_4_fr_bilan_actif'/>
        <field name="formulas">IMMOBILLIS_COURS_BRUT - IMMOBILLIS_COURS_AMOR</field>
    </record>

    <record id="account_financial_report_line_03_1_5_brut_fr_bilan_actif" model="account.financial.html.report.line">
        <field name="name">Immobilisations corporelles en cours - Brut</field>
        <field name="code">IMMOBILLIS_COURS_BRUT</field>
        <field name="level" eval="4" />
        <field name="sequence" eval="1"/>
        <field name="parent_id" ref='account_financial_report_line_03_1_5_fr_bilan_actif'/>
        <field name="domain" eval="[('account_id.code', '=like', '231%')]"/>
        <field name="groupby">account_id</field>
        <field name="formulas">sum</field>
        <field name="hide_if_zero" eval="True"/>
    </record>

    <record id="account_financial_report_line_03_1_5_amor_fr_bilan_actif" model="account.financial.html.report.line">
        <field name="name">Immobilisations corporelles en cours - Amort.</field>
        <field name="code">IMMOBILLIS_COURS_AMOR</field>
        <field name="level" eval="4" />
        <field name="sequence" eval="2"/>
        <field name="parent_id" ref='account_financial_report_line_03_1_5_fr_bilan_actif'/>
        <field name="domain" eval="[('account_id.code', '=like', '2931%')]"/>
        <field name="groupby">account_id</field>
        <field name="formulas">- sum</field>
        <field name="hide_if_zero" eval="True"/>
    </record>

    <record id="account_financial_report_line_03_1_6_fr_bilan_actif" model="account.financial.html.report.line">
        <field name="name">Avances et acomptes</field>
        <field name="code">AVANCES_ACOMPTES_CORP</field>
        <field name="level" eval="3" />
        <field name="sequence" eval="6"/>
        <field name="parent_id" ref='account_financial_report_line_02_4_fr_bilan_actif'/>
        <field name="formulas">AVANCES_ACOMPTES_CORP_BRUT - AVANCES_ACOMPTES_CORP_AMOR</field>
    </record>

    <record id="account_financial_report_line_03_1_6_brut_fr_bilan_actif" model="account.financial.html.report.line">
        <field name="name">Avances et acomptes - Brut</field>
        <field name="code">AVANCES_ACOMPTES_CORP_BRUT</field>
        <field name="level" eval="4" />
        <field name="sequence" eval="1"/>
        <field name="parent_id" ref='account_financial_report_line_03_1_6_fr_bilan_actif'/>
        <field name="domain" eval="[('account_id.code', '=like', '238%')]"/>
        <field name="groupby">account_id</field>
        <field name="formulas">sum</field>
        <field name="hide_if_zero" eval="True"/>
    </record>

    <record id="account_financial_report_line_03_1_6_amor_fr_bilan_actif" model="account.financial.html.report.line">
        <field name="name">Avances et acomptes - Amort.</field>
        <field name="code">AVANCES_ACOMPTES_CORP_AMOR</field>
        <field name="level" eval="4" />
        <field name="sequence" eval="2"/>
        <field name="parent_id" ref='account_financial_report_line_03_1_6_fr_bilan_actif'/>
        <field name="domain" eval="[('account_id.code', '=like', '2938%')]"/>
        <field name="formulas">- sum</field>
        <field name="hide_if_zero" eval="True"/>
    </record>

    <record id="account_financial_report_line_02_5_fr_bilan_actif" model="account.financial.html.report.line">
        <field name="name">Immobilisations financières</field>
        <field name="code">IMMOBILIS_FINANCIERES</field>
        <field name="level" eval="2" />
        <field name="sequence" eval="5"/>
        <field name="parent_id" ref='account_financial_report_line_01_fr_bilan_actif'/>
    </record>

    <record id="account_financial_report_line_03_2_1_fr_bilan_actif" model="account.financial.html.report.line">
        <field name="name">Participations</field>
        <field name="code">PARTICIPATIONS</field>
        <field name="level" eval="3" />
        <field name="sequence" eval="1"/>
        <field name="parent_id" ref='account_financial_report_line_02_5_fr_bilan_actif'/>
        <field name="formulas">PARTICIPATIONS_BRUT - PARTICIPATIONS_AMOR</field>
    </record>

    <record id="account_financial_report_line_03_2_1b_fr_bilan_actif" model="account.financial.html.report.line">
        <field name="name">Participations - Brut</field>
        <field name="code">PARTICIPATIONS_BRUT</field>
        <field name="level" eval="4" />
        <field name="sequence" eval="1"/>
        <field name="parent_id" ref='account_financial_report_line_03_2_1_fr_bilan_actif'/>
        <field name="domain" eval="['|', ('account_id.code', '=like', '25%'),
                                   '|', ('account_id.code', '=like', '261%'),
                                   ('account_id.code', '=like', '266%')]"/>
        <field name="groupby">account_id</field>
        <field name="formulas">sum</field>
        <field name="hide_if_zero" eval="True"/>
    </record>

    <record id="account_financial_report_line_03_2_1a_fr_bilan_actif" model="account.financial.html.report.line">
        <field name="name">Participations - Amort.</field>
        <field name="code">PARTICIPATIONS_AMOR</field>
        <field name="level" eval="4" />
        <field name="sequence" eval="2"/>
        <field name="parent_id" ref='account_financial_report_line_03_2_1_fr_bilan_actif'/>
        <field name="domain" eval="['|', ('account_id.code', '=like', '2961%'),
                                   ('account_id.code', '=like', '2966%')]"/>
        <field name="groupby">account_id</field>
        <field name="formulas">-sum</field>
        <field name="hide_if_zero" eval="True"/>
    </record>

    <record id="account_financial_report_line_03_2_2_fr_bilan_actif" model="account.financial.html.report.line">
        <field name="name">Créances rattachées à des participations</field>
        <field name="code">CREANCES_PARTICIPATIONS</field>
        <field name="level" eval="3" />
        <field name="sequence" eval="2"/>
        <field name="parent_id" ref='account_financial_report_line_02_5_fr_bilan_actif'/>
        <field name="formulas">CREANCES_PARTICIPATIONS_BRUT - CREANCES_PARTICIPATIONS_AMOR</field>
    </record>

    <record id="account_financial_report_line_03_2_2b_fr_bilan_actif" model="account.financial.html.report.line">
        <field name="name">Créances rattachées à des participations - Brut</field>
        <field name="code">CREANCES_PARTICIPATIONS_BRUT</field>
        <field name="level" eval="4" />
        <field name="sequence" eval="1"/>
        <field name="parent_id" ref='account_financial_report_line_03_2_2_fr_bilan_actif'/>
        <field name="domain" eval="['|', ('account_id.code', '=like', '267%'), ('account_id.code', '=like', '268%')]"/>
        <field name="groupby">account_id</field>
        <field name="formulas">sum</field>
        <field name="hide_if_zero" eval="True"/>
    </record>

    <record id="account_financial_report_line_03_2_2a_fr_bilan_actif" model="account.financial.html.report.line">
        <field name="name">Créances rattachées à des participations - Amort.</field>
        <field name="code">CREANCES_PARTICIPATIONS_AMOR</field>
        <field name="level" eval="4" />
        <field name="sequence" eval="2"/>
        <field name="parent_id" ref='account_financial_report_line_03_2_2_fr_bilan_actif'/>
        <field name="domain" eval="[('account_id.code', '=like', '2967%')]"/>
        <field name="groupby">account_id</field>
        <field name="formulas">- sum</field>
        <field name="hide_if_zero" eval="True"/>
    </record>

    <record id="account_financial_report_line_03_2_3_fr_bilan_actif" model="account.financial.html.report.line">
        <field name="name">Titres immobilisés de l'activité de portefeuille</field>
        <field name="code">TITRES_PORTEFEUILLE</field>
        <field name="level" eval="3" />
        <field name="sequence" eval="3"/>
        <field name="parent_id" ref='account_financial_report_line_02_5_fr_bilan_actif'/>
        <field name="formulas">TITRES_PORTEFEUILLE_BRUT - TITRES_PORTEFEUILLE_AMOR</field>
    </record>

    <record id="account_financial_report_line_03_2_3b_fr_bilan_actif" model="account.financial.html.report.line">
        <field name="name">Titres immobilisés de l'activité de portefeuille - Brut</field>
        <field name="code">TITRES_PORTEFEUILLE_BRUT</field>
        <field name="level" eval="4" />
        <field name="sequence" eval="1"/>
        <field name="parent_id" ref='account_financial_report_line_03_2_3_fr_bilan_actif'/>
        <field name="domain" eval="[('account_id.code', '=like', '273%')]"/>
        <field name="groupby">account_id</field>
        <field name="formulas">sum</field>
        <field name="hide_if_zero" eval="True"/>
    </record>

    <record id="account_financial_report_line_03_2_3a_fr_bilan_actif" model="account.financial.html.report.line">
        <field name="name">Titres immobilisés de l'activité de portefeuille - Amort.</field>
        <field name="code">TITRES_PORTEFEUILLE_AMOR</field>
        <field name="level" eval="4" />
        <field name="sequence" eval="2"/>
        <field name="parent_id" ref='account_financial_report_line_03_2_3_fr_bilan_actif'/>
        <field name="domain" eval="[('account_id.code', '=like', '2973%')]"/>
        <field name="groupby">account_id</field>
        <field name="formulas">- sum</field>
        <field name="hide_if_zero" eval="True"/>
    </record>

    <record id="account_financial_report_line_03_2_4_fr_bilan_actif" model="account.financial.html.report.line">
        <field name="name">Autres titres immobilisés</field>
        <field name="code">AUTRES_IMMOBILISES</field>
        <field name="level" eval="3" />
        <field name="sequence" eval="4"/>
        <field name="parent_id" ref='account_financial_report_line_02_5_fr_bilan_actif'/>
        <field name="formulas">AUTRES_IMMOBILISES_BRUT - AUTRES_IMMOBILISES_AMOR</field>
    </record>

    <record id="account_financial_report_line_03_2_4b_fr_bilan_actif" model="account.financial.html.report.line">
        <field name="name">Autres titres immobilisés - Brut</field>
        <field name="code">AUTRES_IMMOBILISES_BRUT</field>
        <field name="level" eval="4" />
        <field name="sequence" eval="1"/>
        <field name="parent_id" ref='account_financial_report_line_03_2_4_fr_bilan_actif'/>
        <field name="domain" eval="['|', ('account_id.code', '=like', '271%'),
                                   '|', ('account_id.code', '=like', '272%'),
                                   '|', ('account_id.code', '=like', '27682%'),
                                   ('account_id.code', '=like', '278%')]"/>
        <field name="groupby">account_id</field>
        <field name="formulas">sum</field>
        <field name="hide_if_zero" eval="True"/>
    </record>

    <record id="account_financial_report_line_03_2_4a_fr_bilan_actif" model="account.financial.html.report.line">
        <field name="name">Autres titres immobilisés - Amort.</field>
        <field name="code">AUTRES_IMMOBILISES_AMOR</field>
        <field name="level" eval="4" />
        <field name="sequence" eval="2"/>
        <field name="parent_id" ref='account_financial_report_line_03_2_4_fr_bilan_actif'/>
        <field name="domain" eval="['|', ('account_id.code', '=like', '2971%'),
                                   ('account_id.code', '=like', '2972%')]"/>
        <field name="groupby">account_id</field>
        <field name="formulas">- sum</field>
        <field name="hide_if_zero" eval="True"/>
    </record>

    <record id="account_financial_report_line_03_2_5_fr_bilan_actif" model="account.financial.html.report.line">
        <field name="name">Prêts</field>
        <field name="code">PRETS</field>
        <field name="level" eval="3" />
        <field name="sequence" eval="5"/>
        <field name="parent_id" ref='account_financial_report_line_02_5_fr_bilan_actif'/>
        <field name="formulas">PRETS_BRUT - PRETS_AMOR</field>
    </record>

    <record id="account_financial_report_line_03_2_5b_fr_bilan_actif" model="account.financial.html.report.line">
        <field name="name">Prêts - Brut</field>
        <field name="code">PRETS_BRUT</field>
        <field name="level" eval="4" />
        <field name="sequence" eval="1"/>
        <field name="parent_id" ref='account_financial_report_line_03_2_5_fr_bilan_actif'/>
        <field name="domain" eval="['|', ('account_id.code', '=like', '274%'),
                                   ('account_id.code', '=like', '27684%')]"/>
        <field name="groupby">account_id</field>
        <field name="formulas">sum</field>
        <field name="hide_if_zero" eval="True"/>
    </record>

    <record id="account_financial_report_line_03_2_5a_fr_bilan_actif" model="account.financial.html.report.line">
        <field name="name">Prêts - Amort.</field>
        <field name="code">PRETS_AMOR</field>
        <field name="level" eval="4" />
        <field name="sequence" eval="2"/>
        <field name="parent_id" ref='account_financial_report_line_03_2_5_fr_bilan_actif'/>
        <field name="domain" eval="[('account_id.code', '=like', '2974%')]"/>
        <field name="groupby">account_id</field>
        <field name="formulas">- sum</field>
        <field name="hide_if_zero" eval="True"/>
    </record>

    <record id="account_financial_report_line_03_2_6_fr_bilan_actif" model="account.financial.html.report.line">
        <field name="name">Autres</field>
        <field name="code">AUTRES_FINANCIAL</field>
        <field name="level" eval="3" />
        <field name="sequence" eval="6"/>
        <field name="parent_id" ref='account_financial_report_line_02_5_fr_bilan_actif'/>
        <field name="formulas">AUTRES_FINANCIAL_BRUT - AUTRES_FINANCIAL_AMOR</field>
    </record>

    <record id="account_financial_report_line_03_2_6b_fr_bilan_actif" model="account.financial.html.report.line">
        <field name="name">Autres - Brut</field>
        <field name="code">AUTRES_FINANCIAL_BRUT</field>
        <field name="level" eval="4" />
        <field name="sequence" eval="1"/>
        <field name="parent_id" ref='account_financial_report_line_03_2_6_fr_bilan_actif'/>
        <field name="domain" eval="['|', ('account_id.code', '=like', '275%'),
                                   '|', ('account_id.code', '=like', '276%'),
                                   ('account_id.code', '=like', '277%'),
                                   '!', '|', ('account_id.code', '=like', '27682%'),
                                   ('account_id.code', '=like', '27684%')]"/>
        <field name="groupby">account_id</field>
        <field name="formulas">sum</field>
        <field name="hide_if_zero" eval="True"/>
    </record>

    <record id="account_financial_report_line_03_2_6a_fr_bilan_actif" model="account.financial.html.report.line">
        <field name="name">Autres - Amort.</field>
        <field name="code">AUTRES_FINANCIAL_AMOR</field>
        <field name="level" eval="4" />
        <field name="sequence" eval="2"/>
        <field name="parent_id" ref='account_financial_report_line_03_2_6_fr_bilan_actif'/>
        <field name="domain" eval="['|', ('account_id.code', '=like', '2975%'),
                                   ('account_id.code', '=like', '2976%')]"/>
        <field name="groupby">account_id</field>
        <field name="formulas">- sum</field>
        <field name="hide_if_zero" eval="True"/>
    </record>

    <record id="account_financial_report_line_02_6_fr_bilan_actif" model="account.financial.html.report.line">
        <field name="name">Total (I)</field>
        <field name="code">ACTIF_TOTAL_I</field>
        <field name="level" eval="2" />
        <field name="sequence" eval="6"/>
        <field name="parent_id" ref='account_financial_report_line_01_fr_bilan_actif'/>
        <field name="formulas">CAPITAL_NON_APPELE + FRAIS_ETABLISS + FRAIS_DEVELOPEMENT + CONCESSION_SIMILAIRES + FONDS_COMMERCIAL + AUTRES_INCORPO + IMMOBILIS_COURS + AVANCES_ACOMPTES_CORPORE + TERRAINS + CONSTRUCTIONS + INSTALLATION_OUTILLAGE + AUTRES_CORPORE + IMMOBILLIS_COURS + AVANCES_ACOMPTES_CORP + PARTICIPATIONS + CREANCES_PARTICIPATIONS + TITRES_PORTEFEUILLE + AUTRES_IMMOBILISES + PRETS + AUTRES_FINANCIAL</field>
    </record>

    <record id="account_financial_report_line_2_02_1_fr_bilan_actif" model="account.financial.html.report.line">
        <field name="name">Actif circulant</field>
        <field name="code">ACTIF_CIRCULANT</field>
        <field name="level" eval="2" />
        <field name="sequence" eval="7"/>
        <field name="parent_id" ref='account_financial_report_line_01_fr_bilan_actif'/>
    </record>

    <record id="account_financial_report_line_2_02_2_fr_bilan_actif" model="account.financial.html.report.line">
        <field name="name">Stock en cours</field>
        <field name="code">STOCK_COURS</field>
        <field name="level" eval="2" />
        <field name="sequence" eval="8"/>
        <field name="parent_id" ref='account_financial_report_line_01_fr_bilan_actif'/>
    </record>

    <record id="account_financial_report_line_03_3_1_fr_bilan_actif" model="account.financial.html.report.line">
        <field name="name">Matières premières et autres approvisionnements</field>
        <field name="code">MATIERES_APPROVI</field>
        <field name="level" eval="3" />
        <field name="sequence" eval="1"/>
        <field name="parent_id" ref='account_financial_report_line_2_02_2_fr_bilan_actif'/>
        <field name="formulas">MATIERES_APPROVI_BRUT - MATIERES_APPROVI_AMOR</field>
    </record>

    <record id="account_financial_report_line_03_3_1b_fr_bilan_actif" model="account.financial.html.report.line">
        <field name="name">Matières premières et autres approvisionnements - Brut</field>
        <field name="code">MATIERES_APPROVI_BRUT</field>
        <field name="level" eval="4" />
        <field name="sequence" eval="1"/>
        <field name="parent_id" ref='account_financial_report_line_03_3_1_fr_bilan_actif'/>
        <field name="domain" eval="['|', ('account_id.code', '=like', '31%'),
                                   ('account_id.code', '=like', '32%')]"/>
        <field name="groupby">account_id</field>
        <field name="formulas">sum</field>
        <field name="hide_if_zero" eval="True"/>
    </record>

    <record id="account_financial_report_line_03_3_1a_fr_bilan_actif" model="account.financial.html.report.line">
        <field name="name">Matières premières et autres approvisionnements - Amort.</field>
        <field name="code">MATIERES_APPROVI_AMOR</field>
        <field name="level" eval="4" />
        <field name="sequence" eval="2"/>
        <field name="parent_id" ref='account_financial_report_line_03_3_1_fr_bilan_actif'/>
        <field name="domain" eval="['|', ('account_id.code', '=like', '391%'),
                                   ('account_id.code', '=like', '392%')]"/>
        <field name="groupby">account_id</field>
        <field name="formulas">- sum</field>
        <field name="hide_if_zero" eval="True"/>
    </record>

    <record id="account_financial_report_line_03_3_2_fr_bilan_actif" model="account.financial.html.report.line">
        <field name="name">En-cours de production [biens et services]</field>
        <field name="code">EN_COURS_PRODUCTION</field>
        <field name="level" eval="3" />
        <field name="sequence" eval="2"/>
        <field name="parent_id" ref='account_financial_report_line_2_02_2_fr_bilan_actif'/>
        <field name="formulas">EN_COURS_PRODUCTION_BRUT - EN_COURS_PRODUCTION_AMOR</field>
    </record>

    <record id="account_financial_report_line_03_3_2b_fr_bilan_actif" model="account.financial.html.report.line">
        <field name="name">En-cours de production [biens et services] - Brut</field>
        <field name="code">EN_COURS_PRODUCTION_BRUT</field>
        <field name="level" eval="4" />
        <field name="sequence" eval="1"/>
        <field name="parent_id" ref='account_financial_report_line_03_3_2_fr_bilan_actif'/>
        <field name="domain" eval="['|', ('account_id.code', '=like', '33%'),
                                   ('account_id.code', '=like', '34%')]"/>
        <field name="groupby">account_id</field>
        <field name="formulas">sum</field>
        <field name="hide_if_zero" eval="True"/>
    </record>

    <record id="account_financial_report_line_03_3_2a_fr_bilan_actif" model="account.financial.html.report.line">
        <field name="name">En-cours de production [biens et services] - Amort.</field>
        <field name="code">EN_COURS_PRODUCTION_AMOR</field>
        <field name="level" eval="4" />
        <field name="sequence" eval="2"/>
        <field name="parent_id" ref='account_financial_report_line_03_3_2_fr_bilan_actif'/>
        <field name="domain" eval="['|', ('account_id.code', '=like', '393%'),
                                   ('account_id.code', '=like', '394%')]"/>
        <field name="groupby">account_id</field>
        <field name="formulas">- sum</field>
        <field name="hide_if_zero" eval="True"/>
    </record>

    <record id="account_financial_report_line_03_3_3_fr_bilan_actif" model="account.financial.html.report.line">
        <field name="name">Produits intermédiaires et finis</field>
        <field name="code">PRODUITS_FINIS</field>
        <field name="level" eval="3" />
        <field name="sequence" eval="3"/>
        <field name="parent_id" ref='account_financial_report_line_2_02_2_fr_bilan_actif'/>
        <field name="formulas">PRODUITS_FINIS_BRUT - PRODUITS_FINIS_AMOR</field>
    </record>

    <record id="account_financial_report_line_03_3_3b_fr_bilan_actif" model="account.financial.html.report.line">
        <field name="name">Produits intermédiaires et finis - Brut</field>
        <field name="code">PRODUITS_FINIS_BRUT</field>
        <field name="level" eval="4" />
        <field name="sequence" eval="1"/>
        <field name="parent_id" ref='account_financial_report_line_03_3_3_fr_bilan_actif'/>
        <field name="domain" eval="[('account_id.code', '=like', '35%')]"/>
        <field name="groupby">account_id</field>
        <field name="formulas">sum</field>
        <field name="hide_if_zero" eval="True"/>
    </record>

    <record id="account_financial_report_line_03_3_3as_fr_bilan_actif" model="account.financial.html.report.line">
        <field name="name">Produits intermédiaires et finis - Amort.</field>
        <field name="code">PRODUITS_FINIS_AMOR</field>
        <field name="level" eval="4" />
        <field name="sequence" eval="2"/>
        <field name="parent_id" ref='account_financial_report_line_03_3_3_fr_bilan_actif'/>
        <field name="domain" eval="[('account_id.code', '=like', '395%')]"/>
        <field name="groupby">account_id</field>
        <field name="formulas">- sum</field>
        <field name="hide_if_zero" eval="True"/>
    </record>

    <record id="account_financial_report_line_03_3_4_fr_bilan_actif" model="account.financial.html.report.line">
        <field name="name">Marchandises</field>
        <field name="code">MARCHANDISES</field>
        <field name="level" eval="3" />
        <field name="sequence" eval="4"/>
        <field name="parent_id" ref='account_financial_report_line_2_02_2_fr_bilan_actif'/>
        <field name="formulas">MARCHANDISES_BRUT - MARCHANDISES_AMOR</field>
    </record>

    <record id="account_financial_report_line_03_3_4b_fr_bilan_actif" model="account.financial.html.report.line">
        <field name="name">Marchandises - Brut</field>
        <field name="code">MARCHANDISES_BRUT</field>
        <field name="level" eval="4" />
        <field name="sequence" eval="1"/>
        <field name="parent_id" ref='account_financial_report_line_03_3_4_fr_bilan_actif'/>
        <field name="domain" eval="[('account_id.code', '=like', '37%')]"/>
        <field name="groupby">account_id</field>
        <field name="formulas">sum</field>
        <field name="hide_if_zero" eval="True"/>
    </record>

    <record id="account_financial_report_line_03_3_4a_fr_bilan_actif" model="account.financial.html.report.line">
        <field name="name">Marchandises - Amort.</field>
        <field name="code">MARCHANDISES_AMOR</field>
        <field name="level" eval="4" />
        <field name="sequence" eval="2"/>
        <field name="parent_id" ref='account_financial_report_line_03_3_4_fr_bilan_actif'/>
        <field name="domain" eval="[('account_id.code', '=like', '397%')]"/>
        <field name="groupby">account_id</field>
        <field name="formulas">- sum</field>
        <field name="hide_if_zero" eval="True"/>
    </record>

    <record id="account_financial_report_line_03_3_5_fr_bilan_actif" model="account.financial.html.report.line">
        <field name="name">Avances et acomptes versés sur commandes</field>
        <field name="code">ADVANCES_COMMANDES</field>
        <field name="level" eval="3" />
        <field name="sequence" eval="5"/>
        <field name="parent_id" ref='account_financial_report_line_2_02_2_fr_bilan_actif'/>
        <field name="domain" eval="[('account_id.code', '=like', '4091%')]"/>
        <field name="groupby">account_id</field>
        <field name="formulas">sum</field>
    </record>

    <record id="account_financial_report_line_2_02_3_fr_bilan_actif" model="account.financial.html.report.line">
        <field name="name">Créances</field>
        <field name="code">CREANCES</field>
        <field name="level" eval="2" />
        <field name="sequence" eval="9"/>
        <field name="parent_id" ref='account_financial_report_line_01_fr_bilan_actif'/>
    </record>

    <record id="account_financial_report_line_03_4_1_fr_bilan_actif" model="account.financial.html.report.line">
        <field name="name">Clients et comptes rattachés</field>
        <field name="code">CREANCES_RATTACHES</field>
        <field name="level" eval="3" />
        <field name="sequence" eval="1"/>
        <field name="parent_id" ref='account_financial_report_line_2_02_3_fr_bilan_actif'/>
        <field name="formulas">CREANCES_RATTACHES_BRUT - CREANCES_RATTACHES_AMOR</field>
    </record>

    <record id="account_financial_report_line_03_4_1b_fr_bilan_actif" model="account.financial.html.report.line">
        <field name="name">Clients et comptes rattachés - Brut</field>
        <field name="code">CREANCES_RATTACHES_BRUT</field>
        <field name="level" eval="4" />
        <field name="sequence" eval="1"/>
        <field name="parent_id" ref='account_financial_report_line_03_4_1_fr_bilan_actif'/>
        <field name="domain" eval="['|', ('account_id.code', '=like', '410%'),
                                   '|', ('account_id.code', '=like', '411%'),
                                   '|', ('account_id.code', '=like', '413%'),
                                   '|', ('account_id.code', '=like', '416%'),
                                   '|', ('account_id.code', '=like', '417%'),
                                   ('account_id.code', '=like', '418%')]"/>
        <field name="groupby">account_id</field>
        <field name="formulas">sum</field>
        <field name="hide_if_zero" eval="True"/>
    </record>

    <record id="account_financial_report_line_03_4_1a_fr_bilan_actif" model="account.financial.html.report.line">
        <field name="name">Clients et comptes rattachés - Amort.</field>
        <field name="code">CREANCES_RATTACHES_AMOR</field>
        <field name="level" eval="4" />
        <field name="sequence" eval="2"/>
        <field name="parent_id" ref='account_financial_report_line_03_4_1_fr_bilan_actif'/>
        <field name="domain" eval="[('account_id.code', '=like', '491%')]"/>
        <field name="groupby">account_id</field>
        <field name="formulas">- sum</field>
        <field name="hide_if_zero" eval="True"/>
    </record>

    <record id="account_financial_report_line_03_4_2_fr_bilan_actif" model="account.financial.html.report.line">
        <field name="name">Autres créances</field>
        <field name="code">AUTRES_CREANCES</field>
        <field name="level" eval="3" />
        <field name="sequence" eval="2"/>
        <field name="parent_id" ref='account_financial_report_line_2_02_3_fr_bilan_actif'/>
        <field name="formulas">AUTRES_CREANCES_BRUT - AUTRES_CREANCES_AMOR</field>
    </record>

    <record id="account_financial_report_line_03_4_2b_fr_bilan_actif" model="account.financial.html.report.line">
        <field name="name">Autres créances - Brut</field>
        <field name="code">AUTRES_CREANCES_BRUT</field>
        <field name="level" eval="4" />
        <field name="sequence" eval="1"/>
        <field name="parent_id" ref='account_financial_report_line_03_4_2_fr_bilan_actif'/>
        <field name="domain" eval="['|', ('account_id.code', '=like', '4096%'),
                                   '|', ('account_id.code', '=like', '4097%'),
                                   '|', ('account_id.code', '=like', '4098%'),
                                   '|', ('account_id.code', '=like', '425%'),
                                   '|', ('account_id.code', '=like', '4287%'),
                                   '|', ('account_id.code', '=like', '441%'),
                                   '|', ('account_id.code', '=like', '4456%'),
                                   '|', ('account_id.code', '=like', '462%'),
                                   '|', ('account_id.code', '=like', '465%'),
                                   '|', ('account_id.code', '=like', '471%'),
                                   '|', ('account_id.code', '=like', '472%'),
                                   '|', ('account_id.code', '=like', '473%'),
                                   '|', ('account_id.code', '=like', '474%'),
                                   ('account_id.code', '=like', '475%')]"/>
        <field name="groupby">account_id</field>
        <field name="show_domain">foldable</field>
        <field name="formulas">sum + AUTRES_CREANCES_BRUTD</field>
        <field name="hide_if_zero" eval="True"/>
    </record>

    <record id="account_financial_report_line_03_4_2bd_fr_bilan_actif" model="account.financial.html.report.line">
        <field name="name">Autres créances - Brut - Debit</field>
        <field name="code">AUTRES_CREANCES_BRUTD</field>
        <field name="level" eval="4" />
        <field name="sequence" eval="1"/>
        <field name="domain" eval="['|', ('account_id.code', '=like', '428%'),
                                   '|', ('account_id.code', '=like', '438%'),
                                   '|', ('account_id.code', '=like', '443%'),
                                   '|', ('account_id.code', '=like', '444%'),
                                   '|', ('account_id.code', '=like', '445%'),
                                   '|', ('account_id.code', '=like', '448%'),
                                   '|', ('account_id.code', '=like', '451%'),
                                   '|', ('account_id.code', '=like', '455%'),
                                   '|', ('account_id.code', '=like', '456%'),
                                   '|', ('account_id.code', '=like', '467%'),
                                   '|', ('account_id.code', '=like', '468%'),
                                   '|', ('account_id.code', '=like', '470%'),
                                   ('account_id.code', '=like', '478%'),
                                   '!', '|', ('account_id.code', '=like', '4287%'),
                                   '|', ('account_id.code', '=like', '4452%'),
                                   '|', ('account_id.code', '=like', '4455%'),
                                   '|', ('account_id.code', '=like', '4456%'),
                                   '|', ('account_id.code', '=like', '44584%'),
                                   '|', ('account_id.code', '=like', '44587%'),
                                   '|', ('account_id.code', '=like', '4562%'),
                                   ('account_id.code', '=like', '4686%')]"/>
        <field name="groupby">account_id</field>
        <field name="formulas">sum_if_pos_groupby</field>
        <field name="hide_if_zero" eval="True"/>
    </record>

    <record id="account_financial_report_line_03_4_2a_fr_bilan_actif" model="account.financial.html.report.line">
        <field name="name">Autres créances - Amort.</field>
        <field name="code">AUTRES_CREANCES_AMOR</field>
        <field name="level" eval="4" />
        <field name="sequence" eval="2"/>
        <field name="parent_id" ref='account_financial_report_line_03_4_2_fr_bilan_actif'/>
        <field name="domain" eval="['|', ('account_id.code', '=like', '495%'),
                                   ('account_id.code', '=like', '496%')]"/>
        <field name="groupby">account_id</field>
        <field name="formulas">- sum</field>
        <field name="hide_if_zero" eval="True"/>
    </record>

    <record id="account_financial_report_line_03_4_3_fr_bilan_actif" model="account.financial.html.report.line">
        <field name="name">Capital souscrit - appelé , non versé</field>
        <field name="code">CAPITAL_NON_VERSE</field>
        <field name="level" eval="3" />
        <field name="sequence" eval="7"/>
        <field name="parent_id" ref='account_financial_report_line_2_02_3_fr_bilan_actif'/>
        <field name="domain" eval="[('account_id.code', '=like', '4562%')]"/>
        <field name="groupby">account_id</field>
        <field name="formulas">sum</field>
    </record>

    <record id="account_financial_report_line_2_02_4_fr_bilan_actif" model="account.financial.html.report.line">
        <field name="name">Valeurs mobilières de placement</field>
        <field name="code">VALEURS_PLACEMENT</field>
        <field name="level" eval="2" />
        <field name="sequence" eval="10"/>
        <field name="parent_id" ref='account_financial_report_line_01_fr_bilan_actif'/>
    </record>

    <record id="account_financial_report_line_03_5_1_fr_bilan_actif" model="account.financial.html.report.line">
        <field name="name">Actions propres</field>
        <field name="code">ACTIONS_PROPRES</field>
        <field name="level" eval="3" />
        <field name="sequence" eval="1"/>
        <field name="parent_id" ref='account_financial_report_line_2_02_4_fr_bilan_actif'/>
        <field name="formulas">ACTIONS_PROPRES_BRUT - ACTIONS_PROPRES_AMOR</field>
    </record>

    <record id="account_financial_report_line_03_5_1b_fr_bilan_actif" model="account.financial.html.report.line">
        <field name="name">Actions propres - Brut</field>
        <field name="code">ACTIONS_PROPRES_BRUT</field>
        <field name="level" eval="4" />
        <field name="sequence" eval="1"/>
        <field name="parent_id" ref='account_financial_report_line_03_5_1_fr_bilan_actif'/>
        <field name="domain" eval="[('account_id.code', '=like', '502%')]"/>
        <field name="groupby">account_id</field>
        <field name="formulas">sum</field>
        <field name="hide_if_zero" eval="True"/>
    </record>

    <record id="account_financial_report_line_03_5_1a_fr_bilan_actif" model="account.financial.html.report.line">
        <field name="name">Actions propres - Amort.</field>
        <field name="code">ACTIONS_PROPRES_AMOR</field>
        <field name="level" eval="4" />
        <field name="sequence" eval="2"/>
        <field name="parent_id" ref='account_financial_report_line_03_5_1_fr_bilan_actif'/>
        <field name="domain" eval="[('account_id.code', '=like', '5903%')]"/>
        <field name="groupby">account_id</field>
        <field name="formulas">- sum</field>
        <field name="hide_if_zero" eval="True"/>
    </record>

    <record id="account_financial_report_line_03_5_2_fr_bilan_actif" model="account.financial.html.report.line">
        <field name="name">Autres titres</field>
        <field name="code">AUTRES_TITRES</field>
        <field name="level" eval="3" />
        <field name="sequence" eval="2"/>
        <field name="parent_id" ref='account_financial_report_line_2_02_4_fr_bilan_actif'/>
        <field name="formulas">AUTRES_TITRES_BRUT - AUTRES_TITRES_AMOR</field>
    </record>

    <record id="account_financial_report_line_03_5_2b_fr_bilan_actif" model="account.financial.html.report.line">
        <field name="name">Autres titres - Brut</field>
        <field name="code">AUTRES_TITRES_BRUT</field>
        <field name="level" eval="4" />
        <field name="sequence" eval="1"/>
        <field name="parent_id" ref='account_financial_report_line_03_5_2_fr_bilan_actif'/>
        <field name="domain" eval="[('account_id.code', '=like', '50%'),
                                   '!', '|', ('account_id.code', '=like', '502%'),
                                   ('account_id.code', '=like', '509%')]"/>
        <field name="groupby">account_id</field>
        <field name="formulas">sum</field>
        <field name="hide_if_zero" eval="True"/>
    </record>

    <record id="account_financial_report_line_03_5_2a_fr_bilan_actif" model="account.financial.html.report.line">
        <field name="name">Autres titres - Amort.</field>
        <field name="code">AUTRES_TITRES_AMOR</field>
        <field name="level" eval="4" />
        <field name="sequence" eval="2"/>
        <field name="parent_id" ref='account_financial_report_line_03_5_2_fr_bilan_actif'/>
        <field name="domain" eval="[('account_id.code', '=like', '590%'),
                                   '!', ('account_id.code', '=like', '5903%')]"/>
        <field name="groupby">account_id</field>
        <field name="formulas">sum</field>
        <field name="hide_if_zero" eval="True"/>
    </record>

    <record id="account_financial_report_line_03_5_3_fr_bilan_actif" model="account.financial.html.report.line">
        <field name="name">Instruments de trésorerie</field>
        <field name="code">INSTRMENTS_TRESORERIE</field>
        <field name="level" eval="3" />
        <field name="sequence" eval="7"/>
        <field name="parent_id" ref='account_financial_report_line_2_02_4_fr_bilan_actif'/>
        <field name="domain" eval="[('account_id.code', '=like', '52%')]"/>
        <field name="groupby">account_id</field>
        <field name="formulas">sum_if_pos_groupby</field>
    </record>

    <record id="account_financial_report_line_03_5_4_fr_bilan_actif" model="account.financial.html.report.line">
        <field name="name">Disponibilités</field>
        <field name="code">DISPONIBILITES</field>
        <field name="level" eval="3" />
        <field name="sequence" eval="8"/>
        <field name="parent_id" ref='account_financial_report_line_2_02_4_fr_bilan_actif'/>
        <field name="domain" eval="['|', ('account_id.code', '=like', '511%'),
                                   '|', ('account_id.code', '=like', '515%'),
                                   '|', ('account_id.code', '=like', '516%'),
                                   '|', ('account_id.code', '=like', '53%'),
                                   '|', ('account_id.code', '=like', '54%'),
                                   ('account_id.code', '=like', '58%')]"/>
        <field name="groupby">account_id</field>
        <field name="show_domain">foldable</field>
        <field name="formulas">sum + DISPONIBILITES_debit</field>
    </record>

    <record id="account_financial_report_line_03_5_4d_fr_bilan_actif" model="account.financial.html.report.line">
        <field name="name">Disponibilités - debit</field>
        <field name="code">DISPONIBILITES_debit</field>
        <field name="level" eval="3" />
        <field name="sequence" eval="8"/>
        <field name="domain" eval="['|', ('account_id.code', '=like', '512%'),
                                   '|', ('account_id.code', '=like', '513%'),
                                   '|', ('account_id.code', '=like', '514%'),
                                   '|', ('account_id.code', '=like', '517%'),
                                   ('account_id.code', '=like', '518%')]"/>
        <field name="groupby">account_id</field>
        <field name="formulas">sum_if_pos_groupby</field>
    </record>

    <record id="account_financial_report_line_03_5_5_fr_bilan_actif" model="account.financial.html.report.line">
        <field name="name">Charges constatés d'avance</field>
        <field name="code">CHARGES_DAVANCE</field>
        <field name="level" eval="3" />
        <field name="sequence" eval="9"/>
        <field name="parent_id" ref='account_financial_report_line_2_02_4_fr_bilan_actif'/>
        <field name="domain" eval="[('account_id.code', '=like', '486%')]"/>
        <field name="groupby">account_id</field>
        <field name="formulas">sum</field>
    </record>

    <record id="account_financial_report_line_2_02_5_fr_bilan_actif" model="account.financial.html.report.line">
        <field name="name">Total (II)</field>
        <field name="code">ACTIF_TOTAL_II</field>
        <field name="level" eval="2" />
        <field name="sequence" eval="11"/>
        <field name="parent_id" ref='account_financial_report_line_01_fr_bilan_actif'/>
        <field name="formulas">MATIERES_APPROVI + EN_COURS_PRODUCTION + PRODUITS_FINIS + MARCHANDISES + ADVANCES_COMMANDES + CREANCES_RATTACHES + AUTRES_CREANCES + CAPITAL_NON_VERSE + ACTIONS_PROPRES + AUTRES_TITRES + INSTRMENTS_TRESORERIE + DISPONIBILITES + CHARGES_DAVANCE</field>
    </record>

    <record id="account_financial_report_line_3_02_1_fr_bilan_actif" model="account.financial.html.report.line">
        <field name="name">Charges à répartir sur plusieurs exercices</field>
        <field name="code">CHARGES_EXERCICES</field>
        <field name="level" eval="2" />
        <field name="sequence" eval="12"/>
        <field name="parent_id" ref='account_financial_report_line_01_fr_bilan_actif'/>
        <field name="domain" eval="[('account_id.code', '=like', '481%')]"/>
        <field name="groupby">account_id</field>
        <field name="formulas">sum</field>
    </record>

    <record id="account_financial_report_line_5_02_1_fr_bilan_actif" model="account.financial.html.report.line">
        <field name="name">Primes de remboursement des emprunts (IV)</field>
        <field name="code">PRIMES_EMPRUNTS</field>
        <field name="level" eval="2" />
        <field name="sequence" eval="13"/>
        <field name="parent_id" ref='account_financial_report_line_01_fr_bilan_actif'/>
        <field name="domain" eval="[('account_id.code', '=like', '169%')]"/>
        <field name="groupby">account_id</field>
        <field name="formulas">sum</field>
    </record>

    <record id="account_financial_report_line_4_02_1_fr_bilan_actif" model="account.financial.html.report.line">
        <field name="name">Écarts de conversion actif (V)</field>
        <field name="code">ECARTS_ACTIF</field>
        <field name="level" eval="2" />
        <field name="sequence" eval="14"/>
        <field name="parent_id" ref='account_financial_report_line_01_fr_bilan_actif'/>
        <field name="domain" eval="[('account_id.code', '=like', '476%')]"/>
        <field name="groupby">account_id</field>
        <field name="formulas">sum</field>
    </record>

    <record id="account_financial_report_fr_bilan_passif_total" model="account.financial.html.report.line">
        <field name="name">TOTAL PASSIF (I + II + III + IV + V)</field>
        <field name="code">PASSIF_TOT</field>
        <field name="level" eval="0"/>
        <field name="sequence" eval="1"/>
        <field name="parent_id" ref="account_financial_report_line_fr_bilan_actif_passif_total"/>
        <field name="formulas">PASSIF_TOTAL_I + PASSIF_TOTAL_II + PASSIF_TOTAL_III +  PASSIF_TOTAL_IV + ECARTS_PASSIF</field>
    </record>

    <record id="account_financial_report_line_01_fr_bilan_passif" model="account.financial.html.report.line">
        <field name="name">Passif</field>
        <field name="code">PASSIF</field>
        <field name="level" eval="1" />
        <field name="sequence" eval="2"/>
        <field name="parent_id" ref='account_financial_report_fr_bilan_passif_total'/>
    </record>

    <record id="account_financial_report_line_02_1_fr_bilan_passif" model="account.financial.html.report.line">
        <field name="name">Capitaux Propres</field>
        <field name="code">CAPITAUX_PROPRES</field>
        <field name="level" eval="2" />
        <field name="sequence" eval="1"/>
        <field name="parent_id" ref='account_financial_report_line_01_fr_bilan_passif'/>
    </record>

    <record id="account_financial_report_line_03_0_1_fr_bilan_passif" model="account.financial.html.report.line">
        <field name="name">Capital social ou individuel</field>
        <field name="code">CAPITAL</field>
        <field name="level" eval="3" />
        <field name="sequence" eval="1"/>
        <field name="parent_id" ref='account_financial_report_line_02_1_fr_bilan_passif'/>
        <field name="domain" eval="['|', ('account_id.code', '=like', '101%'),
                                   ('account_id.code', '=like', '108%')]"/>
        <field name="groupby">account_id</field>
        <field name="formulas">-sum</field>
    </record>

    <record id="account_financial_report_line_03_0_2_fr_bilan_passif" model="account.financial.html.report.line">
        <field name="name">Fonds fiduciaires</field>
        <field name="code">FONDS_FIDUCIAIRES</field>
        <field name="level" eval="3" />
        <field name="sequence" eval="2"/>
        <field name="parent_id" ref='account_financial_report_line_02_1_fr_bilan_passif'/>
        <field name="domain" eval="[('account_id.code', '=like', '102%')]"/>
        <field name="groupby">account_id</field>
        <field name="formulas">-sum</field>
    </record>

    <record id="account_financial_report_line_03_0_3_fr_bilan_passif" model="account.financial.html.report.line">
        <field name="name">Primes d'émission, de fusion, d'apport</field>
        <field name="code">PRIMES_DAPPORT</field>
        <field name="level" eval="3" />
        <field name="sequence" eval="3"/>
        <field name="parent_id" ref='account_financial_report_line_02_1_fr_bilan_passif'/>
        <field name="domain" eval="[('account_id.code', '=like', '104%')]"/>
        <field name="groupby">account_id</field>
        <field name="formulas">-sum</field>
    </record>

    <record id="account_financial_report_line_03_0_4_fr_bilan_passif" model="account.financial.html.report.line">
        <field name="name">Écarts de réévaluation</field>
        <field name="code">ECARTS_REEVALUTION</field>
        <field name="level" eval="3" />
        <field name="sequence" eval="4"/>
        <field name="parent_id" ref='account_financial_report_line_02_1_fr_bilan_passif'/>
        <field name="domain" eval="[('account_id.code', '=like', '105%')]"/>
        <field name="groupby">account_id</field>
        <field name="formulas">-sum</field>
    </record>

    <record id="account_financial_report_line_03_0_5_fr_bilan_passif" model="account.financial.html.report.line">
        <field name="name">Écart d'équivalence</field>
        <field name="code">ECART_EQUIVALENCE</field>
        <field name="level" eval="3" />
        <field name="sequence" eval="5"/>
        <field name="parent_id" ref='account_financial_report_line_02_1_fr_bilan_passif'/>
        <field name="domain" eval="[('account_id.code', '=like', '107%')]"/>
        <field name="groupby">account_id</field>
        <field name="formulas">-sum</field>
    </record>

    <record id="account_financial_report_line_02_2_fr_bilan_passif" model="account.financial.html.report.line">
        <field name="name">Réserves</field>
        <field name="code">RESERVES</field>
        <field name="level" eval="2" />
        <field name="sequence" eval="2"/>
        <field name="parent_id" ref='account_financial_report_line_01_fr_bilan_passif'/>
    </record>

    <record id="account_financial_report_line_03_1_1_fr_bilan_passif" model="account.financial.html.report.line">
        <field name="name">Réserve légale</field>
        <field name="code">RESERVE_LEGALE</field>
        <field name="level" eval="3" />
        <field name="sequence" eval="1"/>
        <field name="parent_id" ref='account_financial_report_line_02_2_fr_bilan_passif'/>
        <field name="domain" eval="[('account_id.code', '=like', '1061%')]"/>
        <field name="groupby">account_id</field>
        <field name="formulas">-sum</field>
    </record>

    <record id="account_financial_report_line_03_1_2_fr_bilan_passif" model="account.financial.html.report.line">
        <field name="name">Réserves réglementées</field>
        <field name="code">RESERVE_INDISPONIBLE</field>
        <field name="level" eval="3" />
        <field name="sequence" eval="2"/>
        <field name="parent_id" ref='account_financial_report_line_02_2_fr_bilan_passif'/>
        <field name="domain" eval="[('account_id.code', '=like', '1062%')]"/>
        <field name="groupby">account_id</field>
        <field name="formulas">-sum</field>
    </record>

    <record id="account_financial_report_line_03_1_3_fr_bilan_passif" model="account.financial.html.report.line">
        <field name="name">Réserves statutaires ou contractuelles</field>
        <field name="code">RESERVE_CONTRACT</field>
        <field name="level" eval="3" />
        <field name="sequence" eval="3"/>
        <field name="parent_id" ref='account_financial_report_line_02_2_fr_bilan_passif'/>
        <field name="domain" eval="[('account_id.code', '=like', '1063%')]"/>
        <field name="groupby">account_id</field>
        <field name="formulas">-sum</field>
    </record>

    <record id="account_financial_report_line_03_1_4_fr_bilan_passif" model="account.financial.html.report.line">
        <field name="name">Réserves réglementées</field>
        <field name="code">RESERVE_REGLEMENT</field>
        <field name="level" eval="3" />
        <field name="sequence" eval="4"/>
        <field name="parent_id" ref='account_financial_report_line_02_2_fr_bilan_passif'/>
        <field name="domain" eval="[('account_id.code', '=like', '1064%')]"/>
        <field name="groupby">account_id</field>
        <field name="formulas">-sum</field>
    </record>

    <record id="account_financial_report_line_03_1_5_fr_bilan_passif" model="account.financial.html.report.line">
        <field name="name">Autres réserves</field>
        <field name="code">AUTRES_RESERVEs</field>
        <field name="level" eval="3" />
        <field name="sequence" eval="5"/>
        <field name="parent_id" ref='account_financial_report_line_02_2_fr_bilan_passif'/>
        <field name="domain" eval="[('account_id.code', '=like', '1068%')]"/>
        <field name="groupby">account_id</field>
        <field name="formulas">-sum</field>
    </record>

    <record id="account_financial_report_line_03_1_6_fr_bilan_passif" model="account.financial.html.report.line">
        <field name="name">Report à nouveau</field>
        <field name="code">REPORT_NOUVEAU</field>
        <field name="level" eval="3" />
        <field name="sequence" eval="6"/>
        <field name="parent_id" ref='account_financial_report_line_02_2_fr_bilan_passif'/>
        <field name="domain" eval="[
                                   '|', ('account_id.code', '=like', '7%'),
                                   '|', ('account_id.code', '=like', '6%'),
                                   '|', ('account_id.code', '=like', '11%'),
                                   ('account_id.code', '=like', '12%')
                                   ]"/>
        <field name="groupby">account_id</field>
        <field name="formulas">-sum - RESULT_LEXERCICE</field>
        <field name="show_domain">never</field>
        <field name="special_date_changer">from_beginning</field>
    </record>

    <record id="account_financial_report_line_03_1_7_fr_bilan_passif" model="account.financial.html.report.line">
        <field name="name">Résultat de l'exercice</field>
        <field name="code">RESULT_LEXERCICE</field>
        <field name="level" eval="3" />
        <field name="sequence" eval="7"/>
        <field name="parent_id" ref='account_financial_report_line_02_2_fr_bilan_passif'/>
        <field name="domain" eval="['|', ('account_id.code', '=like', '7%'), ('account_id.code', '=like', '6%')]" />
        <field name="formulas">-sum</field>
        <field name="show_domain">never</field>
        <field name="special_date_changer">from_fiscalyear</field>
    </record>

    <record id="account_financial_report_line_03_1_8_fr_bilan_passif" model="account.financial.html.report.line">
        <field name="name">Subventions d'investissement</field>
        <field name="code">SUBVENTIONS_INVEST</field>
        <field name="level" eval="3" />
        <field name="sequence" eval="8"/>
        <field name="parent_id" ref='account_financial_report_line_02_2_fr_bilan_passif'/>
        <field name="domain" eval="[('account_id.code', '=like', '13%')]"/>
        <field name="groupby">account_id</field>
        <field name="formulas">-sum</field>
    </record>

    <record id="account_financial_report_line_03_1_9_fr_bilan_passif" model="account.financial.html.report.line">
        <field name="name">Provisions réglementées</field>
        <field name="code">PROVISIONS_REGLEMENT</field>
        <field name="level" eval="3" />
        <field name="sequence" eval="9"/>
        <field name="parent_id" ref='account_financial_report_line_02_2_fr_bilan_passif'/>
        <field name="domain" eval="[('account_id.code', '=like', '14%')]"/>
        <field name="groupby">account_id</field>
        <field name="formulas">-sum</field>
    </record>

    <record id="account_financial_report_line_02_3_fr_bilan_passif" model="account.financial.html.report.line">
        <field name="name">Total (I)</field>
        <field name="code">PASSIF_TOTAL_I</field>
        <field name="level" eval="2" />
        <field name="sequence" eval="3"/>
        <field name="parent_id" ref='account_financial_report_line_01_fr_bilan_passif'/>
        <field name="formulas">CAPITAL + FONDS_FIDUCIAIRES + PRIMES_DAPPORT + ECARTS_REEVALUTION + ECART_EQUIVALENCE + RESERVE_LEGALE + RESERVE_CONTRACT + RESERVE_REGLEMENT + AUTRES_RESERVEs + REPORT_NOUVEAU + RESULT_LEXERCICE + SUBVENTIONS_INVEST + PROVISIONS_REGLEMENT</field>
    </record>

    <record id="account_financial_report_line_02_9_fr_bilan_passif" model="account.financial.html.report.line">
        <field name="name">Autres fonds propres</field>
        <field name="code">AUTRES_FONDS_PROPRES</field>
        <field name="level" eval="2" />
        <field name="sequence" eval="4"/>
        <field name="parent_id" ref='account_financial_report_line_01_fr_bilan_passif'/>
    </record>

    <record id="account_financial_report_line_03_4_1_fr_bilan_passif" model="account.financial.html.report.line">
        <field name="name">Montant des émissions de titres participatifs</field>
        <field name="code">MONTANT_EMISSIONS</field>
        <field name="level" eval="3" />
        <field name="sequence" eval="1"/>
        <field name="parent_id" ref='account_financial_report_line_02_9_fr_bilan_passif'/>
        <field name="domain" eval="['|', ('account_id.code', '=', '1670'),
                                   ('account_id.code', '=', '1671')]"/>
        <field name="groupby">account_id</field>
        <field name="formulas">-sum</field>
    </record>

    <record id="account_financial_report_line_03_4_2_fr_bilan_passif" model="account.financial.html.report.line">
        <field name="name">Avances conditionnées</field>
        <field name="code">AVANCES_CONDITIONNEES</field>
        <field name="level" eval="3" />
        <field name="sequence" eval="2"/>
        <field name="parent_id" ref='account_financial_report_line_02_9_fr_bilan_passif'/>
        <field name="domain" eval="['|', ('account_id.code', '=', '1672'),
                                   '|', ('account_id.code', '=', '1673'),
                                   '|', ('account_id.code', '=', '1674'),
                                   ('account_id.code', '=', '1675')]"/>
        <field name="groupby">account_id</field>
        <field name="formulas">-sum</field>
    </record>

    <record id="account_financial_report_line_03_4_3_fr_bilan_passif" model="account.financial.html.report.line">
        <field name="name">Comptes de liaison</field>
        <field name="code">COMPTES_LIAISONS</field>
        <field name="level" eval="3" />
        <field name="sequence" eval="3"/>
        <field name="parent_id" ref='account_financial_report_line_02_9_fr_bilan_passif'/>
        <field name="domain" eval="[('account_id.code', '=', '18')]"/>
        <field name="groupby">account_id</field>
        <field name="formulas">-sum</field>
    </record>

    <record id="account_financial_report_line_02_10_fr_bilan_passif" model="account.financial.html.report.line">
        <field name="name">Total (II)</field>
        <field name="code">PASSIF_TOTAL_II</field>
        <field name="level" eval="2" />
        <field name="sequence" eval="5"/>
        <field name="parent_id" ref='account_financial_report_line_01_fr_bilan_passif'/>
        <field name="formulas">MONTANT_EMISSIONS + AVANCES_CONDITIONNEES + COMPTES_LIAISONS</field>
    </record>

    <record id="account_financial_report_line_02_4_fr_bilan_passif" model="account.financial.html.report.line">
        <field name="name">Provisions</field>
        <field name="code">PROVISIONS</field>
        <field name="level" eval="2" />
        <field name="sequence" eval="6"/>
        <field name="parent_id" ref='account_financial_report_line_01_fr_bilan_passif'/>
    </record>

    <record id="account_financial_report_line_03_2_1_fr_bilan_passif" model="account.financial.html.report.line">
        <field name="name">Provisions pour risques</field>
        <field name="code">PROVISIONS_RISQUES</field>
        <field name="level" eval="3" />
        <field name="sequence" eval="1"/>
        <field name="parent_id" ref='account_financial_report_line_02_4_fr_bilan_passif'/>
        <field name="domain" eval="[('account_id.code', '=like', '151%')]"/>
        <field name="groupby">account_id</field>
        <field name="formulas">-sum</field>
    </record>

    <record id="account_financial_report_line_03_2_2_fr_bilan_passif" model="account.financial.html.report.line">
        <field name="name">Provisions pour charges</field>
        <field name="code">PROVISIONS_CHARGES</field>
        <field name="level" eval="3" />
        <field name="sequence" eval="2"/>
        <field name="parent_id" ref='account_financial_report_line_02_4_fr_bilan_passif'/>
        <field name="domain" eval="[('account_id.code', '=like', '15%'),
                                   '!', ('account_id.code', '=like', '151%')]"/>
        <field name="groupby">account_id</field>
        <field name="formulas">-sum</field>
    </record>

    <record id="account_financial_report_line_02_5_fr_bilan_passif" model="account.financial.html.report.line">
        <field name="name">Total (III)</field>
        <field name="code">PASSIF_TOTAL_III</field>
        <field name="level" eval="2" />
        <field name="sequence" eval="7"/>
        <field name="parent_id" ref='account_financial_report_line_01_fr_bilan_passif'/>
        <field name="formulas">PROVISIONS_RISQUES + PROVISIONS_CHARGES</field>
    </record>

    <record id="account_financial_report_line_02_6_fr_bilan_passif" model="account.financial.html.report.line">
        <field name="name">Dettes</field>
        <field name="code">DETTES</field>
        <field name="level" eval="2" />
        <field name="sequence" eval="8"/>
        <field name="parent_id" ref='account_financial_report_line_01_fr_bilan_passif'/>
    </record>

    <record id="account_financial_report_line_03_3_1_fr_bilan_passif" model="account.financial.html.report.line">
        <field name="name">Emprunts obligataires convertibles</field>
        <field name="code">EMPRUNTS_CONVERT</field>
        <field name="level" eval="3" />
        <field name="sequence" eval="1"/>
        <field name="parent_id" ref='account_financial_report_line_02_6_fr_bilan_passif'/>
        <field name="domain" eval="['|', ('account_id.code', '=like', '161%'),
                                   ('account_id.code', '=like', '16881%')]"/>
        <field name="groupby">account_id</field>
        <field name="formulas">-sum</field>
    </record>

    <record id="account_financial_report_line_03_3_2_fr_bilan_passif" model="account.financial.html.report.line">
        <field name="name">Autres emprunts obligataires</field>
        <field name="code">AUTRES_OBLIGATAIRES</field>
        <field name="level" eval="3" />
        <field name="sequence" eval="2"/>
        <field name="parent_id" ref='account_financial_report_line_02_6_fr_bilan_passif'/>
        <field name="domain" eval="['|',  ('account_id.code', '=like', '162%'),
                                   '|', ('account_id.code', '=like', '163%'),
                                   ('account_id.code', '=like', '16883%')]"/>
        <field name="groupby">account_id</field>
        <field name="formulas">-sum</field>
    </record>

    <record id="account_financial_report_line_03_3_3_fr_bilan_passif" model="account.financial.html.report.line">
        <field name="name">Emprunts et dettes auprès des établissements de crédit</field>
        <field name="code">EMPRUNTS_CREDIT</field>
        <field name="level" eval="3" />
        <field name="sequence" eval="3"/>
        <field name="parent_id" ref='account_financial_report_line_02_6_fr_bilan_passif'/>
        <field name="domain" eval="['|', ('account_id.code', '=like', '164%'),
                                   '|', ('account_id.code', '=like', '16884%'),
                                   ('account_id.code', '=like', '519%')]"/>
        <field name="groupby">account_id</field>
        <field name="show_domain">foldable</field>
        <field name="formulas">- sum - EMPRUNTS_CREDIT_CREDIT</field>
    </record>

    <record id="account_financial_report_line_03_3_3c_fr_bilan_passif" model="account.financial.html.report.line">
        <field name="name">Emprunts et dettes auprès des établissements de crédit - credit</field>
        <field name="code">EMPRUNTS_CREDIT_CREDIT</field>
        <field name="level" eval="3" />
        <field name="sequence" eval="3"/>
        <field name="domain" eval="['|', ('account_id.code', '=like', '512%'),
                                   '|', ('account_id.code', '=like', '513%'),
                                   '|', ('account_id.code', '=like', '514%'),
                                   '|', ('account_id.code', '=like', '517%'),
                                   ('account_id.code', '=like', '518%')]"/>
        <field name="groupby">account_id</field>
        <field name="formulas">sum_if_neg_groupby</field>
    </record>

    <record id="account_financial_report_line_03_3_4_fr_bilan_passif" model="account.financial.html.report.line">
        <field name="name">Emprunts et dettes financières diverses</field>
        <field name="code">EMPRUNTS_DIVERSES</field>
        <field name="level" eval="3" />
        <field name="sequence" eval="4"/>
        <field name="parent_id" ref='account_financial_report_line_02_6_fr_bilan_passif'/>
        <field name="domain" eval="['|', ('account_id.code', '=like', '165%'),
                                   '|', ('account_id.code', '=like', '166%'),
                                   '|', ('account_id.code', '=like', '1675%'),
                                   '|', ('account_id.code', '=like', '168%'),
                                   '|', ('account_id.code', '=like', '17%'),
                                   ('account_id.code', '=like', '426%'),
                                   '!', '|', ('account_id.code', '=like', '16881%'),
                                   '|', ('account_id.code', '=like', '16883%'),
                                   ('account_id.code', '=like', '16884%')]"/>
        <field name="groupby">account_id</field>
        <field name="show_domain">foldable</field>
        <field name="formulas">-sum - EMPRUNTS_DIVERSES_CREDIT</field>
    </record>

    <record id="account_financial_report_line_03_3_4c_fr_bilan_passif" model="account.financial.html.report.line">
        <field name="name">Emprunts et dettes financières diverses - credit</field>
        <field name="code">EMPRUNTS_DIVERSES_CREDIT</field>
        <field name="level" eval="3" />
        <field name="sequence" eval="4"/>
        <field name="domain" eval="[('account_id.code', '=like', '45%'),
                                   '!', ('account_id.code', '=like', '457%')]"/>
        <field name="groupby">account_id</field>
        <field name="formulas">sum_if_neg_groupby</field>
    </record>

    <record id="account_financial_report_line_03_3_5_fr_bilan_passif" model="account.financial.html.report.line">
        <field name="name">Avances et acomptes reçus sur commandes en cours</field>
        <field name="code">AVANCES_COURS</field>
        <field name="level" eval="3" />
        <field name="sequence" eval="5"/>
        <field name="parent_id" ref='account_financial_report_line_02_6_fr_bilan_passif'/>
        <field name="domain" eval="[('account_id.code', '=like', '4191%')]"/>
        <field name="groupby">account_id</field>
        <field name="formulas">-sum</field>
    </record>

    <record id="account_financial_report_line_03_3_6_fr_bilan_passif" model="account.financial.html.report.line">
        <field name="name">Dettes fournisseurs et comptes rattachés</field>
        <field name="code">DETTES_RATTACHES</field>
        <field name="level" eval="3" />
        <field name="sequence" eval="6"/>
        <field name="parent_id" ref='account_financial_report_line_02_6_fr_bilan_passif'/>
        <field name="domain" eval="['|', ('account_id.code', '=like', '400%'),
                                   '|', ('account_id.code', '=like', '401%'),
                                   '|', ('account_id.code', '=like', '402%'),
                                   '|', ('account_id.code', '=like', '403%'),
                                   ('account_id.code', '=like', '408%'),
                                   '!', ('account_id.code', '=like', '4084%')]"/>
        <field name="groupby">account_id</field>
        <field name="formulas">-sum</field>
    </record>

    <record id="account_financial_report_line_03_3_7_fr_bilan_passif" model="account.financial.html.report.line">
        <field name="name">Dettes fiscales et sociales</field>
        <field name="code">DETTES_SOCIALES</field>
        <field name="level" eval="3" />
        <field name="sequence" eval="7"/>
        <field name="parent_id" ref='account_financial_report_line_02_6_fr_bilan_passif'/>
        <field name="domain" eval="['|', ('account_id.code', '=like', '421%'),
                                   '|', ('account_id.code', '=like', '422%'),
                                   '|', ('account_id.code', '=like', '424%'),
                                   '|', ('account_id.code', '=like', '427%'),
                                   '|', ('account_id.code', '=like', '43%'),
                                   '|', ('account_id.code', '=like', '442%'),
                                   '|', ('account_id.code', '=like', '4452%'),
                                   '|', ('account_id.code', '=like', '4455%'),
                                   '|', ('account_id.code', '=like', '44584%'),
                                   '|', ('account_id.code', '=like', '44587%'),
                                   '|', ('account_id.code', '=like', '446%'),
                                   '|', ('account_id.code', '=like', '447%'),
                                   ('account_id.code', '=like', '457%'),
                                   '!', ('account_id.code', '=like', '438%')]"/>
        <field name="groupby">account_id</field>
        <field name="show_domain">foldable</field>
        <field name="formulas">-sum - DETTES_SOCIALES_CREDIT</field>
    </record>

    <record id="account_financial_report_line_03_3_7c_fr_bilan_passif" model="account.financial.html.report.line">
        <field name="name">Dettes fiscales et sociales - credit</field>
        <field name="code">DETTES_SOCIALES_CREDIT</field>
        <field name="level" eval="3" />
        <field name="sequence" eval="7"/>
        <field name="domain" eval="['|', ('account_id.code', '=like', '428%'),
                                   '|', ('account_id.code', '=like', '438%'),
                                   '|', ('account_id.code', '=like', '443%'),
                                   '|', ('account_id.code', '=like', '444%'),
                                   '|', ('account_id.code', '=like', '448%'),
                                   '|', ('account_id.code', '=like', '4457%'),
                                   ('account_id.code', '=like', '4458%'),
                                   '!', '|', ('account_id.code', '=like', '4287%'),
                                   '|', ('account_id.code', '=like', '44584%'),
                                   ('account_id.code', '=like', '44587%')]"/>
        <field name="groupby">account_id</field>
        <field name="formulas">sum_if_neg_groupby</field>
    </record>

    <record id="account_financial_report_line_03_3_8_fr_bilan_passif" model="account.financial.html.report.line">
        <field name="name">Dettes sur immobilisations et comptes rattachés</field>
        <field name="code">DETTES_SUR_RATTACHES</field>
        <field name="level" eval="3" />
        <field name="sequence" eval="8"/>
        <field name="parent_id" ref='account_financial_report_line_02_6_fr_bilan_passif'/>
        <field name="domain" eval="['|', ('account_id.code', '=like', '269%'),
                                   '|', ('account_id.code', '=like', '279%'),
                                   '|', ('account_id.code', '=like', '404%'),
                                   '|', ('account_id.code', '=like', '405%'),
                                   ('account_id.code', '=like', '4084%')]"/>
        <field name="groupby">account_id</field>
        <field name="formulas">-sum</field>
    </record>

    <record id="account_financial_report_line_03_3_9_fr_bilan_passif" model="account.financial.html.report.line">
        <field name="name">Autres dettes</field>
        <field name="code">AUTRES_DETTES</field>
        <field name="level" eval="3" />
        <field name="sequence" eval="9"/>
        <field name="parent_id" ref='account_financial_report_line_02_6_fr_bilan_passif'/>
        <field name="domain" eval="['|', ('account_id.code', '=like', '4196%'),
                                   '|', ('account_id.code', '=like', '4197%'),
                                   '|', ('account_id.code', '=like', '4198%'),
                                   '|', ('account_id.code', '=like', '464%'),
                                   '|', ('account_id.code', '=like', '4686%'),
                                   ('account_id.code', '=like', '509%')]"/>
        <field name="groupby">account_id</field>
        <field name="show_domain">foldable</field>
        <field name="formulas">-sum - AUTRES_DETTES_CREDIT</field>
    </record>

    <record id="account_financial_report_line_03_3_9c_fr_bilan_passif" model="account.financial.html.report.line">
        <field name="name">Autres dettes</field>
        <field name="code">AUTRES_DETTES_CREDIT</field>
        <field name="level" eval="3" />
        <field name="sequence" eval="9"/>
        <field name="domain" eval="['|', ('account_id.code', '=like', '467%'),
                                   '|', ('account_id.code', '=like', '468%'),
                                   '|', ('account_id.code', '=like', '470%'),
                                   ('account_id.code', '=like', '478%')]"/>
        <field name="groupby">account_id</field>
        <field name="formulas">sum_if_neg_groupby</field>
    </record>

    <record id="account_financial_report_line_03_3_11_fr_bilan_passif" model="account.financial.html.report.line">
        <field name="name">Produits constatés d'avance</field>
        <field name="code">PRODUITS_DAVANCE</field>
        <field name="level" eval="3" />
        <field name="sequence" eval="11"/>
        <field name="parent_id" ref='account_financial_report_line_02_6_fr_bilan_passif'/>
        <field name="domain" eval="[('account_id.code', '=like', '487%')]"/>
        <field name="groupby">account_id</field>
        <field name="formulas">-sum</field>
    </record>

    <record id="account_financial_report_line_02_7_fr_bilan_passif" model="account.financial.html.report.line">
        <field name="name">Total (IV)</field>
        <field name="code">PASSIF_TOTAL_IV</field>
        <field name="level" eval="2" />
        <field name="sequence" eval="9"/>
        <field name="parent_id" ref='account_financial_report_line_01_fr_bilan_passif'/>
        <field name="formulas">EMPRUNTS_CONVERT + AUTRES_OBLIGATAIRES + EMPRUNTS_CREDIT + EMPRUNTS_DIVERSES + AVANCES_COURS + DETTES_RATTACHES + DETTES_SOCIALES + DETTES_SUR_RATTACHES + AUTRES_DETTES + PRODUITS_DAVANCE</field>
    </record>

    <record id="account_financial_report_line_02_8_fr_bilan_passif" model="account.financial.html.report.line">
        <field name="name">Écarts de conversion passif (IV)</field>
        <field name="code">ECARTS_PASSIF</field>
        <field name="level" eval="2" />
        <field name="sequence" eval="10"/>
        <field name="parent_id" ref='account_financial_report_line_01_fr_bilan_passif'/>
        <field name="domain" eval="[('account_id.code', '=like', '477%')]"/>
        <field name="groupby">account_id</field>
        <field name="formulas">-sum</field>
    </record>

    <record id="account_financial_report_fr_off_sheet" model="account.financial.html.report.line">
        <field name="name">COMPTES HORS BILAN</field>
        <field name="code">FR_OS</field>
        <field name="financial_report_id" ref="account_financial_report_l10n_fr_bilan"/>
        <field name="domain" eval="[('account_id.user_type_id', '=', ref('account.data_account_off_sheet'))]"/>
        <field name="groupby">account_id</field>
        <field name="formulas">-sum</field>
        <field name="sequence" eval="2"/>
        <field name="level" eval="0"/>
        <field name="hide_if_empty" eval="1"/>
    </record>
</odoo>
