<?xml version='1.0' encoding='UTF-8'?>
<odoo>
  <record id="account_financial_report_l10n_fr_cdr" model="account.financial.html.report">
    <field name="name">Compte de résultats</field>
    <field name="unfold_all_filter" eval="True"/>
    <field name="parent_id" ref="l10n_fr.account_reports_fr_statements_menu"/>
    <field name="show_journal_filter" eval="True"/>
  </record>
  <record id="account_financial_report_line_01_fr_cdr_prod_exp_A" model="account.financial.html.report.line">
    <field name="name">Produits d'exploitation (I)</field>
    <field name="level" eval="1"/>
    <field name="sequence" eval="2"/>
    <field name="financial_report_id" ref="account_financial_report_l10n_fr_cdr"/>
    <field name="parent_id" eval="False"/>
    <field name="code">I</field>
    <field name="formulas">i_1 + i_2 + i_3 + i_4 + i_5 + i_6 + i_7</field>
  </record>
  <record id="account_financial_report_line_fr_cdrp1" model="account.financial.html.report.line">
    <field name="name">Ventes de marchandises</field>
    <field name="level" eval="2"/>
    <field name="sequence" eval="1"/>
    <field name="parent_id" ref="account_financial_report_line_01_fr_cdr_prod_exp_A"/>
    <field name="code">i_1</field>
    <field name="formulas">-sum</field>
    <field name="domain" eval="[
'|', ('account_id.code', '=like', '707%'),
('account_id.code', '=like', '7097%')]"/>
    <field name="groupby">account_id</field>
  </record>
  <record id="account_financial_report_line_fr_cdrp2" model="account.financial.html.report.line">
    <field name="name">Production vendue (biens et service)</field>
    <field name="level" eval="2"/>
    <field name="sequence" eval="2"/>
    <field name="parent_id" ref="account_financial_report_line_01_fr_cdr_prod_exp_A"/>
    <field name="code">i_2</field>
    <field name="formulas">-sum</field>
    <field name="domain" eval="[
'|', ('account_id.code', '=like', '701%'),
'|', ('account_id.code', '=like', '702%'),
'|', ('account_id.code', '=like', '703%'),
'|', ('account_id.code', '=like', '704%'),
'|', ('account_id.code', '=like', '705%'),
'|', ('account_id.code', '=like', '706%'),
'|', ('account_id.code', '=like', '708%'),
'|', ('account_id.code', '=like', '7091%'),
'|', ('account_id.code', '=like', '7092%'),
'|', ('account_id.code', '=like', '7094%'),
'|', ('account_id.code', '=like', '7095%'),
'|', ('account_id.code', '=like', '7096%'),
'|', ('account_id.code', '=like', '7098%'),
('account_id.code', '=like', '73%')]"/>
    <field name="groupby">account_id</field>
  </record>
  <record id="account_financial_report_line_fr_cdrp3" model="account.financial.html.report.line">
    <field name="name">Production Stockée</field>
    <field name="level" eval="2"/>
    <field name="sequence" eval="3"/>
    <field name="parent_id" ref="account_financial_report_line_01_fr_cdr_prod_exp_A"/>
    <field name="code">i_3</field>
    <field name="formulas">-sum</field>
    <field name="domain" eval="[
('account_id.code', '=like', '713%')]"/>
    <field name="groupby">account_id</field>
  </record>
  <record id="account_financial_report_line_fr_cdrp4" model="account.financial.html.report.line">
    <field name="name">Production immobilisée</field>
    <field name="level" eval="2"/>
    <field name="sequence" eval="4"/>
    <field name="parent_id" ref="account_financial_report_line_01_fr_cdr_prod_exp_A"/>
    <field name="code">i_4</field>
    <field name="formulas">-sum</field>
    <field name="domain" eval="[
('account_id.code', '=like', '72%')]"/>
    <field name="groupby">account_id</field>
  </record>
  <record id="account_financial_report_line_fr_cdrp5" model="account.financial.html.report.line">
    <field name="name">Subventions d'exploitation</field>
    <field name="level" eval="2"/>
    <field name="sequence" eval="5"/>
    <field name="parent_id" ref="account_financial_report_line_01_fr_cdr_prod_exp_A"/>
    <field name="code">i_5</field>
    <field name="formulas">-sum</field>
    <field name="domain" eval="[('account_id.code', '=like', '74%')]"/>
    <field name="groupby">account_id</field>
  </record>
  <record id="account_financial_report_line_fr_cdrp6" model="account.financial.html.report.line">
    <field name="name">Reprises sur provisions (et amortissements), transfert de charges</field>
    <field name="level" eval="2"/>
    <field name="sequence" eval="6"/>
    <field name="parent_id" ref="account_financial_report_line_01_fr_cdr_prod_exp_A"/>
    <field name="code">i_6</field>
    <field name="formulas">-sum</field>
    <field name="domain" eval="[
'|', ('account_id.code', '=like', '781%'),
'|', ('account_id.code', '=like', '791%'),
('account_id.code', '=like', '796%')]"/>
    <field name="groupby">account_id</field>
  </record>
  <record id="account_financial_report_line_fr_cdrp7" model="account.financial.html.report.line">
    <field name="name">Autres produits</field>
    <field name="level" eval="2"/>
    <field name="sequence" eval="7"/>
    <field name="parent_id" ref="account_financial_report_line_01_fr_cdr_prod_exp_A"/>
    <field name="code">i_7</field>
    <field name="formulas">-sum</field>
    <field name="domain" eval="[
'|', ('account_id.code', '=like', '751%'),
'|', ('account_id.code', '=like', '752%'),
'|', ('account_id.code', '=like', '753%'),
'|', ('account_id.code', '=like', '754%'),
'|', ('account_id.code', '=like', '756%'),
('account_id.code', '=like', '758%')]"/>
    <field name="groupby">account_id</field>
  </record>
  <record id="account_financial_report_line_01_fr_cdr_char_exp" model="account.financial.html.report.line">
    <field name="name">Charges d'exploitation (II)</field>
    <field name="level" eval="1"/>
    <field name="sequence" eval="3"/>
    <field name="financial_report_id" ref="account_financial_report_l10n_fr_cdr"/>
    <field name="code">II</field>
    <field name="formulas">ii_1 + ii_2 + ii_3 + ii_4 + ii_5 + ii_6 + ii_7 + ii_8 + ii_9 + ii_10 + ii_11 + ii_12</field>
  </record>
  <record id="account_financial_report_line_fr_cdrc1" model="account.financial.html.report.line">
    <field name="name">Achats de marchandise</field>
    <field name="level" eval="2"/>
    <field name="sequence" eval="1"/>
    <field name="parent_id" ref="account_financial_report_line_01_fr_cdr_char_exp"/>
    <field name="code">ii_1</field>
    <field name="formulas">sum</field>
    <field name="domain" eval="[
'|', ('account_id.code', '=like', '607%'),
'|', ('account_id.code', '=like', '608%'),
('account_id.code', '=like', '6097%')]"/>
    <field name="groupby">account_id</field>
  </record>
  <record id="account_financial_report_line_fr_cdrc2" model="account.financial.html.report.line">
    <field name="name">Variation de stocks (marchandises)</field>
    <field name="level" eval="2"/>
    <field name="sequence" eval="2"/>
    <field name="parent_id" ref="account_financial_report_line_01_fr_cdr_char_exp"/>
    <field name="code">ii_2</field>
    <field name="formulas">sum</field>
    <field name="domain" eval="[('account_id.code', '=like', '6037%')]"/>
    <field name="groupby">account_id</field>
  </record>
  <record id="account_financial_report_line_fr_cdrc3" model="account.financial.html.report.line">
    <field name="name">Achats de matières premières et autres approvisionnements</field>
    <field name="level" eval="2"/>
    <field name="sequence" eval="3"/>
    <field name="parent_id" ref="account_financial_report_line_01_fr_cdr_char_exp"/>
    <field name="code">ii_3</field>
    <field name="formulas">sum</field>
    <field name="domain" eval="[
'|', ('account_id.code', '=like', '601%'),
'|', ('account_id.code', '=like', '602%'),
'|', ('account_id.code', '=like', '6091%'),
('account_id.code', '=like', '6092%')]"/>
    <field name="groupby">account_id</field>
  </record>
  <record id="account_financial_report_line_fr_cdrc4" model="account.financial.html.report.line">
    <field name="name">Variations de stocks (matières premières et approvisionnements)</field>
    <field name="level" eval="2"/>
    <field name="sequence" eval="4"/>
    <field name="parent_id" ref="account_financial_report_line_01_fr_cdr_char_exp"/>
    <field name="code">ii_4</field>
    <field name="formulas">sum</field>
    <field name="domain" eval="[
'|', ('account_id.code', '=like', '6031%'),
('account_id.code', '=like', '6032%')]"/>
    <field name="groupby">account_id</field>
  </record>
  <record id="account_financial_report_line_fr_cdrc5" model="account.financial.html.report.line">
    <field name="name">Autres achats et charges externes</field>
    <field name="level" eval="2"/>
    <field name="sequence" eval="5"/>
    <field name="parent_id" ref="account_financial_report_line_01_fr_cdr_char_exp"/>
    <field name="code">ii_5</field>
    <field name="formulas">sum</field>
    <field name="domain" eval="[
'|', ('account_id.code', '=like', '604%'),
'|', ('account_id.code', '=like', '605%'),
'|', ('account_id.code', '=like', '606%'),
'|', ('account_id.code', '=like', '6090%'),
'|', ('account_id.code', '=like', '6094%'),
'|', ('account_id.code', '=like', '6093%'),
'|', ('account_id.code', '=like', '6095%'),
'|', ('account_id.code', '=like', '6096%'),
'|', ('account_id.code', '=like', '6098%'),
'|', ('account_id.code', '=like', '6099%'),
'|', ('account_id.code', '=like', '61%'),
'|', ('account_id.code', '=like', '62%'),
'|', ('account_id.code', '=like', '651%'),
('account_id.code', '=like', '653%')]"/>
    <field name="groupby">account_id</field>
  </record>
  <record id="account_financial_report_line_fr_cdrc8" model="account.financial.html.report.line">
    <field name="name">Impôts et taxes</field>
    <field name="level" eval="2"/>
    <field name="sequence" eval="6"/>
    <field name="parent_id" ref="account_financial_report_line_01_fr_cdr_char_exp"/>
    <field name="code">ii_6</field>
    <field name="formulas">sum</field>
    <field name="domain" eval="[
'|', ('account_id.code', '=like', '635%'),
'|', ('account_id.code', '=like', '637%'),
'|', ('account_id.code', '=like', '644%'),
'|', ('account_id.code', '=like', '649%'),
('account_id.code', '=like', '696%')]"/>
    <field name="groupby">account_id</field>
  </record>
  <record id="account_financial_report_line_fr_cdrc9" model="account.financial.html.report.line">
    <field name="name">Salaires et traitements</field>
    <field name="level" eval="2"/>
    <field name="sequence" eval="7"/>
    <field name="parent_id" ref="account_financial_report_line_01_fr_cdr_char_exp"/>
    <field name="code">ii_7</field>
    <field name="formulas">sum</field>
    <field name="domain" eval="[
'|', ('account_id.code', '=like', '641%'),
('account_id.code', '=like', '648%')]"/>
    <field name="groupby">account_id</field>
  </record>
  <record id="account_financial_report_line_fr_cdrc10" model="account.financial.html.report.line">
    <field name="name">Charges sociales</field>
    <field name="level" eval="2"/>
    <field name="sequence" eval="8"/>
    <field name="parent_id" ref="account_financial_report_line_01_fr_cdr_char_exp"/>
    <field name="code">ii_8</field>
    <field name="formulas">sum</field>
    <field name="domain" eval="[
'|', ('account_id.code', '=like', '645%'),
'|', ('account_id.code', '=like', '646%'),
'|', ('account_id.code', '=like', '647%'),
'|', ('account_id.code', '=like', '631%'),
('account_id.code', '=like', '633%'),
]"/>
    <field name="groupby">account_id</field>
  </record>
  <record id="account_financial_report_line_fr_cdrc11" model="account.financial.html.report.line">
    <field name="name">Dotations aux amortissements et aux provisions sur immobilisations : dotations aux amortissements</field>
    <field name="level" eval="2"/>
    <field name="sequence" eval="9"/>
    <field name="parent_id" ref="account_financial_report_line_01_fr_cdr_char_exp"/>
    <field name="code">ii_9</field>
    <field name="formulas">sum</field>
    <field name="domain" eval="[
'|', ('account_id.code', '=like', '6811%'),
('account_id.code', '=like', '6812%')]"/>
    <field name="groupby">account_id</field>
  </record>
  <record id="account_financial_report_line_fr_cdrc12" model="account.financial.html.report.line">
    <field name="name">Dotations aux amortissements et aux provisions sur immobilisations : dotations aux provisions</field>
    <field name="level" eval="2"/>
    <field name="sequence" eval="10"/>
    <field name="parent_id" ref="account_financial_report_line_01_fr_cdr_char_exp"/>
    <field name="code">ii_10</field>
    <field name="formulas">sum</field>
    <field name="domain" eval="[
('account_id.code', '=like', '6816%')]"/>
    <field name="groupby">account_id</field>
  </record>
  <record id="account_financial_report_line_fr_cdrc13" model="account.financial.html.report.line">
    <field name="name">Dotations aux amortissements et aux provisions sur actif circulant : dotations aux provisions</field>
    <field name="level" eval="2"/>
    <field name="sequence" eval="11"/>
    <field name="parent_id" ref="account_financial_report_line_01_fr_cdr_char_exp"/>
    <field name="code">ii_11</field>
    <field name="formulas">sum</field>
    <field name="domain" eval="[
('account_id.code', '=like', '6817%')]"/>
    <field name="groupby">account_id</field>
  </record>
  <record id="account_financial_report_line_fr_cdrc14" model="account.financial.html.report.line">
    <field name="name">Dotations aux amortissements et aux provisions pour risques et charges: dotations aux provisions</field>
    <field name="level" eval="2"/>
    <field name="sequence" eval="12"/>
    <field name="parent_id" ref="account_financial_report_line_01_fr_cdr_char_exp"/>
    <field name="code">ii_12</field>
    <field name="formulas">sum</field>
    <field name="domain" eval="[('account_id.code', '=like', '6815%')]"/>
    <field name="groupby">account_id</field>
  </record>
  <record id="p_n_l_1_resultat_exploitation" model="account.financial.html.report.line">
    <field name="name">1-Résultat d'exploitation (I-II)</field>
    <field name="level" eval="1"/>
    <field name="sequence" eval="4"/>
    <field name="financial_report_id" ref="account_financial_report_l10n_fr_cdr"/>
    <field name="formulas">I-II</field>
  </record>
  <record id="account_financial_report_line_01_fr_cdr16" model="account.financial.html.report.line">
    <field name="name">Quotes-part de résultat sur opérations faites en commun</field>
    <field name="level" eval="1"/>
    <field name="sequence" eval="5"/>
    <field name="financial_report_id" ref="account_financial_report_l10n_fr_cdr"/>
    <field name="formulas" eval="None"/>
  </record>
  <record id="account_financial_report_line_fr_cdrp8" model="account.financial.html.report.line">
    <field name="name">Bénéfice attribué ou perte de transférée (III)</field>
    <field name="level" eval="2"/>
    <field name="sequence" eval="1"/>
    <field name="parent_id" ref="account_financial_report_line_01_fr_cdr16"/>
    <field name="code">III</field>
    <field name="formulas">sum</field>
    <field name="domain" eval="[
('account_id.code', '=like', '755%')]"/>
    <field name="groupby">account_id</field>
  </record>
  <record id="p_n_l_pertes_supportee_ou_benefice_transfere_iv" model="account.financial.html.report.line">
    <field name="name">Pertes supportée ou bénéfice transféré (IV)</field>
    <field name="level" eval="2"/>
    <field name="sequence" eval="2"/>
    <field name="parent_id" ref="account_financial_report_line_01_fr_cdr16"/>
    <field name="code">IV</field>
    <field name="formulas">sum</field>
    <field name="domain" eval="[
('account_id.code', '=like', '655%'),
]"/>
    <field name="groupby">account_id</field>
  </record>
  <record id="account_financial_report_line_01_fr_cdr_prod_fin" model="account.financial.html.report.line">
    <field name="name">Produits financiers (V)</field>
    <field name="level" eval="1"/>
    <field name="sequence" eval="6"/>
    <field name="financial_report_id" ref="account_financial_report_l10n_fr_cdr"/>
    <field name="code">V</field>
    <field name="formulas">v_1 + v_2 + v_3 + v_4 + v_5 + v_6</field>
  </record>
  <record id="account_financial_report_line_fr_cdrp9" model="account.financial.html.report.line">
    <field name="name">De participations</field>
    <field name="level" eval="2"/>
    <field name="sequence" eval="1"/>
    <field name="parent_id" ref="account_financial_report_line_01_fr_cdr_prod_fin"/>
    <field name="code">v_1</field>
    <field name="formulas">-sum</field>
    <field name="domain" eval="[
('account_id.code', '=like', '761%')]"/>
    <field name="groupby">account_id</field>
  </record>
  <record id="account_financial_report_line_fr_cdrp10" model="account.financial.html.report.line">
    <field name="name">D'autres valeurs mobilières et créances de l'actif immobilisé</field>
    <field name="level" eval="2"/>
    <field name="sequence" eval="2"/>
    <field name="parent_id" ref="account_financial_report_line_01_fr_cdr_prod_fin"/>
    <field name="code">v_2</field>
    <field name="formulas">-sum</field>
    <field name="domain" eval="[
('account_id.code', '=like', '762%')]"/>
    <field name="groupby">account_id</field>
  </record>
  <record id="account_financial_report_line_fr_cdrp11" model="account.financial.html.report.line">
    <field name="name">Autres intérêts et produits assimilés</field>
    <field name="level" eval="2"/>
    <field name="sequence" eval="3"/>
    <field name="parent_id" ref="account_financial_report_line_01_fr_cdr_prod_fin"/>
    <field name="code">v_3</field>
    <field name="formulas">-sum</field>
    <field name="domain" eval="[
'|', ('account_id.code', '=like', '763%'),
'|', ('account_id.code', '=like', '764%'),
'|', ('account_id.code', '=like', '765%'),
('account_id.code', '=like', '768%')]"/>
    <field name="groupby">account_id</field>
  </record>
  <record id="account_financial_report_line_fr_cdrp12" model="account.financial.html.report.line">
    <field name="name">Reprises sur provisions et transferts de charges</field>
    <field name="level" eval="2"/>
    <field name="sequence" eval="4"/>
    <field name="parent_id" ref="account_financial_report_line_01_fr_cdr_prod_fin"/>
    <field name="code">v_4</field>
    <field name="formulas">-sum</field>
    <field name="domain" eval="[
('account_id.code', '=like', '786%')]"/>
    <field name="groupby">account_id</field>
  </record>
  <record id="account_financial_report_line_fr_cdrp13" model="account.financial.html.report.line">
    <field name="name">Différences positives de change</field>
    <field name="level" eval="2"/>
    <field name="sequence" eval="5"/>
    <field name="parent_id" ref="account_financial_report_line_01_fr_cdr_prod_fin"/>
    <field name="code">v_5</field>
    <field name="formulas">-sum</field>
    <field name="domain" eval="[('account_id.code', '=like', '766%')]"/>
    <field name="groupby">account_id</field>
  </record>
  <record id="account_financial_report_line_fr_cdrp14" model="account.financial.html.report.line">
    <field name="name">Produits nets sur cessions de valeurs mobilières de placement</field>
    <field name="level" eval="2"/>
    <field name="sequence" eval="6"/>
    <field name="parent_id" ref="account_financial_report_line_01_fr_cdr_prod_fin"/>
    <field name="code">v_6</field>
    <field name="formulas">-sum</field>
    <field name="domain" eval="[('account_id.code', '=like', '767%')]"/>
    <field name="groupby">account_id</field>
  </record>
  <record id="account_financial_report_line_01_fr_cdr_char_fin" model="account.financial.html.report.line">
    <field name="name">Charges financières (VI)</field>
    <field name="level" eval="1"/>
    <field name="sequence" eval="7"/>
    <field name="financial_report_id" ref="account_financial_report_l10n_fr_cdr"/>
    <field name="code">VI</field>
    <field name="formulas">vi_1 + vi_2 + vi_3 + vi_4 + vi_5</field>
  </record>
  <record id="account_financial_report_line_fr_cdrc17" model="account.financial.html.report.line">
    <field name="name">Dotations aux amortissements et provisions</field>
    <field name="level" eval="2"/>
    <field name="sequence" eval="1"/>
    <field name="parent_id" ref="account_financial_report_line_01_fr_cdr_char_fin"/>
    <field name="code">vi_1</field>
    <field name="formulas">sum</field>
    <field name="domain" eval="[
('account_id.code', '=like', '686%')]"/>
    <field name="groupby">account_id</field>
  </record>
  <record id="account_financial_report_line_fr_cdrc15" model="account.financial.html.report.line">
    <field name="name">Charges diverses</field>
    <field name="level" eval="2"/>
    <field name="sequence" eval="2"/>
    <field name="parent_id" ref="account_financial_report_line_01_fr_cdr_char_fin"/>
    <field name="code">vi_2</field>
    <field name="formulas">sum</field>
    <field name="domain" eval="[
'|', ('account_id.code', '=like', '650%'),
'|', ('account_id.code', '=like', '652%'),
'|', ('account_id.code', '=like', '654%'),
'|', ('account_id.code', '=like', '656%'),
'|', ('account_id.code', '=like', '657%'),
'|', ('account_id.code', '=like', '658%'),
'|', ('account_id.code', '=like', '659%'),
'|', ('account_id.code', '=like', '668%'),
('account_id.code', '=like', '672%')]"/>
    <field name="groupby">account_id</field>
  </record>
  <record id="account_financial_report_line_fr_cdrc18" model="account.financial.html.report.line">
    <field name="name">Intérêts et charges assimilées</field>
    <field name="level" eval="2"/>
    <field name="sequence" eval="3"/>
    <field name="parent_id" ref="account_financial_report_line_01_fr_cdr_char_fin"/>
    <field name="code">vi_3</field>
    <field name="formulas">sum</field>
    <field name="domain" eval="[
'|', ('account_id.code', '=like', '661%'),
'|', ('account_id.code', '=like', '664%'),
('account_id.code', '=like', '665%')]"/>
    <field name="groupby">account_id</field>
  </record>
  <record id="account_financial_report_line_fr_cdrc19" model="account.financial.html.report.line">
    <field name="name">Différences négatives de change</field>
    <field name="level" eval="2"/>
    <field name="sequence" eval="4"/>
    <field name="parent_id" ref="account_financial_report_line_01_fr_cdr_char_fin"/>
    <field name="code">vi_4</field>
    <field name="formulas">sum</field>
    <field name="domain" eval="[('account_id.code', '=like', '666%')]"/>
    <field name="groupby">account_id</field>
  </record>
  <record id="account_financial_report_line_fr_cdrc20" model="account.financial.html.report.line">
    <field name="name">Charges nettes sur cessions de valeurs immobilières de placement</field>
    <field name="level" eval="2"/>
    <field name="sequence" eval="5"/>
    <field name="parent_id" ref="account_financial_report_line_01_fr_cdr_char_fin"/>
    <field name="code">vi_5</field>
    <field name="formulas">sum</field>
    <field name="domain" eval="[('account_id.code', '=like', '667%')]"/>
    <field name="groupby">account_id</field>
  </record>
  <record id="p_n_l_2_resultat_financier_v_vi" model="account.financial.html.report.line">
    <field name="name">2.Résultat financier (V-VI)</field>
    <field name="level" eval="1"/>
    <field name="sequence" eval="8"/>
    <field name="financial_report_id" ref="account_financial_report_l10n_fr_cdr"/>
    <field name="formulas">V - VI</field>
  </record>
  <record id="p_n_l_3_resultat_courant_avant_impots_i_ii_iii_iv_v_vi" model="account.financial.html.report.line">
    <field name="name">3.Résultat courant avant impôts(I-II+III-IV+V-VI)</field>
    <field name="level" eval="1"/>
    <field name="sequence" eval="9"/>
    <field name="financial_report_id" ref="account_financial_report_l10n_fr_cdr"/>
    <field name="formulas">I + III + V - II - IV - VI</field>
  </record>
  <record id="account_financial_report_line_01_fr_cdr_prod_exc" model="account.financial.html.report.line">
    <field name="name">Produits exceptionnels (VII)</field>
    <field name="level" eval="1"/>
    <field name="sequence" eval="10"/>
    <field name="financial_report_id" ref="account_financial_report_l10n_fr_cdr"/>
    <field name="code">VII</field>
    <field name="formulas">vii_1 + vii_2 + vii_3 + vii_4</field>
  </record>
  <record id="account_financial_report_line_fr_cdrp15" model="account.financial.html.report.line">
    <field name="name">Sur opérations de gestion</field>
    <field name="level" eval="2"/>
    <field name="sequence" eval="1"/>
    <field name="parent_id" ref="account_financial_report_line_01_fr_cdr_prod_exc"/>
    <field name="code">vii_1</field>
    <field name="formulas">-sum</field>
    <field name="domain" eval="[
('account_id.code', '=like', '771%')]"/>
    <field name="groupby">account_id</field>
  </record>
  <record id="p_n_l_produits_exceptionnels" model="account.financial.html.report.line">
    <field name="name">Produits exceptionnels</field>
    <field name="level" eval="2"/>
    <field name="sequence" eval="2"/>
    <field name="parent_id" ref="account_financial_report_line_01_fr_cdr_prod_exc"/>
    <field name="code">vii_2</field>
    <field name="formulas">-sum</field>
    <field name="domain" eval="[('account_id.code', '=like', '772%')]"/>
    <field name="groupby">account_id</field>
  </record>
  <record id="account_financial_report_line_fr_cdrp16" model="account.financial.html.report.line">
    <field name="name">Sur opérations au capital</field>
    <field name="level" eval="2"/>
    <field name="sequence" eval="3"/>
    <field name="parent_id" ref="account_financial_report_line_01_fr_cdr_prod_exc"/>
    <field name="code">vii_3</field>
    <field name="formulas">-sum</field>
    <field name="domain" eval="[
'|', ('account_id.code', '=like', '775%'),
'|', ('account_id.code', '=like', '777%'),
('account_id.code', '=like', '778%')]"/>
    <field name="groupby">account_id</field>
  </record>
  <record id="account_financial_report_line_fr_cdrp17" model="account.financial.html.report.line">
    <field name="name">Reprises sur provisions et transferts de charges</field>
    <field name="level" eval="2"/>
    <field name="sequence" eval="4"/>
    <field name="parent_id" ref="account_financial_report_line_01_fr_cdr_prod_exc"/>
    <field name="code">vii_4</field>
    <field name="formulas">-sum</field>
    <field name="domain" eval="[
'|', ('account_id.code', '=like', '787%'),
('account_id.code', '=like', '797%')]"/>
    <field name="groupby">account_id</field>
  </record>
  <record id="account_financial_report_line_01_fr_cdr_char_exc" model="account.financial.html.report.line">
    <field name="name">Charges exceptionnels (VIII)</field>
    <field name="level" eval="1"/>
    <field name="sequence" eval="11"/>
    <field name="financial_report_id" ref="account_financial_report_l10n_fr_cdr"/>
    <field name="code">VIII</field>
    <field name="formulas">viii_1 + viii_2 + viii_3</field>
  </record>
  <record id="account_financial_report_line_fr_cdrc21" model="account.financial.html.report.line">
    <field name="name">Sur opérations de gestion</field>
    <field name="level" eval="2"/>
    <field name="sequence" eval="1"/>
    <field name="parent_id" ref="account_financial_report_line_01_fr_cdr_char_exc"/>
    <field name="code">viii_1</field>
    <field name="formulas">sum</field>
    <field name="domain" eval="[
('account_id.code', '=like', '671%')]"/>
    <field name="groupby">account_id</field>
  </record>
  <record id="account_financial_report_line_fr_cdrc22" model="account.financial.html.report.line">
    <field name="name">Sur opérations au capital</field>
    <field name="level" eval="2"/>
    <field name="sequence" eval="2"/>
    <field name="parent_id" ref="account_financial_report_line_01_fr_cdr_char_exc"/>
    <field name="code">viii_2</field>
    <field name="formulas">sum</field>
    <field name="domain" eval="[
'|', ('account_id.code', '=like', '675%'),
('account_id.code', '=like', '678%')]"/>
    <field name="groupby">account_id</field>
  </record>
  <record id="account_financial_report_line_fr_cdrc23" model="account.financial.html.report.line">
    <field name="name">Dotations aux amortissements et aux provisions</field>
    <field name="level" eval="2"/>
    <field name="sequence" eval="3"/>
    <field name="parent_id" ref="account_financial_report_line_01_fr_cdr_char_exc"/>
    <field name="code">viii_3</field>
    <field name="formulas">sum</field>
    <field name="domain" eval="[
('account_id.code', '=like', '687%')]"/>
    <field name="groupby">account_id</field>
  </record>
  <record id="p_n_l_4_resultat_exceptionnel_vii_viii" model="account.financial.html.report.line">
    <field name="name">4.Résultat exceptionnel (VII-VIII)</field>
    <field name="level" eval="1"/>
    <field name="sequence" eval="12"/>
    <field name="financial_report_id" ref="account_financial_report_l10n_fr_cdr"/>
    <field name="formulas">VII - VIII</field>
  </record>
  <record id="account_financial_report_line_01_fr_cdr24" model="account.financial.html.report.line">
    <field name="name">Participation des salariés aux résultats de l'entreprise (IX)</field>
    <field name="level" eval="2"/>
    <field name="sequence" eval="1"/>
    <field name="parent_id" ref="p_n_l_4_resultat_exceptionnel_vii_viii"/>
    <field name="code">IX</field>
    <field name="formulas">sum</field>
    <field name="domain" eval="[('account_id.code', '=like', '691%')]"/>
    <field name="groupby">account_id</field>
  </record>
  <record id="account_financial_report_line_01_fr_cdr25" model="account.financial.html.report.line">
    <field name="name">Impôts sur les bénéfices (X)</field>
    <field name="level" eval="2"/>
    <field name="sequence" eval="2"/>
    <field name="parent_id" ref="p_n_l_4_resultat_exceptionnel_vii_viii"/>
    <field name="code">X</field>
    <field name="formulas">sum</field>
    <field name="domain" eval="[
'|', ('account_id.code', '=like', '695%'),
'|', ('account_id.code', '=like', '697%'),
'|', ('account_id.code', '=like', '698%'),
('account_id.code', '=like', '699%')]"/>
    <field name="groupby">account_id</field>
  </record>
  <record id="account_financial_report_line_01_fr_cdr_prod" model="account.financial.html.report.line">
    <field name="name">Total des produits (I+III+V+VII)</field>
    <field name="level" eval="1"/>
    <field name="sequence" eval="13"/>
    <field name="financial_report_id" ref="account_financial_report_l10n_fr_cdr"/>
    <field name="code">total_products</field>
    <field name="formulas">I + III + V + VII</field>
  </record>
  <record id="account_financial_report_line_01_fr_cdr_char" model="account.financial.html.report.line">
    <field name="name">Total des charges (II+IV+VI+VIII+IX+X)</field>
    <field name="level" eval="1"/>
    <field name="sequence" eval="14"/>
    <field name="financial_report_id" ref="account_financial_report_l10n_fr_cdr"/>
    <field name="code">total_charges</field>
    <field name="formulas">II + IV + VI + VIII + IX + X</field>
  </record>
  <record id="account_financial_report_line_01_fr_cdr_tot" model="account.financial.html.report.line">
    <field name="name">Bénéfice ou perte</field>
    <field name="level" eval="1"/>
    <field name="sequence" eval="15"/>
    <field name="financial_report_id" ref="account_financial_report_l10n_fr_cdr"/>
    <field name="formulas">total_products - total_charges</field>
  </record>
</odoo>
