id,name,model_id:id,group_id:id,perm_read,perm_write,perm_create,perm_unlink
access_account_online_provider_id,access_account_online_provider_id,model_account_online_provider,base.group_user,1,0,0,0
access_account_online_provider_id_manager,access_account_online_provider_id manager,model_account_online_provider,base.group_erp_manager,1,1,1,1
access_account_online_journal_id,access_account_online_journal_id,model_account_online_journal,base.group_user,1,0,0,0
access_account_online_journal_id_manager,access_account_online_journal_id manager,model_account_online_journal,base.group_erp_manager,1,1,1,1
access_account_online_link_wizard,access.account.online.link.wizard,model_account_online_link_wizard,account.group_account_user,1,1,1,0
access_account_online_wizard,access.account.online.wizard,model_account_online_wizard,account.group_account_user,1,1,1,0
