<?xml version="1.0" encoding="utf-8"?>
<templates>

    <div t-name="documents_spreadsheet.SpreadsheetAction" class="o_spreadsheet_action"></div>

    <div t-name="documents_spreadsheet.ControlPanel" t-inherit="web.ControlPanel" t-inherit-mode="primary" owl="1">
        <xpath expr="//ol[hasclass('breadcrumb')]/li[hasclass('active')]" position="replace">
            <li class="breadcrumb-item active">
                <SpreadsheetName name="props.title"/>
                <a t-if="state.isFavorited !== undefined"
                   title="Toggle favorite"
                   t-on-click="_toggleFavorited"
                   t-attf-class="o_spreadsheet_favorite fa fa-lg fa-star{{!state.isFavorited ? '-o' : ' favorite_button_enabled'}}"/>
            </li>
        </xpath>
        <xpath expr="//div[hasclass('o_cp_bottom')]" position="replace"/>
        <xpath expr="//div[hasclass('o_control_panel')]" position="attributes">
            <attribute name="class" add="o_spreadsheet_cp" separator=" "/>
        </xpath>
    </div>

    <div t-name="documents_spreadsheet.SpreadsheetComponent" class="o_spreadsheet_container" owl="1">
        <Spreadsheet data="data"
                     t-on-ask-confirmation="askConfirmation"
                     t-on-notify-user="notifyUser"
                     t-on-save-content="saveData"
                     t-on-edit-text="editText"
                     t-ref="spreadsheet"
        />
        <Dialog t-if="state.dialog.isDisplayed"
            title="state.dialog.title || 'Odoo Spreadsheet'"
            size="'medium'"
            t-on-dialog-closed.stop="closeDialog"
            >
            <div t-if="dialogContent" t-esc="dialogContent"/>
            <input t-if="state.dialog.isEditText" type="text" class="form-control" t-model="state.inputContent"/>
            <t t-set="buttons">
                <button class="btn btn-primary" t-on-click="confirmDialog">Confirm</button>
                <button class="btn btn-secondary" t-on-click="closeDialog">Cancel</button>
            </t>
        </Dialog>

        <Dialog t-if="state.pivotDialog.isDisplayed"
            title="getMissingValueDialogTitle()"
            size="'large'"
            t-on-dialog-closed.stop="closePivotDialog"
            renderFooter="false"
            >
            <PivotDialog pivot="pivot" title="getPivotTitle()"  t-on-cell-selected="_onCellClicked" cellClickedCallBack="cellClickedCallback"/>
        </Dialog>

    </div>

    <div t-name="documents_spreadsheet.SpreadsheetName" class="o_spreadsheet_name" owl="1">
        <input type="text" title="Rename"
            t-ref='speadsheetNameInput'
            t-att-value="props.name"
            t-on-focus="_onFocus"
            t-attf-style="width: {{state.inputSize}}px"
            t-att-placeholder="placeholder"
            t-on-input="_onInput"
            t-att-class="state.isUntitled ? 'o-spreadsheet-untitled' : ''"
            t-on-change="_onNameChanged"/>
    </div>

    <div t-name="documents_spreadsheet.PivotSidePanel" class="o_spreadsheet_pivot_side_panel" owl="1">
        <div class="o_side_panel_section">
            <div class="o_side_panel_title">Pivot name</div>
            <div t-esc="getPivotName()"/>
        </div>
        <div class="o_side_panel_section">
            <div class="o_side_panel_title">Model</div>
            <div><t t-esc="props.pivot.cache and props.pivot.cache.getModelLabel() or props.pivot.model"/> (<t t-esc="props.pivot.model"/>)</div>
        </div>
        <div class="o_side_panel_section">
            <div class="o_side_panel_title">Domain</div>
            <DomainComponentAdapter Component="DomainSelector" model="props.pivot.model" domain="props.pivot.domain" t-key="'pivot_' + props.pivot.id"/>
        </div>
        <div class="o_side_panel_section">
            <div class="o_side_panel_title">Dimensions</div>
            <t t-foreach="props.pivot.rowGroupBys.concat(pivot.colGroupBys)" t-as="gp" t-key="gb">
                <div t-esc="formatGroupBy(gp)"/>
            </t>
        </div>
        <div class="o_side_panel_section">
            <div class="o_side_panel_title">Measures</div>
            <t t-foreach="props.pivot.measures" t-as="measure" t-key="measure">
                <div t-esc="formatMeasure(measure)"/>
            </t>
            <div class="o_pivot_last_update"><i>Last updated at <t t-esc="getLastUpdate()"/></i></div>
            <div class="btn btn-link o_refresh_measures" t-on-click="refreshMeasures(props.pivot.id)"><i class="fa fa-arrow-right mr-1"/>Refresh measures</div>
        </div>
    </div>

    <div t-name="documents_spreadsheet.FilterComponent" class="o_filter_component" owl="1">
        <div
            t-attf-class="o_topbar_filter_icon fa fa-filter {{activeFilter ? 'btn-link': ''}}"
            title="Filters"
            t-on-click="toggleDropdown"></div>
    </div>

    <div t-name="documents_spreadsheet.RelationTags"/>

    <div t-name="documents_spreadsheet.ModelSelector"/>

    <div t-name="documents_spreadsheet.GlobalFiltersSidePanel" class="o_spreadsheet_global_filters_side_panel" owl="1">
        <div class="o_side_panel_section pivot_filter_section" t-foreach="filters" t-as="filter" t-key="'filter_' + filter_index">
            <div class="pivot_filter">
                <div class="o_side_panel_title">
                    <span class="o_side_panel_filter_label" t-esc="filter.label"/>
                </div>
                <div class="o_side_panel_title pivot_filter_input">
                    <input t-if="filter.type === 'text'"
                        class="o_input"
                        t-model="filter.value"
                        t-on-change="onTextInput(filter.id)"/>
                    <TagSelectorWidgetAdapter
                        t-if="filter.type === 'relation'"
                        Component="TagSelectorWidget"
                        relatedModel="filter.modelName"
                        selectedValues="filter.value"
                        t-on-value-changed="onTagSelected(filter.id)"
                        t-on-click.stop=""
                        t-key="filter.id + filter.modelName"/>
                    <DateFilterValue
                        t-if="filter.type === 'date'"
                        t-on-time-range-changed="onDateInput(filter.id)"
                        year="filter.value &amp;&amp; filter.value.year"
                        period="filter.value &amp;&amp; filter.value.period"
                        type="filter.rangeType"/>
                    <i class="fa fa-cog btn btn-link text-muted o_side_panel_filter_icon" title="Edit" t-on-click="onEdit(filter.id)"/>
                </div>
            </div>
        </div>
        <div class="o_side_panel_section">
            <div class="o_add_filter">Add a new filter...</div>
            <div class="o-sidePanelButtons">
                <button t-on-click="newDate" class="o-sidePanelButton o_global_filter_new_time">
                    <span>Date</span>
                </button>
                <button t-on-click="newRelation" class="o-sidePanelButton o_global_filter_new_relation">
                    <span>Relation</span>
                </button>
                <button t-on-click="newText" class="o-sidePanelButton o_global_filter_new_text">
                    <span>Text</span>
                </button>
            </div>
        </div>
    </div>


    <div t-name="documents_spreadsheet.FilterEditorSidePanel" class="o_spreadsheet_filter_editor_side_panel" owl="1">
        <div class="o_side_panel_section">
            <div class="o_side_panel_title">Label</div>
            <div t-att-class="missingLabel ? 'o_field_invalid' : ''">
                <input
                    class="o_input o_global_filter_label"
                    t-model="state.label"
                    t-att-placeholder="placeholder"/>
            </div>
        </div>
        <div class="o_side_panel_section" t-if="state.type === 'relation'">
            <div class="o_side_panel_title">Related Model</div>
            <div t-att-class="missingModel ? 'o_field_invalid' : ''">
                <ModelSelectorWidgetAdapter
                    Component="ModelSelectorWidget"
                    modelID="state.relation.relatedModelID"
                    models="relatedModels"
                    t-on-model-selected="onModelSelected"/>
            </div>
        </div>
        <div t-if="state.type === 'date'" class="o_side_panel_section">
            <div class="o_side_panel_title">Time Range</div>
                <select
                    t-model="state.date.type"
                    t-on-change="onDateOptionChange"
                    class="o_input">
                <option value="year" t-key="'year'">Year</option>
                <option value="quarter" t-key="'quarter'">Quarter</option>
                <option value="month" t-key="'month'">Month</option>
            </select>
        </div>
        <div class="o_side_panel_section" t-if="state.type !== 'relation' || state.relation.relatedModelName">
            <div class="o_side_panel_title">Default Value</div>
            <DateFilterValue
                    t-if="state.type === 'date'"
                    t-on-time-range-changed="onTimeRangeChanged"
                    year="state.date.defaultValue.year"
                    period="state.date.defaultValue.period"
                    type="state.date.type"/>
            <input t-if="state.type === 'text'"
                class="o_input o_global_filter_default_value"
                t-model="state.text.defaultValue"/>
            <TagSelectorWidgetAdapter
                t-if="state.type === 'relation' and state.relation.relatedModelName"
                Component="TagSelectorWidget"
                relatedModel="state.relation.relatedModelName"
                selectedValues="state.relation.defaultValue"
                t-on-value-changed="onValuesSelected"
                t-key="state.relation.relatedModelName"/>
        </div>
        <div class="o_side_panel_section" t-if="state.type !== 'relation' || state.relation.relatedModelName">
            <div class="o_side_panel_title o_field_matching_title">Field Matching</div>
            <div class="text-muted">
                For each pivot, match this filter to the relevant field
            </div>
            <div t-foreach="pivots" t-as="pivot" t-key="pivot.id" t-att-class="missingField ? 'o_field_invalid' : ''" class="o_pivot_field_matching">
                <div><t t-esc="pivot.cache and pivot.cache.getModelLabel() or pivot.model"/> <span class="o_pivot_model_technical_name text-muted">(<t t-esc="pivot.model"/>, #<t t-esc="pivot.id"/>)</span></div>
                <FieldSelectorAdapter
                    Component="FieldSelectorWidget"
                    model="pivot.model"
                    fields="pivot.cache.getFields()"
                    type="state.type"
                    relatedModel="state.relation.relatedModelName"
                    selected="state.pivotFields[pivot.id]"
                    t-key="pivot.id + (state.relation.relatedModelName or 'not_defined')"
                    t-on-field-chain-changed="onSelectedField(pivot.id)"
                    />
            </div>
        </div>
        <div class="o_side_panel_section o-sidePanelButtons">
            <button t-if="props.id" t-on-click="onDelete" class="o-sidePanelButton o_global_filter_delete">Remove</button>
            <button t-on-click="onCancel" class="o-sidePanelButton o_global_filter_cancel">Cancel</button>
            <button t-on-click="onSave" class="o-sidePanelButton o_global_filter_save">Save</button>
        </div>
    </div>

    <div t-name="documents_spreadsheet.DateFilterValue" class="date_filter_values" owl="1">
        <select t-if="!isYear()" class="o_input" t-on-change="onPeriodChanged">
            <option value="empty"/>
            <t t-set="type" t-value="props.type"/>
            <t t-foreach="dateOptions(type)" t-as="period" >
                <option t-if="isSelected(period.id)" selected="1" t-att-value="period.id">
                    <t t-esc="period.description"/>
                </option>
                <option t-else="" t-att-value="period.id">
                    <t t-esc="period.description"/>
                </option>
            </t>
        </select>
        <select class="o_input" t-on-change="onYearChanged">
            <option t-if="!props.period" value="empty"/>
            <t t-foreach="dateOptions('year')" t-as="year">
                <option t-if="isSelected(year.id)" selected="1" t-att-value="year.id">
                    <t t-esc="year.description"/>
                </option>
                <option t-else="" t-att-value="year.id">
                    <t t-esc="year.description"/>
                </option>
            </t>
        </select>
    </div>

    <div t-name="documents_spreadsheet.AutofillTooltip" owl="1">
        <t t-foreach="props.content" t-as="line">
            <div><t t-esc="line.value"/></div>
        </t>
    </div>

</templates>
