<?xml version="1.0" encoding="utf-8"?>
<odoo>
    <data>

        <record id="mod_303" model="account.financial.html.report">
            <field name="name">Tax Report(Mod 303)</field>
            <field name="l10n_es_reports_modelo_number">303</field>
            <field name="analytic" eval="False"/>
            <field name="date_range" eval="True"/>
            <field name="comparison" eval="False"/>
            <field name="unfold_all_filter" eval="True"/>
            <field name="show_journal_filter" eval="True"/>
            <field name="generated_menu_id" ref="menu_mod_303_report"/>
        </record>

        <record id="mod_303_title_1" model="account.financial.html.report.line">
            <field name="name">Régimen General</field>
            <field name="code">aeat_mod_303_title_1</field>
            <field name="financial_report_id" ref="mod_303"/>
            <field name="sequence" eval="1"/>
            <field name="level" eval="2"/>
        </record>

        <record id="mod_303_title_2" model="account.financial.html.report.line">
            <field name="name">IVA devengado</field>
            <field name="code">aeat_mod_303_title_2</field>
            <field name="parent_id" ref="mod_303_title_1"/>
            <field name="sequence" eval="2"/>
            <field name="level" eval="3"/>
        </record>

        <record id="mod_303_casilla_01" model="account.financial.html.report.line">
            <field name="name">[01] Base imponible 4%</field>
            <field name="code">aeat_mod_303_01</field>
            <field name="parent_id" ref="mod_303_title_2"/>
            <field name="domain" eval="[('tax_tag_ids','=',ref('l10n_es.mod_303_01'))]"/>
            <field name="formulas">-sum</field>
            <field name="groupby">account_id</field>
            <field name="sequence" eval="3"/>
            <field name="level" eval="4"/>
            <field name="special_date_changer">strict_range</field>
        </record>

        <record id="mod_303_casilla_03" model="account.financial.html.report.line">
            <field name="name">[03] Cuota 4%</field>
            <field name="code">aeat_mod_303_03</field>
            <field name="parent_id" ref="mod_303_title_2"/>
            <field name="domain" eval="[('tax_tag_ids','=',ref('l10n_es.mod_303_03'))]"/>
            <field name="formulas">-sum</field>
            <field name="groupby">account_id</field>
            <field name="sequence" eval="4"/>
            <field name="level" eval="4"/>
            <field name="special_date_changer">strict_range</field>
        </record>

        <record id="mod_303_casilla_04" model="account.financial.html.report.line">
            <field name="name">[04] Base imponible 10%</field>
            <field name="code">aeat_mod_303_04</field>
            <field name="parent_id" ref="mod_303_title_2"/>
            <field name="domain" eval="[('tax_tag_ids','=',ref('l10n_es.mod_303_04'))]"/>
            <field name="formulas">-sum</field>
            <field name="groupby">account_id</field>
            <field name="sequence" eval="5"/>
            <field name="level" eval="4"/>
            <field name="special_date_changer">strict_range</field>
        </record>

        <record id="mod_303_casilla_06" model="account.financial.html.report.line">
            <field name="name">[06] Cuota 10%</field>
            <field name="code">aeat_mod_303_06</field>
            <field name="parent_id" ref="mod_303_title_2"/>
            <field name="domain" eval="[('tax_tag_ids','=',ref('l10n_es.mod_303_06'))]"/>
            <field name="formulas">-sum</field>
            <field name="groupby">account_id</field>
            <field name="sequence" eval="6"/>
            <field name="level" eval="4"/>
            <field name="special_date_changer">strict_range</field>
        </record>

        <record id="mod_303_casilla_07" model="account.financial.html.report.line">
            <field name="name">[07] Base imponible 21%</field>
            <field name="code">aeat_mod_303_07</field>
            <field name="parent_id" ref="mod_303_title_2"/>
            <field name="domain" eval="[('tax_tag_ids','=',ref('l10n_es.mod_303_07'))]"/>
            <field name="formulas">-sum</field>
            <field name="groupby">account_id</field>
            <field name="sequence" eval="7"/>
            <field name="level" eval="4"/>
            <field name="special_date_changer">strict_range</field>
        </record>

        <record id="mod_303_casilla_09" model="account.financial.html.report.line">
            <field name="name">[09] Cuota 21%</field>
            <field name="code">aeat_mod_303_09</field>
            <field name="parent_id" ref="mod_303_title_2"/>
            <field name="domain" eval="[('tax_tag_ids','=',ref('l10n_es.mod_303_09'))]"/>
            <field name="formulas">-sum</field>
            <field name="groupby">account_id</field>
            <field name="sequence" eval="8"/>
            <field name="level" eval="4"/>
            <field name="special_date_changer">strict_range</field>
        </record>

        <record id="mod_303_title_3" model="account.financial.html.report.line">
            <field name="name">Adquisiciones intracomunitarias de bienes y servicios</field>
            <field name="code">aeat_mod_303_title_3</field>
            <field name="parent_id" ref="mod_303_title_2"/>
            <field name="sequence" eval="9"/>
            <field name="level" eval="4"/>
        </record>

        <record id="mod_303_casilla_10" model="account.financial.html.report.line">
            <field name="name">[10] Base imponible</field>
            <field name="code">aeat_mod_303_10</field>
            <field name="parent_id" ref="mod_303_title_3"/>
            <field name="domain" eval="[('tax_tag_ids','=',ref('l10n_es.mod_303_10'))]"/>
            <field name="formulas">sum</field>
            <field name="groupby">account_id</field>
            <field name="sequence" eval="10"/>
            <field name="level" eval="5"/>
            <field name="special_date_changer">strict_range</field>
        </record>

        <record id="mod_303_casilla_11" model="account.financial.html.report.line">
            <field name="name">[11] Cuota</field>
            <field name="code">aeat_mod_303_11</field>
            <field name="parent_id" ref="mod_303_title_2"/>
            <field name="domain" eval="[('tax_tag_ids','=',ref('l10n_es.mod_303_11'))]"/>
            <field name="formulas">-sum</field>
            <field name="groupby">account_id</field>
            <field name="sequence" eval="11"/>
            <field name="level" eval="5"/>
            <field name="special_date_changer">strict_range</field>
        </record>

        <record id="mod_303_title_4" model="account.financial.html.report.line">
            <field name="name">Otras operac. con inversión del suj. pasivo (excepto adq. intracom.)</field>
            <field name="code">aeat_mod_303_title_4</field>
            <field name="parent_id" ref="mod_303_title_2"/>
            <field name="sequence" eval="12"/>
            <field name="level" eval="4"/>
        </record>

        <record id="mod_303_casilla_12" model="account.financial.html.report.line">
            <field name="name">[12] Base imponible</field>
            <field name="code">aeat_mod_303_12</field>
            <field name="parent_id" ref="mod_303_title_4"/>
            <field name="domain" eval="[('tax_tag_ids','=',ref('l10n_es.mod_303_12'))]"/>
            <field name="formulas">sum</field>
            <field name="groupby">account_id</field>
            <field name="sequence" eval="13"/>
            <field name="level" eval="5"/>
            <field name="special_date_changer">strict_range</field>
        </record>

        <record id="mod_303_casilla_13" model="account.financial.html.report.line">
            <field name="name">[13] Cuota</field>
            <field name="code">aeat_mod_303_13</field>
            <field name="parent_id" ref="mod_303_title_4"/>
            <field name="domain" eval="[('tax_tag_ids','=',ref('l10n_es.mod_303_13'))]"/>
            <field name="formulas">-sum</field>
            <field name="groupby">account_id</field>
            <field name="sequence" eval="14"/>
            <field name="level" eval="5"/>
            <field name="special_date_changer">strict_range</field>
        </record>

        <record id="mod_303_title_5" model="account.financial.html.report.line">
            <field name="name">Modificación bases y cuotas</field>
            <field name="code">aeat_mod_303_title_5</field>
            <field name="parent_id" ref="mod_303_title_2"/>
            <field name="sequence" eval="15"/>
            <field name="level" eval="4"/>
        </record>

        <!--Invisible line, used for the computation of casilla 14-->
        <record id="mod_303_casilla_14_sale" model="account.financial.html.report.line">
            <field name="name">[14] Base imponible - SALE</field>
            <field name="code">aeat_mod_303_14_sale</field>
            <field name="domain" eval="[('tax_tag_ids','=',ref('l10n_es.mod_303_14_sale'))]"/>
            <field name="formulas">-sum</field>
            <field name="groupby">account_id</field>
            <field name="sequence" eval="16"/>
            <field name="level" eval="5"/>
            <field name="special_date_changer">strict_range</field>
        </record>

        <!--Invisible line, used for the computation of casilla 14-->
        <record id="mod_303_casilla_14_purchase" model="account.financial.html.report.line">
            <field name="name">[14] Base imponible - PURCHASE</field>
            <field name="code">aeat_mod_303_14_purchase</field>
            <field name="domain" eval="[('tax_tag_ids','=',ref('l10n_es.mod_303_14_purchase'))]"/>
            <field name="formulas">-sum</field>
            <field name="groupby">account_id</field>
            <field name="sequence" eval="17"/>
            <field name="level" eval="5"/>
            <field name="special_date_changer">strict_range</field>
        </record>

        <record id="mod_303_casilla_14" model="account.financial.html.report.line">
            <field name="name">[14] Base imponible</field>
            <field name="code">aeat_mod_303_14</field>
            <field name="parent_id" ref="mod_303_title_5"/>
            <field name="formulas">aeat_mod_303_14_sale - aeat_mod_303_14_purchase</field>
            <field name="sequence" eval="18"/>
            <field name="level" eval="5"/>
        </record>

        <record id="mod_303_casilla_15" model="account.financial.html.report.line">
            <field name="name">[15] Cuota</field>
            <field name="code">aeat_mod_303_15</field>
            <field name="parent_id" ref="mod_303_title_5"/>
            <field name="domain" eval="[('tax_tag_ids','=',ref('l10n_es.mod_303_15'))]"/>
            <field name="formulas">-sum</field>
            <field name="sequence" eval="20"/>
            <field name="level" eval="5"/>
            <field name="special_date_changer">strict_range</field>
        </record>

        <record id="mod_303_title_6" model="account.financial.html.report.line">
            <field name="name">Recargo equivalencia</field>
            <field name="code">aeat_mod_303_title_6</field>
            <field name="parent_id" ref="mod_303_title_2"/>
            <field name="sequence" eval="21"/>
            <field name="level" eval="4"/>
        </record>

        <record id="mod_303_casilla_16" model="account.financial.html.report.line">
            <field name="name">[16] Base imponible 0.5%</field>
            <field name="code">aeat_mod_303_16</field>
            <field name="parent_id" ref="mod_303_title_6"/>
            <field name="domain" eval="[('tax_tag_ids','=',ref('l10n_es.mod_303_16'))]"/>
            <field name="formulas">-sum</field>
            <field name="groupby">account_id</field>
            <field name="sequence" eval="22"/>
            <field name="level" eval="5"/>
            <field name="special_date_changer">strict_range</field>
        </record>

        <record id="mod_303_casilla_18" model="account.financial.html.report.line">
            <field name="name">[18] Cuota 0.5%</field>
            <field name="code">aeat_mod_303_18</field>
            <field name="parent_id" ref="mod_303_title_6"/>
            <field name="domain" eval="[('tax_tag_ids','=',ref('l10n_es.mod_303_18'))]"/>
            <field name="formulas">-sum</field>
            <field name="groupby">account_id</field>
            <field name="sequence" eval="23"/>
            <field name="level" eval="5"/>
            <field name="special_date_changer">strict_range</field>
        </record>

        <record id="mod_303_casilla_19" model="account.financial.html.report.line">
            <field name="name">[19] Base imponible 1.4%</field>
            <field name="code">aeat_mod_303_19</field>
            <field name="parent_id" ref="mod_303_title_6"/>
            <field name="domain" eval="[('tax_tag_ids','=',ref('l10n_es.mod_303_19'))]"/>
            <field name="formulas">-sum</field>
            <field name="groupby">account_id</field>
            <field name="sequence" eval="24"/>
            <field name="level" eval="5"/>
            <field name="special_date_changer">strict_range</field>
        </record>

        <record id="mod_303_casilla_21" model="account.financial.html.report.line">
            <field name="name">[21] Cuota 1.4%</field>
            <field name="code">aeat_mod_303_21</field>
            <field name="parent_id" ref="mod_303_title_6"/>
            <field name="domain" eval="[('tax_tag_ids','=',ref('l10n_es.mod_303_21'))]"/>
            <field name="formulas">-sum</field>
            <field name="groupby">account_id</field>
            <field name="sequence" eval="25"/>
            <field name="level" eval="5"/>
            <field name="special_date_changer">strict_range</field>
        </record>

        <record id="mod_303_casilla_22" model="account.financial.html.report.line">
            <field name="name">[22] Base imponible 5.2%</field>
            <field name="code">aeat_mod_303_22</field>
            <field name="parent_id" ref="mod_303_title_6"/>
            <field name="domain" eval="[('tax_tag_ids','=',ref('l10n_es.mod_303_22'))]"/>
            <field name="formulas">-sum</field>
            <field name="groupby">account_id</field>
            <field name="sequence" eval="26"/>
            <field name="level" eval="5"/>
            <field name="special_date_changer">strict_range</field>
        </record>

        <record id="mod_303_casilla_24" model="account.financial.html.report.line">
            <field name="name">[24] Cuota 5.2%</field>
            <field name="code">aeat_mod_303_24</field>
            <field name="parent_id" ref="mod_303_title_6"/>
            <field name="domain" eval="[('tax_tag_ids','=',ref('l10n_es.mod_303_24'))]"/>
            <field name="formulas">-sum</field>
            <field name="groupby">account_id</field>
            <field name="sequence" eval="27"/>
            <field name="level" eval="5"/>
            <field name="special_date_changer">strict_range</field>
        </record>

        <record id="mod_303_title_7" model="account.financial.html.report.line">
            <field name="name">Modificación bases y cuotas del recargo de equivalencia</field>
            <field name="code">aeat_mod_303_title_7</field>
            <field name="parent_id" ref="mod_303_title_2"/>
            <field name="sequence" eval="28"/>
            <field name="level" eval="4"/>
        </record>

        <record id="mod_303_casilla_25" model="account.financial.html.report.line">
            <field name="name">[25] Base imponible</field>
            <field name="code">aeat_mod_303_25</field>
            <field name="parent_id" ref="mod_303_title_7"/>
            <field name="domain" eval="[('tax_tag_ids','=',ref('l10n_es.mod_303_25'))]"/>
            <field name="formulas">-sum</field>
            <field name="groupby">account_id</field>
            <field name="sequence" eval="29"/>
            <field name="level" eval="5"/>
            <field name="special_date_changer">strict_range</field>
        </record>

        <record id="mod_303_casilla_26" model="account.financial.html.report.line">
            <field name="name">[26] Cuota</field>
            <field name="code">aeat_mod_303_26</field>
            <field name="parent_id" ref="mod_303_title_7"/>
            <field name="domain" eval="[('tax_tag_ids','=',ref('l10n_es.mod_303_26'))]"/>
            <field name="formulas">-sum</field>
            <field name="groupby">account_id</field>
            <field name="sequence" eval="30"/>
            <field name="level" eval="5"/>
            <field name="special_date_changer">strict_range</field>
        </record>

        <record id="mod_303_casilla_27" model="account.financial.html.report.line">
            <field name="name">[27] Total cuota devengada</field>
            <field name="code">aeat_mod_303_27</field>
            <field name="parent_id" ref="mod_303_title_2"/>
            <field name="formulas">aeat_mod_303_03 + aeat_mod_303_06 + aeat_mod_303_09 + aeat_mod_303_11 + aeat_mod_303_13 + aeat_mod_303_15 + aeat_mod_303_18 + aeat_mod_303_21 + aeat_mod_303_24 + aeat_mod_303_26</field>
            <field name="sequence" eval="31"/>
            <field name="level" eval="4"/>
            <field name="special_date_changer">strict_range</field>
        </record>

        <record id="mod_303_title_8" model="account.financial.html.report.line">
            <field name="name">IVA deducible</field>
            <field name="code">aeat_mod_303_title_8</field>
            <field name="parent_id" ref="mod_303_title_1"/>
            <field name="sequence" eval="32"/>
            <field name="level" eval="3"/>
        </record>

        <record id="mod_303_title_9" model="account.financial.html.report.line">
            <field name="name">Por cuotas soportadas en operaciones interiores corrientes</field>
            <field name="code">aeat_mod_303_title_9</field>
            <field name="parent_id" ref="mod_303_title_8"/>
            <field name="sequence" eval="33"/>
            <field name="level" eval="4"/>
        </record>

        <record id="mod_303_casilla_28" model="account.financial.html.report.line">
            <field name="name">[28] Base</field>
            <field name="code">aeat_mod_303_28</field>
            <field name="parent_id" ref="mod_303_title_9"/>
            <field name="domain" eval="[('tax_tag_ids','=',ref('l10n_es.mod_303_28'))]"/>
            <field name="formulas">sum</field>
            <field name="groupby">account_id</field>
            <field name="sequence" eval="34"/>
            <field name="level" eval="5"/>
            <field name="special_date_changer">strict_range</field>
        </record>

        <record id="mod_303_casilla_29" model="account.financial.html.report.line">
            <field name="name">[29] Cuota</field>
            <field name="code">aeat_mod_303_29</field>
            <field name="parent_id" ref="mod_303_title_9"/>
            <field name="domain" eval="[('tax_tag_ids','=',ref('l10n_es.mod_303_29'))]"/>
            <field name="formulas">sum</field>
            <field name="groupby">account_id</field>
            <field name="sequence" eval="35"/>
            <field name="level" eval="5"/>
            <field name="special_date_changer">strict_range</field>
        </record>

        <record id="mod_303_title_10" model="account.financial.html.report.line">
            <field name="name">Por cuotas soportadas en operaciones interiores con bienes de inversión</field>
            <field name="code">aeat_mod_303_title_10</field>
            <field name="parent_id" ref="mod_303_title_8"/>
            <field name="sequence" eval="36"/>
            <field name="level" eval="4"/>
        </record>

        <record id="mod_303_casilla_30" model="account.financial.html.report.line">
            <field name="name">[30] Base</field>
            <field name="code">aeat_mod_303_30</field>
            <field name="parent_id" ref="mod_303_title_10"/>
            <field name="domain" eval="[('tax_tag_ids','=',ref('l10n_es.mod_303_30'))]"/>
            <field name="formulas">sum</field>
            <field name="groupby">account_id</field>
            <field name="sequence" eval="37"/>
            <field name="level" eval="5"/>
            <field name="special_date_changer">strict_range</field>
        </record>

        <record id="mod_303_casilla_31" model="account.financial.html.report.line">
            <field name="name">[31] Cuota</field>
            <field name="code">aeat_mod_303_31</field>
            <field name="parent_id" ref="mod_303_title_10"/>
            <field name="domain" eval="[('tax_tag_ids','=',ref('l10n_es.mod_303_31'))]"/>
            <field name="formulas">sum</field>
            <field name="groupby">account_id</field>
            <field name="sequence" eval="38"/>
            <field name="level" eval="5"/>
            <field name="special_date_changer">strict_range</field>
        </record>

        <record id="mod_303_title_11" model="account.financial.html.report.line">
            <field name="name">Por cuotas soportadas en las importaciones de bienes corrientes</field>
            <field name="code">aeat_mod_303_title_11</field>
            <field name="parent_id" ref="mod_303_title_8"/>
            <field name="sequence" eval="39"/>
            <field name="level" eval="4"/>
        </record>

        <record id="mod_303_casilla_32" model="account.financial.html.report.line">
            <field name="name">[32] Base</field>
            <field name="code">aeat_mod_303_32</field>
            <field name="parent_id" ref="mod_303_title_11"/>
            <field name="domain" eval="[('tax_tag_ids','=',ref('l10n_es.mod_303_32'))]"/>
            <field name="formulas">sum</field>
            <field name="groupby">account_id</field>
            <field name="sequence" eval="40"/>
            <field name="level" eval="5"/>
            <field name="special_date_changer">strict_range</field>
        </record>

        <record id="mod_303_casilla_33" model="account.financial.html.report.line">
            <field name="name">[33] Cuota</field>
            <field name="code">aeat_mod_303_33</field>
            <field name="parent_id" ref="mod_303_title_11"/>
            <field name="domain" eval="[('debit', '>', 0.0), ('tax_tag_ids','=',ref('l10n_es.mod_303_33'))]"/>
            <field name="formulas">sum</field>
            <field name="groupby">account_id</field>
            <field name="sequence" eval="41"/>
            <field name="level" eval="5"/>
            <field name="special_date_changer">strict_range</field>
        </record>

        <record id="mod_303_title_12" model="account.financial.html.report.line">
            <field name="name">Por cuotas soportadas en las importaciones de bienes de inversión</field>
            <field name="code">aeat_mod_303_title_12</field>
            <field name="parent_id" ref="mod_303_title_8"/>
            <field name="sequence" eval="42"/>
            <field name="level" eval="4"/>
        </record>

        <record id="mod_303_casilla_34" model="account.financial.html.report.line">
            <field name="name">[34] Base</field>
            <field name="code">aeat_mod_303_34</field>
            <field name="parent_id" ref="mod_303_title_12"/>
            <field name="domain" eval="[('tax_tag_ids','=',ref('l10n_es.mod_303_34'))]"/>
            <field name="formulas">sum</field>
            <field name="groupby">account_id</field>
            <field name="sequence" eval="43"/>
            <field name="level" eval="5"/>
            <field name="special_date_changer">strict_range</field>
        </record>

        <record id="mod_303_casilla_35" model="account.financial.html.report.line">
            <field name="name">[35] Cuota</field>
            <field name="code">aeat_mod_303_35</field>
            <field name="parent_id" ref="mod_303_title_12"/>
            <field name="domain" eval="[('tax_tag_ids','=',ref('l10n_es.mod_303_35'))]"/>
            <field name="formulas">sum</field>
            <field name="groupby">account_id</field>
            <field name="sequence" eval="44"/>
            <field name="level" eval="5"/>
            <field name="special_date_changer">strict_range</field>
        </record>

        <record id="mod_303_title_13" model="account.financial.html.report.line">
            <field name="name">En adquisiciones intracomunitarias de bienes y servicios corrientes</field>
            <field name="code">aeat_mod_303_title_13</field>
            <field name="parent_id" ref="mod_303_title_8"/>
            <field name="sequence" eval="45"/>
            <field name="level" eval="4"/>
        </record>

        <record id="mod_303_casilla_36" model="account.financial.html.report.line">
            <field name="name">[36] Base</field>
            <field name="code">aeat_mod_303_36</field>
            <field name="parent_id" ref="mod_303_title_13"/>
            <field name="domain" eval="[('tax_tag_ids','=',ref('l10n_es.mod_303_36'))]"/>
            <field name="formulas">sum</field>
            <field name="groupby">account_id</field>
            <field name="sequence" eval="46"/>
            <field name="level" eval="5"/>
            <field name="special_date_changer">strict_range</field>
        </record>

        <record id="mod_303_casilla_37" model="account.financial.html.report.line">
            <field name="name">[37] Cuota</field>
            <field name="code">aeat_mod_303_37</field>
            <field name="parent_id" ref="mod_303_title_13"/>
            <field name="domain" eval="[('tax_tag_ids','=',ref('l10n_es.mod_303_37'))]"/>
            <field name="formulas">sum</field>
            <field name="groupby">account_id</field>
            <field name="sequence" eval="47"/>
            <field name="level" eval="5"/>
            <field name="special_date_changer">strict_range</field>
        </record>

        <record id="mod_303_title_14" model="account.financial.html.report.line">
            <field name="name">En adquisiciones intracomunitarias de bienes de inversión</field>
            <field name="code">aeat_mod_303_title_14</field>
            <field name="parent_id" ref="mod_303_title_8"/>
            <field name="sequence" eval="48"/>
            <field name="level" eval="4"/>
        </record>

        <record id="mod_303_casilla_38" model="account.financial.html.report.line">
            <field name="name">[38] Base</field>
            <field name="code">aeat_mod_303_38</field>
            <field name="parent_id" ref="mod_303_title_14"/>
            <field name="domain" eval="[('tax_tag_ids','=',ref('l10n_es.mod_303_38'))]"/>
            <field name="formulas">sum</field>
            <field name="groupby">account_id</field>
            <field name="sequence" eval="49"/>
            <field name="level" eval="5"/>
            <field name="special_date_changer">strict_range</field>
        </record>

        <record id="mod_303_casilla_39" model="account.financial.html.report.line">
            <field name="name">[39] Cuota</field>
            <field name="code">aeat_mod_303_39</field>
            <field name="parent_id" ref="mod_303_title_14"/>
            <field name="domain" eval="[('tax_tag_ids','=',ref('l10n_es.mod_303_39'))]"/>
            <field name="formulas">sum</field>
            <field name="groupby">account_id</field>
            <field name="sequence" eval="50"/>
            <field name="level" eval="5"/>
            <field name="special_date_changer">strict_range</field>
        </record>

        <record id="mod_303_title_15" model="account.financial.html.report.line">
            <field name="name">Rectificación de deducciones</field>
            <field name="code">aeat_mod_303_title_15</field>
            <field name="parent_id" ref="mod_303_title_8"/>
            <field name="sequence" eval="51"/>
            <field name="level" eval="4"/>
        </record>

        <record id="mod_303_casilla_40" model="account.financial.html.report.line">
            <field name="name">[40] Base</field>
            <field name="code">aeat_mod_303_40</field>
            <field name="parent_id" ref="mod_303_title_15"/>
            <field name="domain" eval="[('tax_tag_ids','=',ref('l10n_es.mod_303_40'))]"/>
            <field name="formulas">sum</field>
            <field name="groupby">account_id</field>
            <field name="sequence" eval="52"/>
            <field name="level" eval="5"/>
            <field name="special_date_changer">strict_range</field>
        </record>

        <record id="mod_303_casilla_41" model="account.financial.html.report.line">
            <field name="name">[41] Cuota</field>
            <field name="code">aeat_mod_303_41</field>
            <field name="parent_id" ref="mod_303_title_15"/>
            <field name="domain" eval="[('tax_tag_ids','=',ref('l10n_es.mod_303_41'))]"/>
            <field name="formulas">sum</field>
            <field name="groupby">account_id</field>
            <field name="sequence" eval="53"/>
            <field name="level" eval="5"/>
            <field name="special_date_changer">strict_range</field>
        </record>

        <record id="mod_303_casilla_42" model="account.financial.html.report.line">
            <field name="name">[42] Compensaciones Régimen especial A. G. y P. - Cuota compras</field>
            <field name="code">aeat_mod_303_42</field>
            <field name="parent_id" ref="mod_303_title_8"/>
            <field name="domain" eval="[('tax_tag_ids','=',ref('l10n_es.mod_303_42'))]"/>
            <field name="formulas">sum</field>
            <field name="groupby">account_id</field>
            <field name="sequence" eval="54"/>
            <field name="level" eval="4"/>
            <field name="special_date_changer">strict_range</field>
        </record>

        <record id="mod_303_casilla_43" model="account.financial.html.report.line">
            <field name="name">[43] Regularización bienes de inversión</field>
            <field name="code">aeat_mod_303_43</field>
            <field name="parent_id" ref="mod_303_title_8"/>
            <field name="formulas">from_context</field>
            <field name="sequence" eval="55"/>
            <field name="level" eval="4"/>
            <field name="special_date_changer">strict_range</field>
        </record>

        <record id="mod_303_casilla_44" model="account.financial.html.report.line">
            <field name="name">[44] Regularización por aplicación del porcentaje definitivo de prorrata</field>
            <field name="code">aeat_mod_303_44</field>
            <field name="parent_id" ref="mod_303_title_8"/>
            <field name="formulas">from_context</field>
            <field name="sequence" eval="56"/>
            <field name="level" eval="4"/>
            <field name="special_date_changer">strict_range</field>
        </record>

        <record id="mod_303_casilla_45" model="account.financial.html.report.line">
            <field name="name">[45] Total a deducir</field>
            <field name="code">aeat_mod_303_45</field>
            <field name="parent_id" ref="mod_303_title_1"/>
            <field name="formulas">aeat_mod_303_29 + aeat_mod_303_31 + aeat_mod_303_33 + aeat_mod_303_35 + aeat_mod_303_37 + aeat_mod_303_39 + aeat_mod_303_41 + aeat_mod_303_42 + aeat_mod_303_43 + aeat_mod_303_44</field>
            <field name="sequence" eval="57"/>
            <field name="level" eval="3"/>
            <field name="special_date_changer">strict_range</field>
        </record>

        <record id="mod_303_casilla_46" model="account.financial.html.report.line">
            <field name="name">[46] Resultado régimen general</field>
            <field name="code">aeat_mod_303_46</field>
            <field name="parent_id" ref="mod_303_title_1"/>
            <field name="formulas">aeat_mod_303_27 - aeat_mod_303_45</field>
            <field name="sequence" eval="58"/>
            <field name="level" eval="3"/>
            <field name="special_date_changer">strict_range</field>
        </record>

        <record id="mod_303_title_16" model="account.financial.html.report.line">
            <field name="name">Información adicional</field>
            <field name="code">aeat_mod_303_title_16</field>
            <field name="financial_report_id" ref="mod_303"/>
            <field name="sequence" eval="59"/>
            <field name="level" eval="2"/>
        </record>

        <record id="mod_303_casilla_59" model="account.financial.html.report.line">
            <field name="name">[59] Entregas intracomunitarias de bienes y servicios - Base ventas</field>
            <field name="code">aeat_mod_303_59</field>
            <field name="parent_id" ref="mod_303_title_16"/>
            <field name="domain" eval="[('tax_tag_ids','=',ref('l10n_es.mod_303_59'))]"/>
            <field name="formulas">-sum</field>
            <field name="groupby">account_id</field>
            <field name="sequence" eval="60"/>
            <field name="level" eval="3"/>
            <field name="special_date_changer">strict_range</field>
        </record>

        <record id="mod_303_casilla_60" model="account.financial.html.report.line">
            <field name="name">[60] Exportaciones y operaciones asimiladas - Base ventas</field>
            <field name="code">aeat_mod_303_60</field>
            <field name="parent_id" ref="mod_303_title_16"/>
            <field name="domain" eval="[('tax_tag_ids','=',ref('l10n_es.mod_303_60'))]"/>
            <field name="formulas">-sum</field>
            <field name="groupby">account_id</field>
            <field name="sequence" eval="61"/>
            <field name="level" eval="3"/>
            <field name="special_date_changer">strict_range</field>
        </record>

        <record id="mod_303_casilla_61" model="account.financial.html.report.line">
            <!--Should always be 0 since Q3 2021; replaced by grids 120, 122, 123 and 124-->
            <field name="name">[61] Operaciones no sujetas o con inversión del sujeto pasivo que originan derecho a dedución - Base ventas</field>
            <field name="code">aeat_mod_303_61</field>
            <field name="parent_id" eval="False"/>
            <field name="domain" eval="[('tax_tag_ids','=',ref('l10n_es.mod_303_61'))]"/>
            <field name="formulas">-sum</field>
            <field name="groupby">account_id</field>
            <field name="sequence" eval="62"/>
            <field name="level" eval="3"/>
            <field name="special_date_changer">strict_range</field>
        </record>

        <record id="mod_303_casilla_120" model="account.financial.html.report.line">
            <field name="name">[120] Operaciones no sujetas por reglas de localización (excepto las incluidas en la casilla 123)</field>
            <field name="code">aeat_mod_303_120</field>
            <field name="parent_id" ref="mod_303_title_16"/>
            <field name="domain" eval="[('tax_tag_ids','=',ref('l10n_es.mod_303_120'))]"/>
            <field name="formulas">-sum</field>
            <field name="groupby">account_id</field>
            <field name="sequence" eval="63"/>
            <field name="level" eval="3"/>
            <field name="special_date_changer">strict_range</field>
        </record>

        <record id="mod_303_casilla_122" model="account.financial.html.report.line">
            <field name="name">[122] Operaciones sujetas con inversión del sujeto pasivo</field>
            <field name="code">aeat_mod_303_122</field>
            <field name="parent_id" ref="mod_303_title_16"/>
            <field name="domain" eval="[('tax_tag_ids','=',ref('l10n_es.mod_303_122'))]"/>
            <field name="formulas">-sum</field>
            <field name="groupby">account_id</field>
            <field name="sequence" eval="64"/>
            <field name="level" eval="3"/>
            <field name="special_date_changer">strict_range</field>
        </record>

        <record id="mod_303_casilla_123" model="account.financial.html.report.line">
            <field name="name">[123] OSS. Operaciones no sujetas por reglas de localización acogidas a la OSS</field>
            <field name="code">aeat_mod_303_123</field>
            <field name="parent_id" ref="mod_303_title_16"/>
            <field name="domain" eval="[('tax_tag_ids','=',ref('l10n_es.mod_303_123'))]"/>
            <field name="formulas">-sum</field>
            <field name="groupby">account_id</field>
            <field name="sequence" eval="65"/>
            <field name="level" eval="3"/>
            <field name="special_date_changer">strict_range</field>
        </record>

        <record id="mod_303_casilla_124" model="account.financial.html.report.line">
            <field name="name">[124] OSS. Operaciones sujetas y acogidas a la OSS</field>
            <field name="code">aeat_mod_303_124</field>
            <field name="parent_id" ref="mod_303_title_16"/>
            <field name="domain" eval="[('tax_tag_ids','=',ref('l10n_es.mod_303_124'))]"/>
            <field name="formulas">-sum</field>
            <field name="groupby">account_id</field>
            <field name="sequence" eval="66"/>
            <field name="level" eval="3"/>
            <field name="special_date_changer">strict_range</field>
        </record>

        <record id="mod_303_title_17" model="account.financial.html.report.line">
            <field name="name">Importes de las entregas de bienes y prestaciones de servicios a las que habiéndoles sido aplicado el régimen especial del criterio de caja hubieran resultado devengadas</field>
            <field name="code">aeat_mod_303_title_17</field>
            <field name="parent_id" ref="mod_303_title_16"/>
            <field name="sequence" eval="67"/>
            <field name="level" eval="3"/>
        </record>

        <record id="mod_303_casilla_62" model="account.financial.html.report.line">
            <field name="name">[62] Base imponible</field>
            <field name="code">aeat_mod_303_62</field>
            <field name="parent_id" ref="mod_303_title_17"/>
            <field name="formulas">from_context</field>
            <field name="sequence" eval="68"/>
            <field name="level" eval="4"/>
            <field name="special_date_changer">strict_range</field>
        </record>

        <record id="mod_303_casilla_63" model="account.financial.html.report.line">
            <field name="name">[63] Cuota</field>
            <field name="code">aeat_mod_303_63</field>
            <field name="parent_id" ref="mod_303_title_17"/>
            <field name="formulas">from_context</field>
            <field name="sequence" eval="69"/>
            <field name="level" eval="4"/>
            <field name="special_date_changer">strict_range</field>
        </record>

        <record id="mod_303_title_18" model="account.financial.html.report.line">
            <field name="name">Resultado</field>
            <field name="code">aeat_mod_303_title_18</field>
            <field name="financial_report_id" ref="mod_303"/>
            <field name="sequence" eval="70"/>
            <field name="level" eval="2"/>
        </record>

        <record id="mod_303_casilla_65" model="account.financial.html.report.line">
            <field name="name">[65] % Atribuible a la Administración del Estado</field>
            <field name="code">aeat_mod_303_65</field>
            <field name="parent_id" ref="mod_303_title_18"/>
            <field name="formulas">from_context</field>
            <field name="figure_type">percents</field>
            <field name="sequence" eval="71"/>
            <field name="level" eval="3"/>
            <field name="special_date_changer">strict_range</field>
        </record>

        <record id="mod_303_casilla_66" model="account.financial.html.report.line">
            <field name="name">[66] Atribuible a la Administración del Estado</field>
            <field name="code">aeat_mod_303_66</field>
            <field name="parent_id" ref="mod_303_title_18"/>
            <field name="formulas">aeat_mod_303_65 * aeat_mod_303_46</field>
            <!--
                Grid 65 is of type 'percent', so its balance is a float between 0 and 1, representing the percentage.

                Should normally be casilla 64 * percentage in 65 (64 = sum of casillas 46, 58 and 76),
                but only casilla 46 is in our version of the report.
            -->
            <field name="sequence" eval="72"/>
            <field name="level" eval="3"/>
            <field name="special_date_changer">strict_range</field>
        </record>

        <record id="mod_303_casilla_67" model="account.financial.html.report.line">
            <field name="name">[67] Cuotas a compensar de periodos anteriores</field>
            <field name="code">aeat_mod_303_67</field>
            <field name="parent_id" ref="mod_303_title_18"/>
            <field name="formulas">from_context</field>
            <field name="sequence" eval="73"/>
            <field name="level" eval="3"/>
            <field name="special_date_changer">strict_range</field>
        </record>

        <record id="mod_303_casilla_68" model="account.financial.html.report.line">
            <field name="name">[68] Resultado de la regularización anual</field>
            <field name="code">aeat_mod_303_68</field>
            <field name="parent_id" ref="mod_303_title_18"/>
            <field name="formulas">from_context</field>
            <field name="sequence" eval="74"/>
            <field name="level" eval="3"/>
            <field name="special_date_changer">strict_range</field>
        </record>

        <record id="mod_303_casilla_69" model="account.financial.html.report.line">
            <field name="name">[69] Resultado</field>
            <field name="code">aeat_mod_303_69</field>
            <field name="parent_id" ref="mod_303_title_18"/>
            <field name="formulas">aeat_mod_303_66 + aeat_mod_303_77 - aeat_mod_303_78 + aeat_mod_303_68</field>
            <field name="sequence" eval="75"/>
            <field name="level" eval="3"/>
            <field name="special_date_changer">strict_range</field>
        </record>

        <record id="mod_303_casilla_70" model="account.financial.html.report.line">
            <field name="name">[70] A deducir</field>
            <field name="code">aeat_mod_303_70</field>
            <field name="parent_id" ref="mod_303_title_18"/>
            <field name="formulas">from_context</field>
            <field name="sequence" eval="76"/>
            <field name="level" eval="3"/>
        </record>

        <record id="mod_303_casilla_71" model="account.financial.html.report.line">
            <field name="name">[71] Resultado de la liquidación</field>
            <field name="code">aeat_mod_303_71</field>
            <field name="parent_id" ref="mod_303_title_18"/>
            <field name="formulas">aeat_mod_303_69 - aeat_mod_303_70</field>
            <field name="sequence" eval="77"/>
            <field name="level" eval="3"/>
        </record>

        <record id="mod_303_title_19" model="account.financial.html.report.line">
            <field name="name">Importe de las adquisiciones de bienes y servicios a las que sea de aplicación o afecte el régimen especial del criterio de caja</field>
            <field name="code">aeat_mod_303_title_19</field>
            <field name="parent_id" ref="mod_303_title_18"/>
            <field name="sequence" eval="78"/>
            <field name="level" eval="3"/>
        </record>

        <record id="mod_303_casilla_74" model="account.financial.html.report.line">
            <field name="name">[74] Base imponible</field>
            <field name="code">aeat_mod_303_74</field>
            <field name="parent_id" ref="mod_303_title_19"/>
            <field name="sequence" eval="75"/>
            <field name="sequence" eval="79"/>
            <field name="level" eval="4"/>
            <field name="special_date_changer">strict_range</field>
        </record>

        <record id="mod_303_casilla_75" model="account.financial.html.report.line">
            <field name="name">[75] Cuota</field>
            <field name="code">aeat_mod_303_75</field>
            <field name="parent_id" ref="mod_303_title_19"/>
            <field name="formulas">from_context</field>
            <field name="sequence" eval="80"/>
            <field name="level" eval="4"/>
            <field name="special_date_changer">strict_range</field>
        </record>

        <record id="mod_303_casilla_77" model="account.financial.html.report.line">
            <field name="name">[77] IVA a la importación liquidado por la Aduana pendiente de ingreso</field>
            <field name="code">aeat_mod_303_77</field>
            <field name="parent_id" ref="mod_303_title_18"/>
            <field name="formulas">from_context</field>
            <field name="sequence" eval="81"/>
            <field name="level" eval="3"/>
            <field name="special_date_changer">strict_range</field>
        </record>

        <record id="mod_303_casilla_78" model="account.financial.html.report.line">
            <field name="name">[78] Cuotas a compensar de periodos anteriores aplicadas en este periodo</field>
            <field name="code">aeat_mod_303_78</field>
            <field name="parent_id" ref="mod_303_title_18"/>
            <field name="formulas">from_context</field>
            <field name="sequence" eval="82"/>
            <field name="level" eval="3"/>
            <field name="special_date_changer">strict_range</field>
        </record>

        <record id="mod_303_casilla_87" model="account.financial.html.report.line">
            <field name="name">[87] Cuotas a compensar de periodos previos pendientes para periodos posteriores</field>
            <field name="code">aeat_mod_303_87</field>
            <field name="parent_id" ref="mod_303_title_18"/>
            <field name="formulas">aeat_mod_303_110 - aeat_mod_303_78</field>
            <field name="sequence" eval="83"/>
            <field name="level" eval="3"/>
            <field name="special_date_changer">strict_range</field>
        </record>

        <record id="mod_303_casilla_110" model="account.financial.html.report.line">
            <field name="name">[110] Cuotas a compensar pendientes de periodos anteriores</field>
            <field name="code">aeat_mod_303_110</field>
            <field name="parent_id" ref="mod_303_title_18"/>
            <field name="formulas">from_context</field>
            <field name="sequence" eval="84"/>
            <field name="level" eval="3"/>
            <field name="special_date_changer">strict_range</field>
        </record>

    </data>
</odoo>
