<?xml version="1.0" encoding="utf-8"?>
<odoo>
    <record id="account_financial_report_l10n_at_paragraph_224_ugb" model="account.financial.html.report">
        <field name="name">Bilanzdarstellung nach § 224 UGB</field>
        <field name="date_range" eval="False" />
        <field name="tax_report" eval="False"/>
        <field name='parent_id' ref='l10n_at.menu_finance_austria'/>
    </record>

    <record id="account_financial_report_l10n_at_paragraph_224_ugb_line_root" model="account.financial.html.report.line">
        <field name="financial_report_id" ref="account_financial_report_l10n_at_paragraph_224_ugb"/>
        <field name="sequence" eval="1"/>
        <field name="name">Saldo im Sinne von Bilanzgewinn/Bilanzverlust</field>
        <field name="formulas">A - P</field>
        <field name="domain" eval="False" />
        <field name="groupby">account_id</field>
        <field name="level" eval="0" />
        <field name="special_date_changer">normal</field>
    </record>

    <!-- Aktiva -->
    <record id="account_financial_report_l10n_at_paragraph_224_ugb_line_activa" model="account.financial.html.report.line">
        <field name="parent_id" ref="account_financial_report_l10n_at_paragraph_224_ugb_line_root"/>
        <field name="sequence" eval="1"/>
        <field name="name">Aktiva</field>
        <field name="code">A</field>
        <field name="formulas">AA + AB + AC + AD</field>
        <field name="domain" eval="False" />
        <field name="groupby">account_id</field>
        <field name="level" eval="1" />
        <field name="special_date_changer">normal</field>
    </record>

    <record id="account_financial_report_l10n_at_paragraph_224_ugb_line_activa_1" model="account.financial.html.report.line">
        <field name="parent_id" ref="account_financial_report_l10n_at_paragraph_224_ugb_line_activa"/>
        <field name="sequence" eval="1"/>
        <field name="name">A. Anlagevermögen</field>
        <field name="code">AA</field>
        <field name="formulas">AAI + AAII</field>
        <field name="domain" eval="False" />
        <field name="groupby">account_id</field>
        <field name="level" eval="2" />
        <field name="special_date_changer">normal</field>
    </record>
    <record id="account_financial_report_l10n_at_paragraph_224_ugb_line_activa_11" model="account.financial.html.report.line">
        <field name="parent_id" ref="account_financial_report_l10n_at_paragraph_224_ugb_line_activa_1"/>
        <field name="sequence" eval="1"/>
        <field name="name">I. Immaterielle Vermögensgegenstände</field>
        <field name="code">AAI</field>
        <field name="formulas">AAI1 + AAI2 + AAI3</field>
        <field name="domain" eval="False" />
        <field name="groupby">account_id</field>
        <field name="level" eval="3" />
        <field name="special_date_changer">normal</field>
    </record>

    <record id="account_financial_report_l10n_at_paragraph_224_ugb_line_activa_111" model="account.financial.html.report.line">
        <field name="parent_id" ref="account_financial_report_l10n_at_paragraph_224_ugb_line_activa_11"/>
        <field name="sequence" eval="1"/>
        <field name="name">1. Konzessionen, gewerbliche Schutzrechte und ähnliche Rechte und Vorteile sowie daraus abgeleitete Lizenzen</field>
        <field name="code">AAI1</field>
        <field name="formulas">sum</field>
        <field name="domain" eval="[('account_id.tag_ids', 'in', [ref('l10n_at.account_tag_l10n_at_AAI1')])]" />
        <field name="groupby">account_id</field>
        <field name="level" eval="4" />
        <field name="special_date_changer">normal</field>
    </record>
    <record id="account_financial_report_l10n_at_paragraph_224_ugb_line_activa_112" model="account.financial.html.report.line">
        <field name="parent_id" ref="account_financial_report_l10n_at_paragraph_224_ugb_line_activa_11"/>
        <field name="sequence" eval="2"/>
        <field name="name">2. Geschäfts(Firmen)wert</field>
        <field name="code">AAI2</field>
        <field name="formulas">sum</field>
        <field name="domain" eval="[('account_id.tag_ids', 'in', [ref('l10n_at.account_tag_l10n_at_AAI2')])]" />
        <field name="groupby">account_id</field>
        <field name="level" eval="4" />
        <field name="special_date_changer">normal</field>
    </record>
    <record id="account_financial_report_l10n_at_paragraph_224_ugb_line_activa_113" model="account.financial.html.report.line">
        <field name="parent_id" ref="account_financial_report_l10n_at_paragraph_224_ugb_line_activa_11"/>
        <field name="sequence" eval="3"/>
        <field name="name">3. geleistete Anzahlungen</field>
        <field name="code">AAI3</field>
        <field name="formulas">sum</field>
        <field name="domain" eval="[('account_id.tag_ids', 'in', [ref('l10n_at.account_tag_l10n_at_AAI3')])]" />
        <field name="groupby">account_id</field>
        <field name="level" eval="4" />
        <field name="special_date_changer">normal</field>
    </record>

    <record id="account_financial_report_l10n_at_paragraph_224_ugb_line_activa_12" model="account.financial.html.report.line">
        <field name="parent_id" ref="account_financial_report_l10n_at_paragraph_224_ugb_line_activa_1"/>
        <field name="sequence" eval="2"/>
        <field name="name">II. Sachanlagen</field>
        <field name="code">AAII</field>
        <field name="formulas">AAII1 + AAII2 + AAII3 + AAII4</field>
        <field name="domain" eval="False" />
        <field name="groupby">account_id</field>
        <field name="level" eval="3" />
        <field name="special_date_changer">normal</field>
    </record>
    <record id="account_financial_report_l10n_at_paragraph_224_ugb_line_activa_121" model="account.financial.html.report.line">
        <field name="parent_id" ref="account_financial_report_l10n_at_paragraph_224_ugb_line_activa_12"/>
        <field name="sequence" eval="1"/>
        <field name="name">1. Grundstücke, grundstücksgleiche Rechte und Bauten, einschließlich der Bauten auf fremdem Grund</field>
        <field name="code">AAII1</field>
        <field name="formulas">sum</field>
        <field name="domain" eval="[('account_id.tag_ids', 'in', [ref('l10n_at.account_tag_l10n_at_AAII1')])]" />
        <field name="groupby">account_id</field>
        <field name="level" eval="4" />
        <field name="special_date_changer">normal</field>
    </record>
    <record id="account_financial_report_l10n_at_paragraph_224_ugb_line_activa_122" model="account.financial.html.report.line">
        <field name="parent_id" ref="account_financial_report_l10n_at_paragraph_224_ugb_line_activa_12"/>
        <field name="sequence" eval="2"/>
        <field name="name">2. technische Anlagen und Maschinen</field>
        <field name="code">AAII2</field>
        <field name="formulas">sum</field>
        <field name="domain" eval="[('account_id.tag_ids', 'in', [ref('l10n_at.account_tag_l10n_at_AAII2')])]" />
        <field name="groupby">account_id</field>
        <field name="level" eval="4" />
        <field name="special_date_changer">normal</field>
    </record>
    <record id="account_financial_report_l10n_at_paragraph_224_ugb_line_activa_123" model="account.financial.html.report.line">
        <field name="parent_id" ref="account_financial_report_l10n_at_paragraph_224_ugb_line_activa_12"/>
        <field name="sequence" eval="3"/>
        <field name="name">3. andere Anlagen, Betriebs- und Geschäftsausstattung</field>
        <field name="code">AAII3</field>
        <field name="formulas">sum</field>
        <field name="domain" eval="[('account_id.tag_ids', 'in', [ref('l10n_at.account_tag_l10n_at_AAII3')])]" />
        <field name="groupby">account_id</field>
        <field name="level" eval="4" />
        <field name="special_date_changer">normal</field>
    </record>
    <record id="account_financial_report_l10n_at_paragraph_224_ugb_line_activa_124" model="account.financial.html.report.line">
        <field name="parent_id" ref="account_financial_report_l10n_at_paragraph_224_ugb_line_activa_12"/>
        <field name="sequence" eval="4"/>
        <field name="name">4. geleistete Anzahlungen und Anlagen in Bau</field>
        <field name="code">AAII4</field>
        <field name="formulas">sum</field>
        <field name="domain" eval="[('account_id.tag_ids', 'in', [ref('l10n_at.account_tag_l10n_at_AAII4')])]" />
        <field name="groupby">account_id</field>
        <field name="level" eval="4" />
        <field name="special_date_changer">normal</field>
    </record>

    <record id="account_financial_report_l10n_at_paragraph_224_ugb_line_activa_13" model="account.financial.html.report.line">
        <field name="parent_id" ref="account_financial_report_l10n_at_paragraph_224_ugb_line_activa_1"/>
        <field name="sequence" eval="3"/>
        <field name="name">III. Finanzanlagen</field>
        <field name="code">AAIII</field>
        <field name="formulas">sum</field>
        <field name="domain" eval="[('account_id.tag_ids', 'in', [ref('l10n_at.account_tag_l10n_at_AAIII')])]" />
        <field name="groupby">account_id</field>
        <field name="level" eval="3" />
        <field name="special_date_changer">normal</field>
    </record>
    <record id="account_financial_report_l10n_at_paragraph_224_ugb_line_activa_131" model="account.financial.html.report.line">
        <field name="parent_id" ref="account_financial_report_l10n_at_paragraph_224_ugb_line_activa_13"/>
        <field name="sequence" eval="1"/>
        <field name="name">1. Anteile an verbundenen Unternehmen</field>
        <field name="code">AAIII1</field>
        <field name="formulas">sum</field>
        <field name="domain" eval="[('account_id.tag_ids', 'in', [ref('l10n_at.account_tag_l10n_at_AAIII1')])]" />
        <field name="groupby">account_id</field>
        <field name="level" eval="4" />
        <field name="special_date_changer">normal</field>
    </record>
    <record id="account_financial_report_l10n_at_paragraph_224_ugb_line_activa_132" model="account.financial.html.report.line">
        <field name="parent_id" ref="account_financial_report_l10n_at_paragraph_224_ugb_line_activa_13"/>
        <field name="sequence" eval="2"/>
        <field name="name">2. Ausleihungen an verbundene Unternehmen</field>
        <field name="code">AAIII2</field>
        <field name="formulas">sum</field>
        <field name="domain" eval="[('account_id.tag_ids', 'in', [ref('l10n_at.account_tag_l10n_at_AAIII2')])]" />
        <field name="groupby">account_id</field>
        <field name="level" eval="4" />
        <field name="special_date_changer">normal</field>
    </record>
    <record id="account_financial_report_l10n_at_paragraph_224_ugb_line_activa_133" model="account.financial.html.report.line">
        <field name="parent_id" ref="account_financial_report_l10n_at_paragraph_224_ugb_line_activa_13"/>
        <field name="sequence" eval="3"/>
        <field name="name">3. Beteiligungen</field>
        <field name="code">AAIII3</field>
        <field name="formulas">sum</field>
        <field name="domain" eval="[('account_id.tag_ids', 'in', [ref('l10n_at.account_tag_l10n_at_AAIII3')])]" />
        <field name="groupby">account_id</field>
        <field name="level" eval="4" />
        <field name="special_date_changer">normal</field>
    </record>
    <record id="account_financial_report_l10n_at_paragraph_224_ugb_line_activa_134" model="account.financial.html.report.line">
        <field name="parent_id" ref="account_financial_report_l10n_at_paragraph_224_ugb_line_activa_13"/>
        <field name="sequence" eval="4"/>
        <field name="name">4. Ausleihungen an Unternehmen, mit denen ein Beteiligungsverhältnis besteht</field>
        <field name="code">AAIII4</field>
        <field name="formulas">sum</field>
        <field name="domain" eval="[('account_id.tag_ids', 'in', [ref('l10n_at.account_tag_l10n_at_AAIII4')])]" />
        <field name="groupby">account_id</field>
        <field name="level" eval="4" />
        <field name="special_date_changer">normal</field>
    </record>
    <record id="account_financial_report_l10n_at_paragraph_224_ugb_line_activa_135" model="account.financial.html.report.line">
        <field name="parent_id" ref="account_financial_report_l10n_at_paragraph_224_ugb_line_activa_13"/>
        <field name="sequence" eval="5"/>
        <field name="name">5. Wertpapiere (Wertrechte) des Anlagevermögens</field>
        <field name="code">AAIII5</field>
        <field name="formulas">sum</field>
        <field name="domain" eval="[('account_id.tag_ids', 'in', [ref('l10n_at.account_tag_l10n_at_AAIII5')])]" />
        <field name="groupby">account_id</field>
        <field name="level" eval="4" />
        <field name="special_date_changer">normal</field>
    </record>
    <record id="account_financial_report_l10n_at_paragraph_224_ugb_line_activa_136" model="account.financial.html.report.line">
        <field name="parent_id" ref="account_financial_report_l10n_at_paragraph_224_ugb_line_activa_13"/>
        <field name="sequence" eval="6"/>
        <field name="name">6. sonstige Ausleihungen</field>
        <field name="code">AAIII6</field>
        <field name="formulas">sum</field>
        <field name="domain" eval="[('account_id.tag_ids', 'in', [ref('l10n_at.account_tag_l10n_at_AAIII6')])]" />
        <field name="groupby">account_id</field>
        <field name="level" eval="4" />
        <field name="special_date_changer">normal</field>
    </record>

    <record id="account_financial_report_l10n_at_paragraph_224_ugb_line_activa_2" model="account.financial.html.report.line">
        <field name="parent_id" ref="account_financial_report_l10n_at_paragraph_224_ugb_line_activa"/>
        <field name="sequence" eval="2"/>
        <field name="name">B. Umlaufvermögen</field>
        <field name="code">AB</field>
        <field name="formulas">ABI + ABII + ABIII + ABIV</field>
        <field name="domain" eval="False" />
        <field name="groupby">account_id</field>
        <field name="level" eval="2" />
        <field name="special_date_changer">normal</field>
    </record>
    <record id="account_financial_report_l10n_at_paragraph_224_ugb_line_activa_21" model="account.financial.html.report.line">
        <field name="parent_id" ref="account_financial_report_l10n_at_paragraph_224_ugb_line_activa_2"/>
        <field name="sequence" eval="1"/>
        <field name="name">I. Vorräte</field>
        <field name="code">ABI</field>
        <field name="formulas">ABI1 + ABI2 + ABI3 + ABI4 + ABI5</field>
        <field name="domain" eval="False" />
        <field name="groupby">account_id</field>
        <field name="level" eval="3" />
        <field name="special_date_changer">normal</field>
    </record>
    <record id="account_financial_report_l10n_at_paragraph_224_ugb_line_activa_211" model="account.financial.html.report.line">
        <field name="parent_id" ref="account_financial_report_l10n_at_paragraph_224_ugb_line_activa_21"/>
        <field name="sequence" eval="1"/>
        <field name="name">1. Roh-, Hilfs- und Betriebsstoffe</field>
        <field name="code">ABI1</field>
        <field name="formulas">sum</field>
        <field name="domain" eval="[('account_id.tag_ids', 'in', [ref('l10n_at.account_tag_l10n_at_ABI1')])]" />
        <field name="groupby">account_id</field>
        <field name="level" eval="4" />
        <field name="special_date_changer">normal</field>
    </record>
    <record id="account_financial_report_l10n_at_paragraph_224_ugb_line_activa_212" model="account.financial.html.report.line">
        <field name="parent_id" ref="account_financial_report_l10n_at_paragraph_224_ugb_line_activa_21"/>
        <field name="sequence" eval="2"/>
        <field name="name">2. unfertige Erzeugnisse</field>
        <field name="code">ABI2</field>
        <field name="formulas">sum</field>
        <field name="domain" eval="[('account_id.tag_ids', 'in', [ref('l10n_at.account_tag_l10n_at_ABI2')])]" />
        <field name="groupby">account_id</field>
        <field name="level" eval="4" />
        <field name="special_date_changer">normal</field>
    </record>
    <record id="account_financial_report_l10n_at_paragraph_224_ugb_line_activa_213" model="account.financial.html.report.line">
        <field name="parent_id" ref="account_financial_report_l10n_at_paragraph_224_ugb_line_activa_21"/>
        <field name="sequence" eval="3"/>
        <field name="name">3. fertige Erzeugnisse und Waren</field>
        <field name="code">ABI3</field>
        <field name="formulas">sum</field>
        <field name="domain" eval="[('account_id.tag_ids', 'in', [ref('l10n_at.account_tag_l10n_at_ABI3')])]" />
        <field name="groupby">account_id</field>
        <field name="level" eval="4" />
        <field name="special_date_changer">normal</field>
    </record>
    <record id="account_financial_report_l10n_at_paragraph_224_ugb_line_activa_214" model="account.financial.html.report.line">
        <field name="parent_id" ref="account_financial_report_l10n_at_paragraph_224_ugb_line_activa_21"/>
        <field name="sequence" eval="4"/>
        <field name="name">4. noch nicht abrechenbare Leistungen</field>
        <field name="code">ABI4</field>
        <field name="formulas">sum</field>
        <field name="domain" eval="[('account_id.tag_ids', 'in', [ref('l10n_at.account_tag_l10n_at_ABI4')])]" />
        <field name="groupby">account_id</field>
        <field name="level" eval="4" />
        <field name="special_date_changer">normal</field>
    </record>
    <record id="account_financial_report_l10n_at_paragraph_224_ugb_line_activa_215" model="account.financial.html.report.line">
        <field name="parent_id" ref="account_financial_report_l10n_at_paragraph_224_ugb_line_activa_21"/>
        <field name="sequence" eval="5"/>
        <field name="name">5. geleistete Anzahlungen</field>
        <field name="code">ABI5</field>
        <field name="formulas">sum</field>
        <field name="domain" eval="[('account_id.code', '=', '1800')]" />
        <field name="domain" eval="[('account_id.tag_ids', 'in', [ref('l10n_at.account_tag_l10n_at_ABI5')])]" />
        <field name="groupby">account_id</field>
        <field name="level" eval="4" />
        <field name="special_date_changer">normal</field>
    </record>

    <record id="account_financial_report_l10n_at_paragraph_224_ugb_line_activa_22" model="account.financial.html.report.line">
        <field name="parent_id" ref="account_financial_report_l10n_at_paragraph_224_ugb_line_activa_2"/>
        <field name="sequence" eval="2"/>
        <field name="name">II. Forderungen und sonstige Vermögensgegenstände</field>
        <field name="code">ABII</field>
        <field name="formulas">ABII1 + ABII2 + ABII3 + ABII4</field>
        <field name="domain" eval="False" />
        <field name="groupby">account_id</field>
        <field name="level" eval="3" />
        <field name="special_date_changer">normal</field>
    </record>
    <record id="account_financial_report_l10n_at_paragraph_224_ugb_line_activa_221" model="account.financial.html.report.line">
        <field name="parent_id" ref="account_financial_report_l10n_at_paragraph_224_ugb_line_activa_22"/>
        <field name="sequence" eval="1"/>
        <field name="name">1. Forderungen aus Lieferungen und Leistungen</field>
        <field name="code">ABII1</field>
        <field name="formulas">sum</field>
        <field name="domain" eval="[('account_id.tag_ids', 'in', [ref('l10n_at.account_tag_l10n_at_ABII1')])]" />
        <field name="groupby">account_id</field>
        <field name="level" eval="4" />
        <field name="special_date_changer">normal</field>
    </record>
    <record id="account_financial_report_l10n_at_paragraph_224_ugb_line_activa_222" model="account.financial.html.report.line">
        <field name="parent_id" ref="account_financial_report_l10n_at_paragraph_224_ugb_line_activa_22"/>
        <field name="sequence" eval="2"/>
        <field name="name">2. Forderungen gegenüber verbundenen Unternehmen</field>
        <field name="code">ABII2</field>
        <field name="formulas">sum</field>
        <field name="domain" eval="[('account_id.tag_ids', 'in', [ref('l10n_at.account_tag_l10n_at_ABII2')])]" />
        <field name="groupby">account_id</field>
        <field name="level" eval="4" />
        <field name="special_date_changer">normal</field>
    </record>
    <record id="account_financial_report_l10n_at_paragraph_224_ugb_line_activa_223" model="account.financial.html.report.line">
        <field name="parent_id" ref="account_financial_report_l10n_at_paragraph_224_ugb_line_activa_22"/>
        <field name="sequence" eval="3"/>
        <field name="name">3. Forderungen gegenüber Unternehmen, mit denen ein Beteiligungsverhältnis besteht</field>
        <field name="code">ABII3</field>
        <field name="formulas">sum</field>
        <field name="domain" eval="[('account_id.tag_ids', 'in', [ref('l10n_at.account_tag_l10n_at_ABII3')])]" />
        <field name="groupby">account_id</field>
        <field name="level" eval="4" />
        <field name="special_date_changer">normal</field>
    </record>
    <record id="account_financial_report_l10n_at_paragraph_224_ugb_line_activa_224" model="account.financial.html.report.line">
        <field name="parent_id" ref="account_financial_report_l10n_at_paragraph_224_ugb_line_activa_22"/>
        <field name="sequence" eval="4"/>
        <field name="name">4. sonstige Forderungen und Vermögensgegenstände</field>
        <field name="code">ABII4</field>
        <field name="formulas">sum</field>
        <field name="domain" eval="[('account_id.tag_ids', 'in', [ref('l10n_at.account_tag_l10n_at_ABII4')])]" />
        <field name="groupby">account_id</field>
        <field name="level" eval="4" />
        <field name="special_date_changer">normal</field>
    </record>

    <record id="account_financial_report_l10n_at_paragraph_224_ugb_line_activa_23" model="account.financial.html.report.line">
        <field name="parent_id" ref="account_financial_report_l10n_at_paragraph_224_ugb_line_activa_2"/>
        <field name="sequence" eval="3"/>
        <field name="name">III. Wertpapiere und Anteile</field>
        <field name="code">ABIII</field>
        <field name="formulas">sum</field>
        <field name="domain" eval="[('account_id.tag_ids', 'in', [ref('l10n_at.account_tag_l10n_at_ABIII')])]" />
        <field name="groupby">account_id</field>
        <field name="level" eval="3" />
        <field name="special_date_changer">normal</field>
    </record>
    <record id="account_financial_report_l10n_at_paragraph_224_ugb_line_activa_231" model="account.financial.html.report.line">
        <field name="parent_id" ref="account_financial_report_l10n_at_paragraph_224_ugb_line_activa_23"/>
        <field name="sequence" eval="1"/>
        <field name="name">1. Anteile an verbundenen Unternehmen</field>
        <field name="code">ABIII1</field>
        <field name="formulas">sum</field>
        <field name="domain" eval="[('account_id.tag_ids', 'in', [ref('l10n_at.account_tag_l10n_at_ABIII1')])]" />
        <field name="groupby">account_id</field>
        <field name="level" eval="4" />
        <field name="special_date_changer">normal</field>
    </record>
    <record id="account_financial_report_l10n_at_paragraph_224_ugb_line_activa_232" model="account.financial.html.report.line">
        <field name="parent_id" ref="account_financial_report_l10n_at_paragraph_224_ugb_line_activa_23"/>
        <field name="sequence" eval="2"/>
        <field name="name">2. sonstige Wertpapiere und Anteile</field>
        <field name="code">ABIII2</field>
        <field name="formulas">sum</field>
        <field name="domain" eval="[('account_id.tag_ids', 'in', [ref('l10n_at.account_tag_l10n_at_ABIII2')])]" />
        <field name="groupby">account_id</field>
        <field name="level" eval="4" />
        <field name="special_date_changer">normal</field>
    </record>

    <record id="account_financial_report_l10n_at_paragraph_224_ugb_line_activa_24" model="account.financial.html.report.line">
        <field name="parent_id" ref="account_financial_report_l10n_at_paragraph_224_ugb_line_activa_2"/>
        <field name="sequence" eval="4"/>
        <field name="name">IV. Kassenbestand, Guthaben bei Kreditinstituten</field>
        <field name="code">ABIV</field>
        <field name="formulas">sum</field>
        <field name="domain" eval="[('account_id.tag_ids', 'in', [ref('l10n_at.account_tag_l10n_at_ABIV')])]" />
        <field name="groupby">account_id</field>
        <field name="level" eval="3" />
        <field name="special_date_changer">normal</field>
    </record>

    <record id="account_financial_report_l10n_at_paragraph_224_ugb_line_activa_3" model="account.financial.html.report.line">
        <field name="parent_id" ref="account_financial_report_l10n_at_paragraph_224_ugb_line_activa"/>
        <field name="sequence" eval="3"/>
        <field name="name">C. Rechnungsabgrenzungsposten</field>
        <field name="code">AC</field>
        <field name="formulas">sum</field>
        <field name="groupby">account_id</field>
        <field name="domain" eval="[('account_id.tag_ids', 'in', [ref('l10n_at.account_tag_l10n_at_AC')])]" />
        <field name="level" eval="2" />
        <field name="special_date_changer">normal</field>
    </record>

    <record id="account_financial_report_l10n_at_paragraph_224_ugb_line_activa_4" model="account.financial.html.report.line">
        <field name="parent_id" ref="account_financial_report_l10n_at_paragraph_224_ugb_line_activa"/>
        <field name="sequence" eval="4"/>
        <field name="name">D. Aktive latente Steuern</field>
        <field name="code">AD</field>
        <field name="formulas">sum</field>
        <field name="groupby">account_id</field>
        <field name="domain" eval="[('account_id.tag_ids', 'in', [ref('l10n_at.account_tag_l10n_at_AD')])]" />
        <field name="level" eval="2" />
        <field name="special_date_changer">normal</field>
    </record>

    <!-- Passiva -->
    <record id="account_financial_report_l10n_at_paragraph_224_ugb_line_passiva" model="account.financial.html.report.line">
        <field name="parent_id" ref="account_financial_report_l10n_at_paragraph_224_ugb_line_root"/>
        <field name="sequence" eval="2"/>
        <field name="name">Passiva</field>
        <field name="code">P</field>
        <field name="formulas">PA + PB + PC + PD</field>
        <field name="groupby">account_id</field>
        <field name="domain" eval="False" />
        <field name="level" eval="1" />
        <field name="special_date_changer">normal</field>
        <field name="figure_type">float</field>
    </record>

    <record id="account_financial_report_l10n_at_paragraph_224_ugb_line_passiva_1" model="account.financial.html.report.line">
        <field name="parent_id" ref="account_financial_report_l10n_at_paragraph_224_ugb_line_passiva"/>
        <field name="sequence" eval="1"/>
        <field name="name">A. Eigenkapital</field>
        <field name="code">PA</field>
        <field name="formulas">PAI + PAII + PAIII + PAIV</field>
        <field name="groupby">account_id</field>
        <field name="domain" eval="False" />
        <field name="level" eval="2" />
        <field name="special_date_changer">normal</field>
        <field name="figure_type">float</field>
    </record>

    <record id="account_financial_report_l10n_at_paragraph_224_ugb_line_passiva_11" model="account.financial.html.report.line">
        <field name="parent_id" ref="account_financial_report_l10n_at_paragraph_224_ugb_line_passiva_1"/>
        <field name="sequence" eval="1"/>
        <field name="name">I. Nennkapital (Stammkapital)</field>
        <field name="code">PAI</field>
        <field name="formulas">-sum</field>
        <field name="domain" eval="[('account_id.tag_ids', 'in', [ref('l10n_at.account_tag_l10n_at_PAI')])]" />
        <field name="groupby">account_id</field>
        <field name="level" eval="3" />
        <field name="special_date_changer">normal</field>
        <field name="figure_type">float</field>
    </record>
    <record id="account_financial_report_l10n_at_paragraph_224_ugb_line_passiva_12" model="account.financial.html.report.line">
        <field name="parent_id" ref="account_financial_report_l10n_at_paragraph_224_ugb_line_passiva_1"/>
        <field name="sequence" eval="2"/>
        <field name="name">II. Kapitalrücklagen</field>
        <field name="code">PAII</field>
        <field name="formulas">-sum</field>
        <field name="domain" eval="[('account_id.tag_ids', 'in', [ref('l10n_at.account_tag_l10n_at_PAII')])]" />
        <field name="groupby">account_id</field>
        <field name="level" eval="3" />
        <field name="special_date_changer">normal</field>
    </record>
    <record id="account_financial_report_l10n_at_paragraph_224_ugb_line_passiva_121" model="account.financial.html.report.line">
        <field name="parent_id" ref="account_financial_report_l10n_at_paragraph_224_ugb_line_passiva_12"/>
        <field name="sequence" eval="1"/>
        <field name="name">1. gebundene Kapitalanlagen</field>
        <field name="code">PAII1</field>
        <field name="formulas">-sum</field>
        <field name="domain" eval="[('account_id.tag_ids', 'in', [ref('l10n_at.account_tag_l10n_at_PAII1')])]" />
        <field name="groupby">account_id</field>
        <field name="level" eval="4" />
        <field name="special_date_changer">normal</field>
    </record>
    <record id="account_financial_report_l10n_at_paragraph_224_ugb_line_passiva_122" model="account.financial.html.report.line">
        <field name="parent_id" ref="account_financial_report_l10n_at_paragraph_224_ugb_line_passiva_12"/>
        <field name="sequence" eval="2"/>
        <field name="name">2. nicht gebundene Kapitalanlagen</field>
        <field name="code">PAII2</field>
        <field name="formulas">-sum</field>
        <field name="domain" eval="[('account_id.tag_ids', 'in', [ref('l10n_at.account_tag_l10n_at_PAII2')])]" />
        <field name="groupby">account_id</field>
        <field name="level" eval="4" />
        <field name="special_date_changer">normal</field>
        <field name="figure_type">float</field>
    </record>
    <record id="account_financial_report_l10n_at_paragraph_224_ugb_line_passiva_13" model="account.financial.html.report.line">
        <field name="parent_id" ref="account_financial_report_l10n_at_paragraph_224_ugb_line_passiva_1"/>
        <field name="sequence" eval="3"/>
        <field name="name">III. Gewinnrücklagen</field>
        <field name="code">PAIII</field>
        <field name="formulas">-sum</field>
        <field name="domain" eval="[('account_id.tag_ids', 'in', [ref('l10n_at.account_tag_l10n_at_PAIII')])]" />
        <field name="groupby">account_id</field>
        <field name="level" eval="3" />
        <field name="special_date_changer">normal</field>
        <field name="figure_type">float</field>
    </record>
    <record id="account_financial_report_l10n_at_paragraph_224_ugb_line_passiva_131" model="account.financial.html.report.line">
        <field name="parent_id" ref="account_financial_report_l10n_at_paragraph_224_ugb_line_passiva_13"/>
        <field name="sequence" eval="1"/>
        <field name="name">1. gesetzliche Rücklage</field>
        <field name="code">PAIII1</field>
        <field name="formulas">-sum</field>
        <field name="domain" eval="[('account_id.tag_ids', 'in', [ref('l10n_at.account_tag_l10n_at_PAIII1')])]" />
        <field name="groupby">account_id</field>
        <field name="level" eval="4" />
        <field name="special_date_changer">normal</field>
        <field name="figure_type">float</field>
    </record>
    <record id="account_financial_report_l10n_at_paragraph_224_ugb_line_passiva_132" model="account.financial.html.report.line">
        <field name="parent_id" ref="account_financial_report_l10n_at_paragraph_224_ugb_line_passiva_13"/>
        <field name="sequence" eval="2"/>
        <field name="name">2. satzungsmäßige Rücklagen</field>
        <field name="code">PAIII2</field>
        <field name="formulas">-sum</field>
        <field name="domain" eval="[('account_id.tag_ids', 'in', [ref('l10n_at.account_tag_l10n_at_PAIII2')])]" />
        <field name="groupby">account_id</field>
        <field name="level" eval="4" />
        <field name="special_date_changer">normal</field>
    </record>
    <record id="account_financial_report_l10n_at_paragraph_224_ugb_line_passiva_133" model="account.financial.html.report.line">
        <field name="parent_id" ref="account_financial_report_l10n_at_paragraph_224_ugb_line_passiva_13"/>
        <field name="sequence" eval="3"/>
        <field name="name">3. andere Rücklagen (freie Rücklagen)</field>
        <field name="code">PAIII3</field>
        <field name="formulas">-sum</field>
        <field name="domain" eval="[('account_id.tag_ids', 'in', [ref('l10n_at.account_tag_l10n_at_PAIII3')])]" />
        <field name="groupby">account_id</field>
        <field name="level" eval="4" />
        <field name="special_date_changer">normal</field>
    </record>

    <record id="account_financial_report_l10n_at_paragraph_224_ugb_line_passiva_14" model="account.financial.html.report.line">
        <field name="parent_id" ref="account_financial_report_l10n_at_paragraph_224_ugb_line_passiva_1"/>
        <field name="sequence" eval="4"/>
        <field name="name">IV. Bilanzgewinn (Bilanzverlust)</field>
        <field name="code">PAIV</field>
        <field name="formulas">-sum</field>
        <field name="domain" eval="[('account_id.tag_ids', 'in', [ref('l10n_at.account_tag_l10n_at_PAIV')])]" />
        <field name="groupby">account_id</field>
        <field name="level" eval="3" />
        <field name="special_date_changer">normal</field>
    </record>

    <record id="account_financial_report_l10n_at_paragraph_224_ugb_line_passiva_2" model="account.financial.html.report.line">
        <field name="parent_id" ref="account_financial_report_l10n_at_paragraph_224_ugb_line_passiva"/>
        <field name="sequence" eval="2"/>
        <field name="name">B. Rückstellungen</field>
        <field name="code">PB</field>
        <field name="formulas">PBI + PBII + PBIII + PBIV</field>
        <field name="domain" eval="False" />
        <field name="green_on_positive" eval="False" />
        <field name="groupby">account_id</field>
        <field name="level" eval="2" />
        <field name="special_date_changer">normal</field>
    </record>
    <record id="account_financial_report_l10n_at_paragraph_224_ugb_line_passiva_21" model="account.financial.html.report.line">
        <field name="parent_id" ref="account_financial_report_l10n_at_paragraph_224_ugb_line_passiva_2"/>
        <field name="sequence" eval="1"/>
        <field name="name">I. Rückstellungen für Abfertigungen</field>
        <field name="code">PBI</field>
        <field name="formulas">-sum</field>
        <field name="domain" eval="[('account_id.tag_ids', 'in', [ref('l10n_at.account_tag_l10n_at_PBI')])]" />
        <field name="green_on_positive" eval="False" />
        <field name="groupby">account_id</field>
        <field name="level" eval="3" />
        <field name="special_date_changer">normal</field>
    </record>
    <record id="account_financial_report_l10n_at_paragraph_224_ugb_line_passiva_22" model="account.financial.html.report.line">
        <field name="parent_id" ref="account_financial_report_l10n_at_paragraph_224_ugb_line_passiva_2"/>
        <field name="sequence" eval="2"/>
        <field name="name">II. Rückstellungen für Pensionen</field>
        <field name="code">PBII</field>
        <field name="formulas">-sum</field>
        <field name="domain" eval="[('account_id.tag_ids', 'in', [ref('l10n_at.account_tag_l10n_at_PBII')])]" />
        <field name="green_on_positive" eval="False" />
        <field name="groupby">account_id</field>
        <field name="level" eval="3" />
        <field name="special_date_changer">normal</field>
    </record>
    <record id="account_financial_report_l10n_at_paragraph_224_ugb_line_passiva_23" model="account.financial.html.report.line">
        <field name="parent_id" ref="account_financial_report_l10n_at_paragraph_224_ugb_line_passiva_2"/>
        <field name="sequence" eval="3"/>
        <field name="name">III. Steuerrückstellungen</field>
        <field name="code">PBIII</field>
        <field name="formulas">-sum</field>
        <field name="domain" eval="[('account_id.tag_ids', 'in', [ref('l10n_at.account_tag_l10n_at_PBIII')])]" />
        <field name="green_on_positive" eval="False" />
        <field name="groupby">account_id</field>
        <field name="level" eval="3" />
        <field name="special_date_changer">normal</field>
    </record>
    <record id="account_financial_report_l10n_at_paragraph_224_ugb_line_passiva_24" model="account.financial.html.report.line">
        <field name="parent_id" ref="account_financial_report_l10n_at_paragraph_224_ugb_line_passiva_2"/>
        <field name="sequence" eval="4"/>
        <field name="name">IV. sonstige Rückstellungen</field>
        <field name="code">PBIV</field>
        <field name="formulas">-sum</field>
        <field name="domain" eval="[('account_id.tag_ids', 'in', [ref('l10n_at.account_tag_l10n_at_PBIV')])]" />
        <field name="green_on_positive" eval="False" />
        <field name="groupby">account_id</field>
        <field name="level" eval="3" />
        <field name="special_date_changer">normal</field>
    </record>

    <record id="account_financial_report_l10n_at_paragraph_224_ugb_line_passiva_3" model="account.financial.html.report.line">
        <field name="parent_id" ref="account_financial_report_l10n_at_paragraph_224_ugb_line_passiva"/>
        <field name="sequence" eval="3"/>
        <field name="name">C. Verbindlichkeiten</field>
        <field name="code">PC</field>
        <field name="formulas">PCI + PCII + PCIII + PCIV +  PCV +  PCVI +  PCVII +  PCVIII</field>
        <field name="green_on_positive" eval="False" />
        <field name="groupby">account_id</field>
        <field name="domain" eval="False" />
        <field name="level" eval="2" />
        <field name="special_date_changer">normal</field>
    </record>
    <record id="account_financial_report_l10n_at_paragraph_224_ugb_line_passiva_31" model="account.financial.html.report.line">
        <field name="parent_id" ref="account_financial_report_l10n_at_paragraph_224_ugb_line_passiva_3"/>
        <field name="sequence" eval="1"/>
        <field name="name">I. Anleihen, davon konvertibel</field>
        <field name="code">PCI</field>
        <field name="formulas">-sum</field>
        <field name="domain" eval="[('account_id.tag_ids', 'in', [ref('l10n_at.account_tag_l10n_at_PCI')])]" />
        <field name="green_on_positive" eval="False" />
        <field name="groupby">account_id</field>
        <field name="level" eval="3" />
        <field name="special_date_changer">normal</field>
    </record>
    <record id="account_financial_report_l10n_at_paragraph_224_ugb_line_passiva_32" model="account.financial.html.report.line">
        <field name="parent_id" ref="account_financial_report_l10n_at_paragraph_224_ugb_line_passiva_3"/>
        <field name="sequence" eval="2"/>
        <field name="name">II. Verbindlichkeiten gegenüber Kreditinstituten</field>
        <field name="code">PCII</field>
        <field name="formulas">-sum</field>
        <field name="domain" eval="[('account_id.tag_ids', 'in', [ref('l10n_at.account_tag_l10n_at_PCII')])]" />
        <field name="green_on_positive" eval="False" />
        <field name="groupby">account_id</field>
        <field name="level" eval="3" />
        <field name="special_date_changer">normal</field>
    </record>
    <record id="account_financial_report_l10n_at_paragraph_224_ugb_line_passiva_33" model="account.financial.html.report.line">
        <field name="parent_id" ref="account_financial_report_l10n_at_paragraph_224_ugb_line_passiva_3"/>
        <field name="sequence" eval="3"/>
        <field name="name">III. erhaltene Anzahlungen auf Bestellungen</field>
        <field name="code">PCIII</field>
        <field name="formulas">-sum</field>
        <field name="domain" eval="[('account_id.tag_ids', 'in', [ref('l10n_at.account_tag_l10n_at_PCIII')])]" />
        <field name="green_on_positive" eval="False" />
        <field name="groupby">account_id</field>
        <field name="level" eval="3" />
        <field name="special_date_changer">normal</field>
    </record>
    <record id="account_financial_report_l10n_at_paragraph_224_ugb_line_passiva_34" model="account.financial.html.report.line">
        <field name="parent_id" ref="account_financial_report_l10n_at_paragraph_224_ugb_line_passiva_3"/>
        <field name="sequence" eval="4"/>
        <field name="name">IV. Verbindlichkeiten aus Lieferungen und Leistungen</field>
        <field name="code">PCIV</field>
        <field name="formulas">-sum</field>
        <field name="domain" eval="[('account_id.tag_ids', 'in', [ref('l10n_at.account_tag_l10n_at_PCIV')])]" />
        <field name="green_on_positive" eval="False" />
        <field name="groupby">account_id</field>
        <field name="level" eval="3" />
        <field name="special_date_changer">normal</field>
    </record>
    <record id="account_financial_report_l10n_at_paragraph_224_ugb_line_passiva_35" model="account.financial.html.report.line">
        <field name="parent_id" ref="account_financial_report_l10n_at_paragraph_224_ugb_line_passiva_3"/>
        <field name="sequence" eval="5"/>
        <field name="name">V. Verbindlichkeiten aus der Annahme gezogener Wechsel und der Ausstellung eigener Wechsel</field>
        <field name="code">PCV</field>
        <field name="formulas">-sum</field>
        <field name="domain" eval="[('account_id.tag_ids', 'in', [ref('l10n_at.account_tag_l10n_at_PCV')])]" />
        <field name="green_on_positive" eval="False" />
        <field name="groupby">account_id</field>
        <field name="level" eval="3" />
        <field name="special_date_changer">normal</field>
    </record>
    <record id="account_financial_report_l10n_at_paragraph_224_ugb_line_passiva_36" model="account.financial.html.report.line">
        <field name="parent_id" ref="account_financial_report_l10n_at_paragraph_224_ugb_line_passiva_3"/>
        <field name="sequence" eval="6"/>
        <field name="name">VI. Verbindlichkeiten gegenüber verbundenen Unternehmen</field>
        <field name="code">PCVI</field>
        <field name="formulas">-sum</field>
        <field name="domain" eval="[('account_id.tag_ids', 'in', [ref('l10n_at.account_tag_l10n_at_PCVI')])]" />
        <field name="green_on_positive" eval="False" />
        <field name="groupby">account_id</field>
        <field name="level" eval="3" />
        <field name="special_date_changer">normal</field>
    </record>
    <record id="account_financial_report_l10n_at_paragraph_224_ugb_line_passiva_37" model="account.financial.html.report.line">
        <field name="parent_id" ref="account_financial_report_l10n_at_paragraph_224_ugb_line_passiva_3"/>
        <field name="sequence" eval="7"/>
        <field name="name">VII. Verbindlichkeiten gegenüber Unternehmen, mit denen ein Beteiligungsverhältnis besteht</field>
        <field name="code">PCVII</field>
        <field name="formulas">-sum</field>
        <field name="domain" eval="[('account_id.tag_ids', 'in', [ref('l10n_at.account_tag_l10n_at_PCVII')])]" />
        <field name="green_on_positive" eval="False" />
        <field name="groupby">account_id</field>
        <field name="level" eval="3" />
        <field name="special_date_changer">normal</field>
    </record>
    <record id="account_financial_report_l10n_at_paragraph_224_ugb_line_passiva_38" model="account.financial.html.report.line">
        <field name="parent_id" ref="account_financial_report_l10n_at_paragraph_224_ugb_line_passiva_3"/>
        <field name="sequence" eval="8"/>
        <field name="name">VIII. sonstige Verbindlichkeiten</field>
        <field name="code">PCVIII</field>
        <field name="formulas">PCVIII1 + PCVIII2 + sum</field>
        <field name="domain" eval="False" />
        <field name="domain" eval="[('account_id.tag_ids', 'in', [ref('l10n_at.account_tag_l10n_at_PCVIII')])]" />
        <field name="green_on_positive" eval="False" />
        <field name="groupby">account_id</field>
        <field name="level" eval="3" />
        <field name="special_date_changer">normal</field>
    </record>
    <record id="account_financial_report_l10n_at_paragraph_224_ugb_line_passiva_381" model="account.financial.html.report.line">
        <field name="parent_id" ref="account_financial_report_l10n_at_paragraph_224_ugb_line_passiva_38"/>
        <field name="sequence" eval="1"/>
        <field name="name">1. davon aus Steuern</field>
        <field name="code">PCVIII1</field>
        <field name="formulas">-sum</field>
        <field name="domain" eval="[('account_id.tag_ids', 'in', [ref('l10n_at.account_tag_l10n_at_PCVIII1')])]" />
        <field name="green_on_positive" eval="False" />
        <field name="groupby">account_id</field>
        <field name="level" eval="4" />
        <field name="special_date_changer">normal</field>
        <field name="figure_type">float</field>
    </record>
    <record id="account_financial_report_l10n_at_paragraph_224_ugb_line_passiva_382" model="account.financial.html.report.line">
        <field name="parent_id" ref="account_financial_report_l10n_at_paragraph_224_ugb_line_passiva_38"/>
        <field name="sequence" eval="2"/>
        <field name="name">2. davon im Rahmen der sozialen Sicherheit</field>
        <field name="code">PCVIII2</field>
        <field name="formulas">-sum</field>
        <field name="domain" eval="[('account_id.tag_ids', 'in', [ref('l10n_at.account_tag_l10n_at_PCVIII2')])]" />
        <field name="green_on_positive" eval="False" />
        <field name="groupby">account_id</field>
        <field name="level" eval="4" />
        <field name="special_date_changer">normal</field>
    </record>

    <record id="account_financial_report_l10n_at_paragraph_224_ugb_line_passiva_4" model="account.financial.html.report.line">
        <field name="parent_id" ref="account_financial_report_l10n_at_paragraph_224_ugb_line_passiva"/>
        <field name="sequence" eval="4"/>
        <field name="name">D. Rechnungnsabgrenzungsposten</field>
        <field name="code">PD</field>
        <field name="formulas">-sum</field>
        <field name="groupby">account_id</field>
        <field name="domain" eval="[('account_id.tag_ids', 'in', [ref('l10n_at.account_tag_l10n_at_PD')])]" />
        <field name="green_on_positive" eval="False" />
        <field name="level" eval="2" />
        <field name="special_date_changer">normal</field>
    </record>
</odoo>
