<?xml version="1.0" encoding="utf-8"?>
<odoo>
    <record id="account_financial_report_l10n_at_paragraph_231_ugb" model="account.financial.html.report">
        <field name="name">Gewinn- und Verlustrechnung nach § 231 UGB (GKV)</field>
        <field name="date_range" eval="True" />
        <field name="tax_report" eval="False"/>
        <field name='parent_id' ref='l10n_at.menu_finance_austria'/>
    </record>

    <record id="account_financial_report_l10n_at_paragraph_231_ugb_line_root" model="account.financial.html.report.line">
        <field name="financial_report_id" ref="account_financial_report_l10n_at_paragraph_231_ugb"/>
        <field name="sequence" eval="26"/>
        <field name="name">Bilanzgewinn/Bilanzverlust</field>
        <field name="formulas">PL + RL</field>
        <field name="domain" eval="False" />
        <field name="groupby"></field>
        <field name="level" eval="0" />
        <field name="special_date_changer">normal</field>
    </record>


    <!-- EBIT -->
    <record id="account_financial_report_l10n_at_paragraph_231_ugb_line_pl1" model="account.financial.html.report.line">
        <field name="parent_id" ref="account_financial_report_l10n_at_paragraph_231_ugb_line_root"/>
        <field name="sequence" eval="1"/>
        <field name="name">1. Umsatzerlöse</field>
        <field name="code">EBIT1</field>
        <field name="formulas">-sum</field>
        <field name="domain" eval="[('account_id.tag_ids', 'in', [ref('l10n_at.account_tag_l10n_at_EBIT1')])]" />
        <field name="green_on_positive" eval="True" />
        <field name="groupby">account_id</field>
        <field name="level" eval="2" />
        <field name="special_date_changer">normal</field>
    </record>
    <record id="account_financial_report_l10n_at_paragraph_231_ugb_line_pl2" model="account.financial.html.report.line">
        <field name="parent_id" ref="account_financial_report_l10n_at_paragraph_231_ugb_line_root"/>
        <field name="sequence" eval="2"/>
        <field name="name">2. Veränderung des Bestands an fertigen und unfertigen Erzeugnissen sowie an noch nicht abrechenbaren Leistungen (+/-)</field>
        <field name="code">EBIT2</field>
        <field name="formulas">-sum</field>
        <field name="domain" eval="[('account_id.tag_ids', 'in', [ref('l10n_at.account_tag_l10n_at_EBIT2')])]" />
        <field name="groupby">account_id</field>
        <field name="level" eval="2" />
        <field name="special_date_changer">normal</field>
    </record>
    <record id="account_financial_report_l10n_at_paragraph_231_ugb_line_pl3" model="account.financial.html.report.line">
        <field name="parent_id" ref="account_financial_report_l10n_at_paragraph_231_ugb_line_root"/>
        <field name="sequence" eval="3"/>
        <field name="name">3. andere aktivierte Eigenleistungen</field>
        <field name="code">EBIT3</field>
        <field name="formulas">-sum</field>
        <field name="domain" eval="[('account_id.tag_ids', 'in', [ref('l10n_at.account_tag_l10n_at_EBIT3')])]" />
        <field name="green_on_positive" eval="False" />
        <field name="groupby">account_id</field>
        <field name="level" eval="2" />
        <field name="special_date_changer">normal</field>
    </record>
    <record id="account_financial_report_l10n_at_paragraph_231_ugb_line_pl4" model="account.financial.html.report.line">
        <field name="parent_id" ref="account_financial_report_l10n_at_paragraph_231_ugb_line_root"/>
        <field name="sequence" eval="4"/>
        <field name="name">4. sonstige betriebliche Erträge, wobei Gesellschaften, die nicht klein sind, folgende Beträge aufgliedern müssen</field>
        <field name="code">EBIT4</field>
        <field name="formulas">EBIT4I + EBIT4II  + EBIT4III</field>
        <field name="domain" eval="[('account_id.tag_ids', 'in', [ref('l10n_at.account_tag_l10n_at_EBIT4')])]" />
        <field name="green_on_positive" eval="False" />
        <field name="groupby">account_id</field>
        <field name="level" eval="2" />
        <field name="special_date_changer">normal</field>
    </record>
    <record id="account_financial_report_l10n_at_paragraph_231_ugb_line_pl41" model="account.financial.html.report.line">
        <field name="parent_id" ref="account_financial_report_l10n_at_paragraph_231_ugb_line_pl4"/>
        <field name="sequence" eval="1"/>
        <field name="name">a. Erträge aus dem Abgang vom und der Zuschreibung zum Anlagevermögen mit Ausnahme der Finanzanlagen</field>
        <field name="code">EBIT4I</field>
        <field name="formulas">-sum</field>
        <field name="domain" eval="[('account_id.tag_ids', 'in', [ref('l10n_at.account_tag_l10n_at_EBIT4I')])]" />
        <field name="green_on_positive" eval="False" />
        <field name="groupby">account_id</field>
        <field name="level" eval="3" />
        <field name="special_date_changer">normal</field>
    </record>
    <record id="account_financial_report_l10n_at_paragraph_231_ugb_line_pl42" model="account.financial.html.report.line">
        <field name="parent_id" ref="account_financial_report_l10n_at_paragraph_231_ugb_line_pl4"/>
        <field name="sequence" eval="2"/>
        <field name="name">b. Erträge aus der Auflösung von Rückstellungen</field>
        <field name="code">EBIT4II</field>
        <field name="formulas">-sum</field>
        <field name="domain" eval="[('account_id.tag_ids', 'in', [ref('l10n_at.account_tag_l10n_at_EBIT4II')])]" />
        <field name="green_on_positive" eval="False" />
        <field name="groupby">account_id</field>
        <field name="level" eval="3" />
        <field name="special_date_changer">normal</field>
    </record>
    <record id="account_financial_report_l10n_at_paragraph_231_ugb_line_pl43" model="account.financial.html.report.line">
        <field name="parent_id" ref="account_financial_report_l10n_at_paragraph_231_ugb_line_pl4"/>
        <field name="sequence" eval="3"/>
        <field name="name">c. übrige Erträge</field>
        <field name="code">EBIT4III</field>
        <field name="formulas">-sum</field>
        <field name="domain" eval="[('account_id.tag_ids', 'in', [ref('l10n_at.account_tag_l10n_at_EBIT4III')])]" />
        <field name="green_on_positive" eval="False" />
        <field name="groupby">account_id</field>
        <field name="level" eval="3" />
        <field name="special_date_changer">normal</field>
    </record>

    <record id="account_financial_report_l10n_at_paragraph_231_ugb_line_pl5" model="account.financial.html.report.line">
        <field name="parent_id" ref="account_financial_report_l10n_at_paragraph_231_ugb_line_root"/>
        <field name="sequence" eval="5"/>
        <field name="name">5. Aufwendungen für Material und sonstige bezogene Herstellungsleistungen</field>
        <field name="code">EBIT5</field>
        <field name="formulas">EBIT5I + EBIT5II</field>
        <field name="domain" eval="False" />
        <field name="green_on_positive" eval="False" />
        <field name="groupby">account_id</field>
        <field name="level" eval="2" />
        <field name="special_date_changer">normal</field>
    </record>
    <record id="account_financial_report_l10n_at_paragraph_231_ugb_line_pl51" model="account.financial.html.report.line">
        <field name="parent_id" ref="account_financial_report_l10n_at_paragraph_231_ugb_line_pl5"/>
        <field name="sequence" eval="1"/>
        <field name="name">a. Materialaufwand</field>
        <field name="code">EBIT5I</field>
        <field name="formulas">sum</field>
        <field name="domain" eval="[('account_id.tag_ids', 'in', [ref('l10n_at.account_tag_l10n_at_EBIT5I')])]" />
        <field name="green_on_positive" eval="False" />
        <field name="groupby">account_id</field>
        <field name="level" eval="3" />
        <field name="special_date_changer">normal</field>
    </record>
    <record id="account_financial_report_l10n_at_paragraph_231_ugb_line_pl52" model="account.financial.html.report.line">
        <field name="parent_id" ref="account_financial_report_l10n_at_paragraph_231_ugb_line_pl5"/>
        <field name="sequence" eval="1"/>
        <field name="name">b. Aufwendungen für bezogene Leistungen</field>
        <field name="code">EBIT5II</field>
        <field name="formulas">sum</field>
        <field name="domain" eval="[('account_id.tag_ids', 'in', [ref('l10n_at.account_tag_l10n_at_EBIT5II')])]" />
        <field name="green_on_positive" eval="False" />
        <field name="groupby">account_id</field>
        <field name="level" eval="3" />
        <field name="special_date_changer">normal</field>
    </record>

    <record id="account_financial_report_l10n_at_paragraph_231_ugb_line_pl6" model="account.financial.html.report.line">
        <field name="parent_id" ref="account_financial_report_l10n_at_paragraph_231_ugb_line_root"/>
        <field name="sequence" eval="6"/>
        <field name="name">6. Personalaufwand</field>
        <field name="code">EBIT6</field>
        <field name="formulas">EBIT6I + EBIT6II</field>
        <field name="domain" eval="False" />
        <field name="green_on_positive" eval="False" />
        <field name="groupby">account_id</field>
        <field name="level" eval="2" />
        <field name="special_date_changer">normal</field>
    </record>
    <record id="account_financial_report_l10n_at_paragraph_231_ugb_line_pl61" model="account.financial.html.report.line">
        <field name="parent_id" ref="account_financial_report_l10n_at_paragraph_231_ugb_line_pl6"/>
        <field name="sequence" eval="1"/>
        <field name="name">a. Löhne und Gehälter</field>
        <field name="code">EBIT6I</field>
        <field name="formulas">sum</field>
        <field name="domain" eval="[('account_id.tag_ids', 'in', [ref('l10n_at.account_tag_l10n_at_EBIT6I')])]" />
        <field name="green_on_positive" eval="False" />
        <field name="groupby">account_id</field>
        <field name="level" eval="3" />
        <field name="special_date_changer">normal</field>
    </record>
    <record id="account_financial_report_l10n_at_paragraph_231_ugb_line_pl62" model="account.financial.html.report.line">
        <field name="parent_id" ref="account_financial_report_l10n_at_paragraph_231_ugb_line_pl6"/>
        <field name="sequence" eval="2"/>
        <field name="name">b. soziale Aufwendungen</field>
        <field name="code">EBIT6II</field>
        <field name="formulas">sum</field>
        <field name="domain" eval="[('account_id.tag_ids', 'in', [ref('l10n_at.account_tag_l10n_at_EBIT6II')])]" />
        <field name="green_on_positive" eval="False" />
        <field name="groupby">account_id</field>
        <field name="level" eval="3" />
        <field name="special_date_changer">normal</field>
    </record>

    <record id="account_financial_report_l10n_at_paragraph_231_ugb_line_pl7" model="account.financial.html.report.line">
        <field name="parent_id" ref="account_financial_report_l10n_at_paragraph_231_ugb_line_root"/>
        <field name="sequence" eval="7"/>
        <field name="name">7. Abschreibungen</field>
        <field name="code">EBIT7</field>
        <field name="formulas">EBIT7I + EBIT7II</field>
        <field name="domain" eval="False" />
        <field name="green_on_positive" eval="False" />
        <field name="groupby">account_id</field>
        <field name="level" eval="2" />
        <field name="special_date_changer">normal</field>
    </record>
    <record id="account_financial_report_l10n_at_paragraph_231_ugb_line_pl71" model="account.financial.html.report.line">
        <field name="parent_id" ref="account_financial_report_l10n_at_paragraph_231_ugb_line_pl7"/>
        <field name="sequence" eval="1"/>
        <field name="name">a. auf immaterielle Gegenstände des Anlagevermögens und Sachanlagen</field>
        <field name="code">EBIT7I</field>
        <field name="formulas">sum</field>
        <field name="domain" eval="[('account_id.tag_ids', 'in', [ref('l10n_at.account_tag_l10n_at_EBIT7I')])]" />
        <field name="green_on_positive" eval="False" />
        <field name="groupby">account_id</field>
        <field name="level" eval="3" />
        <field name="special_date_changer">normal</field>
    </record>
    <record id="account_financial_report_l10n_at_paragraph_231_ugb_line_pl72" model="account.financial.html.report.line">
        <field name="parent_id" ref="account_financial_report_l10n_at_paragraph_231_ugb_line_pl7"/>
        <field name="sequence" eval="2"/>
        <field name="name">b. auf Gegenstände des Umlaufvermögens, soweit diese die im Unternehmen üblichen Abschreibungen überschreiten</field>
        <field name="code">EBIT7II</field>
        <field name="formulas">sum</field>
        <field name="domain" eval="[('account_id.tag_ids', 'in', [ref('l10n_at.account_tag_l10n_at_EBIT7II')])]" />
        <field name="green_on_positive" eval="False" />
        <field name="groupby">account_id</field>
        <field name="level" eval="3" />
        <field name="special_date_changer">normal</field>
    </record>

    <record id="account_financial_report_l10n_at_paragraph_231_ugb_line_pl8" model="account.financial.html.report.line">
        <field name="parent_id" ref="account_financial_report_l10n_at_paragraph_231_ugb_line_root"/>
        <field name="sequence" eval="8"/>
        <field name="name">8. sonstige betriebliche Aufwendungen</field>
        <field name="code">EBIT8</field>
        <field name="formulas">sum</field>
        <field name="domain" eval="[('account_id.tag_ids', 'in', [ref('l10n_at.account_tag_l10n_at_EBIT8')])]" />
        <field name="green_on_positive" eval="False" />
        <field name="groupby">account_id</field>
        <field name="level" eval="2" />
        <field name="special_date_changer">normal</field>
    </record>
    <record id="account_financial_report_l10n_at_paragraph_231_ugb_line_pl9" model="account.financial.html.report.line">
        <field name="parent_id" ref="account_financial_report_l10n_at_paragraph_231_ugb_line_root"/>
        <field name="sequence" eval="9"/>
        <field name="name">9. Betriebsergebnis (Zwischensumme aus Z 1 bis 8)</field>
        <field name="code">EBIT</field>
        <field name="formulas">EBIT1 + EBIT2 + EBIT3 + EBIT4 - EBIT5 - EBIT6 - EBIT7 - EBIT8</field>
        <field name="domain" eval="False" />
        <field name="groupby"></field>
        <field name="level" eval="0" />
        <field name="special_date_changer">normal</field>
    </record>
    <!-- FIN -->
    <record id="account_financial_report_l10n_at_paragraph_231_ugb_line_pl10" model="account.financial.html.report.line">
        <field name="parent_id" ref="account_financial_report_l10n_at_paragraph_231_ugb_line_root"/>
        <field name="sequence" eval="10"/>
        <field name="name">10. Erträge aus Beteiligungen</field>
        <field name="code">FIN10</field>
        <field name="formulas">-sum</field>
        <field name="domain" eval="[('account_id.tag_ids', 'in', [ref('l10n_at.account_tag_l10n_at_FIN10')])]" />
        <field name="groupby">account_id</field>
        <field name="level" eval="2" />
        <field name="special_date_changer">normal</field>
    </record>
    <record id="account_financial_report_l10n_at_paragraph_231_ugb_line_pl11" model="account.financial.html.report.line">
        <field name="parent_id" ref="account_financial_report_l10n_at_paragraph_231_ugb_line_root"/>
        <field name="sequence" eval="11"/>
        <field name="name">11. Erträge aus anderen Wertpapieren und Ausleihungen des Finanzanlagevermögens</field>
        <field name="code">FIN11</field>
        <field name="formulas">-sum</field>
        <field name="domain" eval="[('account_id.tag_ids', 'in', [ref('l10n_at.account_tag_l10n_at_FIN11')])]" />
        <field name="groupby">account_id</field>
        <field name="level" eval="2" />
        <field name="special_date_changer">normal</field>
    </record>
    <record id="account_financial_report_l10n_at_paragraph_231_ugb_line_pl12" model="account.financial.html.report.line">
        <field name="parent_id" ref="account_financial_report_l10n_at_paragraph_231_ugb_line_root"/>
        <field name="sequence" eval="12"/>
        <field name="name">12. sonstige Zinsen und ähnliche Erträge</field>
        <field name="code">FIN12</field>
        <field name="formulas">-sum</field>
        <field name="domain" eval="[('account_id.tag_ids', 'in', [ref('l10n_at.account_tag_l10n_at_FIN12')])]" />
        <field name="groupby">account_id</field>
        <field name="level" eval="2" />
        <field name="special_date_changer">normal</field>
    </record>
    <record id="account_financial_report_l10n_at_paragraph_231_ugb_line_pl13" model="account.financial.html.report.line">
        <field name="parent_id" ref="account_financial_report_l10n_at_paragraph_231_ugb_line_root"/>
        <field name="sequence" eval="13"/>
        <field name="name">13. Erträge aus dem Abgang von und der Zuschreibung zu Finanzanlagen und Wertpapieren des Umlaufvermögens</field>
        <field name="code">FIN13</field>
        <field name="formulas">-sum</field>
        <field name="domain" eval="[('account_id.tag_ids', 'in', [ref('l10n_at.account_tag_l10n_at_FIN13')])]" />
        <field name="groupby">account_id</field>
        <field name="level" eval="2" />
        <field name="special_date_changer">normal</field>
    </record>
    <record id="account_financial_report_l10n_at_paragraph_231_ugb_line_pl14" model="account.financial.html.report.line">
        <field name="parent_id" ref="account_financial_report_l10n_at_paragraph_231_ugb_line_root"/>
        <field name="sequence" eval="14"/>
        <field name="name">14. Aufwendungen aus Finanzanlagen und aus Wertpapieren des Umlaufvermögens</field>
        <field name="code">FIN14</field>
        <field name="formulas">sum</field>
        <field name="domain" eval="[('account_id.tag_ids', 'in', [ref('l10n_at.account_tag_l10n_at_FIN14')])]" />
        <field name="green_on_positive" eval="False" />
        <field name="groupby">account_id</field>
        <field name="level" eval="2" />
        <field name="special_date_changer">normal</field>
    </record>
    <record id="account_financial_report_l10n_at_paragraph_231_ugb_line_pl15" model="account.financial.html.report.line">
        <field name="parent_id" ref="account_financial_report_l10n_at_paragraph_231_ugb_line_root"/>
        <field name="sequence" eval="15"/>
        <field name="name">15. Zinsen und ähnliche Aufwendungen, davon betreffend verbundene Unternehmen</field>
        <field name="code">FIN15</field>
        <field name="formulas">sum</field>
        <field name="domain" eval="[('account_id.tag_ids', 'in', [ref('l10n_at.account_tag_l10n_at_FIN15')])]" />
        <field name="green_on_positive" eval="False" />
        <field name="groupby">account_id</field>
        <field name="level" eval="2" />
        <field name="special_date_changer">normal</field>
    </record>

    <record id="account_financial_report_l10n_at_paragraph_231_ugb_line_pl16" model="account.financial.html.report.line">
        <field name="parent_id" ref="account_financial_report_l10n_at_paragraph_231_ugb_line_root"/>
        <field name="sequence" eval="16"/>
        <field name="name">16. Finanzergebnis (Zwischensumme aus Z 10 bis 15)</field>
        <field name="code">FIN</field>
        <field name="formulas">FIN10 + FIN11 + FIN12 + FIN13 - FIN14 - FIN15</field>
        <field name="domain" eval="False" />
        <field name="groupby"></field>
        <field name="level" eval="0" />
        <field name="special_date_changer">normal</field>
    </record>

        <!-- EBT -->
    <record id="account_financial_report_l10n_at_paragraph_231_ugb_line_pl17" model="account.financial.html.report.line">
        <field name="parent_id" ref="account_financial_report_l10n_at_paragraph_231_ugb_line_root"/>
        <field name="sequence" eval="17"/>
        <field name="name">17. Ergebnis der gewöhnlichen Geschäftstätigkeit (Zwischensumme aus Z 9 und Z 16)</field>
        <field name="code">EBT</field>
        <field name="formulas">EBIT + FIN</field>
        <field name="domain" eval="False" />
        <field name="groupby"></field>
        <field name="level" eval="0" />
        <field name="special_date_changer">normal</field>
    </record>
        <record id="account_financial_report_l10n_at_paragraph_231_ugb_line_pl18" model="account.financial.html.report.line">
        <field name="parent_id" ref="account_financial_report_l10n_at_paragraph_231_ugb_line_root"/>
        <field name="sequence" eval="18"/>
        <field name="name">18. Steuern vom Einkommen und vom Ertrag</field>
        <field name="code">TAX</field>
        <field name="formulas">sum</field>
        <field name="domain" eval="[('account_id.tag_ids', 'in', [ref('l10n_at.account_tag_l10n_at_TAX')])]" />
        <field name="green_on_positive" eval="False" />
        <field name="groupby">account_id</field>
        <field name="level" eval="2" />
        <field name="special_date_changer">normal</field>
    </record>
    <record id="account_financial_report_l10n_at_paragraph_231_ugb_line_pl19" model="account.financial.html.report.line">
        <field name="parent_id" ref="account_financial_report_l10n_at_paragraph_231_ugb_line_root"/>
        <field name="sequence" eval="19"/>
        <field name="name">19. Ergebnis nach Steuern </field>
        <field name="code">EBTAT</field>
        <field name="formulas">EBT - TAX</field>
        <field name="domain" eval="False" />
        <field name="groupby"></field>
        <field name="level" eval="0" />
        <field name="special_date_changer">normal</field>
    </record>
    <record id="account_financial_report_l10n_at_paragraph_231_ugb_line_pl20" model="account.financial.html.report.line">
        <field name="parent_id" ref="account_financial_report_l10n_at_paragraph_231_ugb_line_root"/>
        <field name="sequence" eval="20"/>
        <field name="name">20. sonstige Steuern, soweit nicht unter den Posten 1 bis 19 enthalten </field>
        <field name="code">MTAX</field>
        <field name="formulas">sum</field>
        <field name="domain" eval="[('account_id.tag_ids', 'in', [ref('l10n_at.account_tag_l10n_at_MTAX')])]" />
        <field name="green_on_positive" eval="False" />
        <field name="groupby"></field>
        <field name="level" eval="2" />
        <field name="special_date_changer">normal</field>
    </record>
    <record id="account_financial_report_l10n_at_paragraph_231_ugb_line_pl21" model="account.financial.html.report.line">
        <field name="parent_id" ref="account_financial_report_l10n_at_paragraph_231_ugb_line_root"/>
        <field name="sequence" eval="21"/>
        <field name="name">21. Jahresüberschuss/Jahresfehlbetrag</field>
        <field name="code">PL</field>
        <field name="formulas">EBTAT - MTAX</field>
        <field name="domain" eval="False" />
        <field name="green_on_positive" eval="True" />
        <field name="groupby"></field>
        <field name="level" eval="0" />
        <field name="special_date_changer">normal</field>
    </record>
    <record id="account_financial_report_l10n_at_paragraph_231_ugb_line_pl22" model="account.financial.html.report.line">
        <field name="parent_id" ref="account_financial_report_l10n_at_paragraph_231_ugb_line_root"/>
        <field name="sequence" eval="22"/>
        <field name="name">22. Auflösung von Kapitalrücklagen</field>
        <field name="code">RCR</field>
        <field name="formulas">-sum</field>
        <field name="domain" eval="False" />
        <field name="groupby"></field>
        <field name="level" eval="2" />
        <field name="special_date_changer">normal</field>
    </record>
    <record id="account_financial_report_l10n_at_paragraph_231_ugb_line_pl23" model="account.financial.html.report.line">
        <field name="parent_id" ref="account_financial_report_l10n_at_paragraph_231_ugb_line_root"/>
        <field name="sequence" eval="23"/>
        <field name="name">23. Auflösung von Gewinnrücklagen</field>
        <field name="code">RRR</field>
        <field name="formulas">-sum</field>
        <field name="domain" eval="False" />
        <field name="groupby"></field>
        <field name="level" eval="2" />
        <field name="special_date_changer">normal</field>
    </record>
    <record id="account_financial_report_l10n_at_paragraph_231_ugb_line_pl24" model="account.financial.html.report.line">
        <field name="parent_id" ref="account_financial_report_l10n_at_paragraph_231_ugb_line_root"/>
        <field name="sequence" eval="24"/>
        <field name="name">24. Zuweisung zu Gewinnrücklagen</field>
        <field name="code">ARR</field>
        <field name="formulas">-sum</field>
        <field name="domain" eval="False" />
        <field name="groupby"></field>
        <field name="level" eval="2" />
        <field name="special_date_changer">normal</field>
    </record>
    <record id="account_financial_report_l10n_at_paragraph_231_ugb_line_pl25" model="account.financial.html.report.line">
        <field name="parent_id" ref="account_financial_report_l10n_at_paragraph_231_ugb_line_root"/>
        <field name="sequence" eval="25"/>
        <field name="name">25. Gewinnvortrag/Verlustvortrag aus dem Vorjahr (+/-)</field>
        <field name="code">RL</field>
        <field name="formulas">-sum</field>
        <field name="domain" eval="[('account_id.tag_ids', 'in', [ref('l10n_at.account_tag_l10n_at_RL')])]" />
        <field name="groupby">account_id</field>
        <field name="level" eval="2" />
        <field name="special_date_changer">normal</field>
    </record>
</odoo>
