<?xml version="1.0" encoding="utf-8"?>
<odoo>

    <record id="hr_appraisal.group_hr_appraisal_user" model="res.groups">
        <field name="name">User</field>
        <field name="category_id" ref="base.module_category_human_resources_appraisals"/>
         <field name="implied_ids" eval="[(4, ref('hr.group_hr_user'))]"/>
    </record>

    <record id="hr_appraisal.group_hr_appraisal_manager" model="res.groups">
        <field name="name">Administrator</field>
        <field name="category_id" ref="base.module_category_human_resources_appraisals"/>
        <field name="implied_ids" eval="[(4, ref('hr_appraisal.group_hr_appraisal_user'))]"/>
        <field name="users" eval="[(4, ref('base.user_root')), (4, ref('base.user_admin'))]"/>
    </record>

    <record id="base.default_user" model="res.users">
        <field name="groups_id" eval="[(4,ref('hr_appraisal.group_hr_appraisal_manager'))]"/>
    </record>

    <data noupdate="1">

    <record id="hr_appraisal_all_rule" model="ir.rule">
        <field name="name">All Appraisal</field>
        <field name="model_id" ref="model_hr_appraisal"/>
        <field name="domain_force">[(1, '=', 1)]</field>
        <field name="groups" eval="[(4, ref('hr_appraisal.group_hr_appraisal_user'))]"/>
    </record>

    <record id="hr_appraisal_emp_rule" model="ir.rule">
        <field name="name">Employee Appraisal</field>
        <field name="model_id" ref="model_hr_appraisal"/>
        <field name="domain_force">['|', ('employee_id.user_id', '=', user.id), '&amp;', ('employee_id.parent_id', '!=', False), ('employee_id.parent_id', '=', user.employee_id.id)]</field>
        <field name="groups" eval="[(4, ref('base.group_user'))]"/>
    </record>

    <record id="hr_appraisal_rule_base_user" model="ir.rule">
        <field name="name">Employee Appraisal: read todo</field>
        <field name="model_id" ref="model_hr_appraisal"/>
        <field name="domain_force">[
            '|',
            ('employee_id.user_id', '=', user.id),
            ('manager_ids.user_id', 'in', user.ids),
        ]</field>
        <field name="perm_create" eval="False"/>
        <field name="perm_write" eval="False"/>
        <field name="perm_unlink" eval="False"/>
        <field name="groups" eval="[(4, ref('base.group_user'))]"/>
    </record>

    <!-- Multi - Company Rules -->
    <record model="ir.rule" id="hr_appraisal_comp_rule">
        <field name="name">Appraisal multi-company</field>
        <field name="model_id" ref="model_hr_appraisal"/>
        <field name="domain_force">['|', ('company_id', '=', False), ('company_id', 'in', company_ids)]</field>
    </record>

    <record model="ir.rule" id="hr_appraisal_plan_comp_rule">
        <field name="name">Appraisal Plan multi-company</field>
        <field name="model_id" ref="model_hr_appraisal_plan"/>
        <field name="domain_force">['|', ('company_id', '=', False), ('company_id', 'in', company_ids)]</field>
    </record>

    <record model="ir.rule" id="hr_appraisal_note_comp_rule">
        <field name="name">Appraisal Plan multi-company</field>
        <field name="model_id" ref="model_hr_appraisal_note"/>
        <field name="domain_force">[('company_id', 'in', company_ids)]</field>
    </record>

    <record id="hr_appraisal_goal_all" model="ir.rule">
        <field name="name">Appraisal: An appraisal manager can see all goals</field>
        <field name="model_id" ref="model_hr_appraisal_goal"/>
        <field name="domain_force">[(1, '=', 1)]</field>
        <field name="groups" eval="[(4, ref('hr_appraisal.group_hr_appraisal_manager'))]"/>
    </record>

    <record id="hr_appraisal_goal_own" model="ir.rule">
        <field name="name">Appraisal: An employee can see his own goals or his subordinates'</field>
        <field name="model_id" ref="model_hr_appraisal_goal"/>
        <field name="domain_force">[
            '|',
            ('employee_id.user_id', '=', user.id),
            '&amp;',
                ('employee_id.parent_id', '!=', False),
                ('employee_id.parent_id', '=', user.employee_id.id)]</field>
        <field name="groups" eval="[(4, ref('base.group_user'))]"/>
    </record>
    </data>
</odoo>
