<?xml version="1.0" encoding="utf-8"?>
<odoo>
    <data>
        <record id="resource_calendar_std_0h" model="resource.calendar">
            <field name="name">Standard 0 hours/week</field>
            <field name="company_id" eval="False"/>
            <field name="hours_per_day">0</field>
            <field name="attendance_ids"
                eval="[(5, 0, 0)]"
            />
        </record>

        <record id="structure_type_student" model="hr.payroll.structure.type">
            <field name="name">Belgian Student</field>
            <field name="wage_type">hourly</field>
            <field name="default_resource_calendar_id" ref="l10n_be_hr_payroll.resource_calendar_std_0h"/>
            <field name="country_id" ref="base.be"/>
            <!-- DEFAULT STRUCT ID -->
        </record>

        <!-- Salary Structure -->
        <record id="hr_payroll_structure_student_regular_pay" model="hr.payroll.structure">
            <field name="name">Student: Regular Pay</field>
            <field name="country_id" ref="base.be"/>
            <field name="payslip_name">Student: Regular Pay</field>
            <field name="type_id" ref="l10n_be_hr_payroll.structure_type_student"/>
        </record>

        <record id="structure_type_student" model="hr.payroll.structure.type">
            <field name="default_struct_id" ref="hr_payroll_structure_student_regular_pay"/>
        </record>

        <record id="hr_salary_rule_student_regular_pay_solidarity_cotisation" model="hr.salary.rule">
            <field name="category_id" ref="l10n_be_hr_payroll.hr_payroll_head_onss"/>
            <field name="name">Solidarity Cotisation - Student Job</field>
            <field name="code">ONSS</field>
            <field name="sequence">18</field>
            <field name="condition_select">none</field>
            <field name="amount_select">percentage</field>
            <field name="amount_percentage_base">BASIC</field>
            <field name="amount_percentage">-2.71</field>
            <field name="struct_id" ref="hr_payroll_structure_student_regular_pay"/>
            <field name="partner_id" ref="l10n_be_hr_payroll.res_partner_onss"/>
        </record>

        <record id="hr_salary_rule_student_regular_pay_private_car" model="hr.salary.rule">
            <field name="category_id" ref="l10n_be_hr_payroll.hr_payroll_head_div_net"/>
            <field name="name">Private car</field>
            <field name="code">CAR.PRIV</field>
            <field name="amount_select">code</field>
            <field name="sequence">170</field>
            <field name="condition_select">python</field>
            <field name="condition_python">result = contract.transport_mode_private_car</field>
            <field name="amount_python_compute">
if not categories.BASIC:
    result = 0
    result_qty = 0
else:
    result = contract.private_car_reimbursed_amount / 21.0
    result_qty = (worked_days.WORK100.number_of_days if worked_days.WORK100 else 0)
            </field>
            <field name="struct_id" ref="hr_payroll_structure_student_regular_pay"/>
        </record>

        <record id="hr_salary_rule_student_regular_pay_ch_worker" model="hr.salary.rule">
            <field name="category_id" ref="l10n_be_hr_payroll.hr_payroll_head_div_net"/>
            <field name="name">Retain on Meal Voucher</field>
            <field name="code">MEAL_V_EMP</field>
            <field name="sequence">175</field>
            <field name="condition_select">python</field>
            <field name="condition_python">result = bool(contract.meal_voucher_amount)</field>
            <field name="amount_select">percentage</field>
            <field name="amount_percentage">-100.0</field>
            <field name="amount_percentage_base">contract.meal_voucher_amount - contract.meal_voucher_paid_by_employer</field>
            <field name="quantity">payslip.meal_voucher_count</field>
            <field name="appears_on_payslip" eval="True"/>
            <field name="partner_id" ref="l10n_be_hr_payroll.res_partner_meal_vouchers"/>
            <field name="struct_id" ref="hr_payroll_structure_student_regular_pay"/>
        </record>

    </data>
</odoo>
