<?xml version="1.0" encoding="utf-8"?>
<odoo>
    <record id="account_balance_report_l10n_dk_balance" model="account.financial.html.report">
        <field name="name">Balance</field>
        <field name="date_range" eval="False"/>
        <field name="unfold_all_filter" eval="True"/>
        <field name="show_journal_filter" eval="True"/>
        <field name="analytic" eval="True"/>
        <field name="parent_id" ref="l10n_dk.account_reports_dk_statements_menu"/>
    </record>

    <record id="account_balance_report_l10n_dk_aktiver" model="account.financial.html.report.line">
        <field name="name">Aktiver</field>
        <field name="financial_report_id" ref="account_balance_report_l10n_dk_balance"/>
        <field name="code">AKT</field>
        <field name="level" eval="0"/>
        <field name="sequence" eval="1"/>
        <field name="formulas">IMAK + ANAK + OMAK</field>
    </record>

    <record id="account_balance_report_l10n_immaterielle_aktiver" model="account.financial.html.report.line">
        <field name="name">Immaterielle aktiver</field>
        <field name="parent_id" ref="account_balance_report_l10n_dk_aktiver"/>
        <field name="code">IMAK</field>
        <field name="level" eval="2"/>
        <field name="sequence" eval="2"/>
        <field name="formulas">GOOD</field>
    </record>

    <record id="account_balance_report_l10n_dk_goodwill_licenser" model="account.financial.html.report.line">
        <field name="name">Goodwill, licenser m.m.</field>
        <field name="parent_id" ref="account_balance_report_l10n_immaterielle_aktiver"/>
        <field name="code">GOOD</field>
        <field name="level" eval="3"/>
        <field name="sequence" eval="3"/>
        <field name="domain" eval="[('account_id.tag_ids', '=', ref('l10n_dk.account_tag_Goodwill_licenses_etc'))]"/>
        <field name="show_domain">foldable</field>
        <field name="formulas">sum</field>
        <field name="groupby">account_id</field>
    </record>

    <record id="account_balance_report_l10n_anlægsaktiver" model="account.financial.html.report.line">
        <field name="name">Anlægsaktiver</field>
        <field name="parent_id" ref="account_balance_report_l10n_dk_aktiver"/>
        <field name="code">ANAK</field>
        <field name="level" eval="2"/>
        <field name="sequence" eval="4"/>
        <field name="formulas">GBYG + AADI</field>
    </record>

    <record id="account_balance_report_l10n_dk_grunde_og_bygninger" model="account.financial.html.report.line">
        <field name="name">Grunde og bygninger</field>
        <field name="parent_id" ref="account_balance_report_l10n_anlægsaktiver"/>
        <field name="code">GBYG</field>
        <field name="level" eval="3"/>
        <field name="sequence" eval="5"/>
        <field name="domain" eval="[('account_id.tag_ids', '=', ref('l10n_dk.account_tag_land_buildings'))]"/>
        <field name="show_domain">foldable</field>
        <field name="formulas">sum</field>
        <field name="groupby">account_id</field>
    </record>

    <record id="account_balance_report_l10n_dk_andre_anlæg" model="account.financial.html.report.line">
        <field name="name">Andre anlæg, driftsmateriel og inventar</field>
        <field name="parent_id" ref="account_balance_report_l10n_anlægsaktiver"/>
        <field name="code">AADI</field>
        <field name="level" eval="3"/>
        <field name="sequence" eval="6"/>
        <field name="domain" eval="[('account_id.tag_ids', '=', ref('l10n_dk.account_tag_other_equipment_tools_inventory'))]"/>
        <field name="show_domain">foldable</field>
        <field name="formulas">sum</field>
        <field name="groupby">account_id</field>
    </record>

    <record id="account_balance_report_l10n_omsætningsaktiver" model="account.financial.html.report.line">
        <field name="name">Omsætningsaktiver</field>
        <field name="parent_id" ref="account_balance_report_l10n_dk_aktiver"/>
        <field name="code">OMAK</field>
        <field name="level" eval="2"/>
        <field name="sequence" eval="7"/>
        <field name="formulas">VABE + IGANG + FORUD + TILG + ATIL + LIKBE</field>
    </record>

    <record id="account_balance_report_l10n_dk_varebeholdninger" model="account.financial.html.report.line">
        <field name="name">Varebeholdninger</field>
        <field name="parent_id" ref="account_balance_report_l10n_omsætningsaktiver"/>
        <field name="code">VABE</field>
        <field name="level" eval="3"/>
        <field name="sequence" eval="8"/>
        <field name="domain" eval="[('account_id.tag_ids', '=', ref('l10n_dk.account_tag_inventories'))]"/>
        <field name="show_domain">foldable</field>
        <field name="formulas">sum</field>
        <field name="groupby">account_id</field>
    </record>

    <record id="account_balance_report_l10n_dk_igangværende_arbejder" model="account.financial.html.report.line">
        <field name="name">Igangværende arbejder</field>
        <field name="parent_id" ref="account_balance_report_l10n_omsætningsaktiver"/>
        <field name="code">IGANG</field>
        <field name="level" eval="3"/>
        <field name="sequence" eval="9"/>
        <field name="domain" eval="[('account_id.tag_ids', '=', ref('l10n_dk.account_tag_work_in_progress'))]"/>
        <field name="show_domain">foldable</field>
        <field name="formulas">sum</field>
        <field name="groupby">account_id</field>
    </record>

    <record id="account_balance_report_l10n_dk_forudbetaling" model="account.financial.html.report.line">
        <field name="name">Forudbetaling til leverandører</field>
        <field name="parent_id" ref="account_balance_report_l10n_omsætningsaktiver"/>
        <field name="code">FORUD</field>
        <field name="level" eval="3"/>
        <field name="sequence" eval="10"/>
        <field name="domain" eval="[('account_id.tag_ids', '=', ref('l10n_dk.account_tag_prepayments'))]"/>
        <field name="show_domain">foldable</field>
        <field name="formulas">sum</field>
        <field name="groupby">account_id</field>
    </record>

    <record id="account_balance_report_l10n_dk_tilgodehavender" model="account.financial.html.report.line">
        <field name="name">Tilgodehavender</field>
        <field name="parent_id" ref="account_balance_report_l10n_omsætningsaktiver"/>
        <field name="code">TILG</field>
        <field name="level" eval="3"/>
        <field name="sequence" eval="11"/>
        <field name="domain" eval="[('account_id.tag_ids', '=', ref('l10n_dk.account_tag_receivable'))]"/>
        <field name="show_domain">foldable</field>
        <field name="formulas">sum</field>
        <field name="groupby">account_id</field>
    </record>

    <record id="account_balance_report_l10n_dk_andre_tilgodehavender" model="account.financial.html.report.line">
        <field name="name">Andre tilgodehavender</field>
        <field name="parent_id" ref="account_balance_report_l10n_omsætningsaktiver"/>
        <field name="code">ATIL</field>
        <field name="level" eval="3"/>
        <field name="sequence" eval="12"/>
        <field name="domain" eval="[('account_id.tag_ids', '=', ref('l10n_dk.account_tag_other_receivables'))]"/>
        <field name="show_domain">foldable</field>
        <field name="formulas">sum</field>
        <field name="groupby">account_id</field>
    </record>

    <record id="account_balance_report_l10n_dk_likvide_beholdninger" model="account.financial.html.report.line">
        <field name="name">Likvide beholdninger</field>
        <field name="parent_id" ref="account_balance_report_l10n_omsætningsaktiver"/>
        <field name="code">LIKBE</field>
        <field name="level" eval="3"/>
        <field name="sequence" eval="13"/>
        <field name="domain" eval="[('account_id.tag_ids', '=', ref('l10n_dk.account_tag_liquidity'))]"/>
        <field name="show_domain">foldable</field>
        <field name="formulas">sum</field>
        <field name="groupby">account_id</field>
    </record>

    <record id="account_balance_report_l10n_dk_passiver" model="account.financial.html.report.line">
        <field name="name">Passiver</field>
        <field name="financial_report_id" ref="account_balance_report_l10n_dk_balance"/>
        <field name="code">PAS</field>
        <field name="level" eval="0"/>
        <field name="sequence" eval="14"/>
        <field name="formulas">EGEN + LANG + KORT</field>
    </record>

    <record id="account_balance_report_l10n_egenkapital" model="account.financial.html.report.line">
        <field name="name">EGENKAPITAL</field>
        <field name="parent_id" ref="account_balance_report_l10n_dk_passiver"/>
        <field name="code">EGEN</field>
        <field name="level" eval="2"/>
        <field name="sequence" eval="9"/>
        <field name="formulas">AFR + EGEN2 + PREV_YEAR_EARNINGS_DK</field>
    </record>

    <!--   equivalent to account_financial_current_year_earnings0 from account_financial_report_data.xml -->
    <record id="account_balance_report_l10n_dk_earnings" model="account.financial.html.report.line">
        <field name="name">Årets foreløbige resultat</field>
        <field name="code">AFR</field>
        <field name="formulas">IAI + ALLOCATED_EARNINGS_CURRENT_YEAR_DK</field>
        <field name="parent_id" ref='account_balance_report_l10n_egenkapital'/>
        <field name="sequence" eval="1"/>
        <field name="level" eval="3"/>
    </record>

    <!--  equivalent to account_financial_current_year_earnings_line_1 from account_financial_report_data.xml -->
    <record id="account_balance_report_l10n_dk_current_year_earnings" model="account.financial.html.report.line">
        <field name="name">Indeværende års indtjening</field>
        <field name="code">IAI</field>
        <field name="parent_id" ref="account_balance_report_l10n_dk_earnings"/>
        <field name="domain" eval="[('account_id.user_type_id', 'in', [
        ref('account.data_account_type_revenue'),
        ref('account.data_account_type_other_income'),
        ref('account.data_account_type_direct_costs'),
        ref('account.data_account_type_expenses'),
        ref('account.data_account_type_depreciation')
    ])]"/>
        <field name="formulas">-sum</field>
        <field name="sequence" eval="10"/>
        <field name="special_date_changer">from_fiscalyear</field>
        <field name="level" eval="4"/>
    </record>

    <!--       equivalent to account_financial_current_year_earnings_line_2 from account_financial_report_data.xml-->
    <record id="account_balance_report_l10n_dk_current_year_allocated_earnings"
            model="account.financial.html.report.line">
        <field name="name">Aktuelt års allokerede indtjening</field>
        <field name="code">ALLOCATED_EARNINGS_CURRENT_YEAR_DK</field>
        <field name="parent_id" ref='account_balance_report_l10n_dk_earnings'/>
        <field name="domain" eval="[('account_id.user_type_id', '=', ref('account.data_unaffected_earnings'))]"/>
        <field name="formulas">-sum</field>
        <field name="special_date_changer">from_fiscalyear</field>
        <field name="sequence" eval="2"/>
        <field name="level" eval="4"/>
    </record>

    <!--   equivalent to account_financial_allocated_earnings from account_financial_report_data.xml -->
    <record id="account_balance_report_l10n_dk_allocated_earnings_test" model="account.financial.html.report.line">
        <field name="name">Allocated Earnings</field>
        <field name="code">ALLOCATED_EARNINGS_DK</field>
        <field name="domain" eval="[('account_id.user_type_id', '=', ref('account.data_unaffected_earnings'))]"/>
        <field name="formulas">-sum</field>
        <field name="sequence" eval="2"/>
        <field name="special_date_changer">from_beginning</field>
        <field name="level" eval="4"/>
    </record>

    <!--  equivalent to account_financial_previous_year_earnings0 from account_financial_report_data.xml -->
    <record id="account_balance_report_l10n_dk_previous_year_earnings" model="account.financial.html.report.line">
        <field name="name">Tidligere års resultat</field>
        <field name="code">PREV_YEAR_EARNINGS_DK</field>
        <field name="domain" eval="[('account_id.user_type_id', 'in', [
            ref('account.data_account_type_revenue'),
            ref('account.data_account_type_other_income'),
            ref('account.data_account_type_direct_costs'),
            ref('account.data_account_type_expenses'),
            ref('account.data_account_type_depreciation')
        ])]"/>
        <field name="formulas">-sum + ALLOCATED_EARNINGS_DK - AFR</field>
        <field name="sequence" eval="2"/>
        <field name="special_date_changer">from_beginning</field>
        <field name="parent_id" ref='account_balance_report_l10n_egenkapital'/>
        <field name="level" eval="3"/>
    </record>

    <record id="account_balance_report_l10n_egenkapital2" model="account.financial.html.report.line">
        <field name="name">Egenkapital</field>
        <field name="parent_id" ref="account_balance_report_l10n_egenkapital"/>
        <field name="code">EGEN2</field>
        <field name="level" eval="3"/>
        <field name="sequence" eval="15"/>
        <field name="domain" eval="[('account_id.tag_ids', 'in', [
            ref('l10n_dk.account_tag_equity_individual_enterprises'),
            ref('l10n_dk.account_tag_equity_corporations')
        ])]"/>
        <field name="show_domain">foldable</field>
        <field name="formulas">-sum</field>
        <field name="groupby">account_id</field>
    </record>

    <record id="account_balance_report_l10n_langfristet_gæld" model="account.financial.html.report.line">
        <field name="name">Langfristet gæld</field>
        <field name="parent_id" ref="account_balance_report_l10n_dk_passiver"/>
        <field name="code">LANG</field>
        <field name="level" eval="2"/>
        <field name="sequence" eval="16"/>
        <field name="formulas">KREIN</field>
    </record>

    <record id="account_balance_report_l10n_kreditinstitutter" model="account.financial.html.report.line">
        <field name="name">Kreditinstitutter</field>
        <field name="parent_id" ref="account_balance_report_l10n_langfristet_gæld"/>
        <field name="code">KREIN</field>
        <field name="level" eval="3"/>
        <field name="sequence" eval="17"/>
        <field name="domain" eval="[('account_id.tag_ids', '=', ref('l10n_dk.account_tag_credit_institutions'))]"/>
        <field name="show_domain">foldable</field>
        <field name="formulas">-sum</field>
        <field name="groupby">account_id</field>
    </record>

    <record id="account_balance_report_l10n_kortfristet_gæld" model="account.financial.html.report.line">
        <field name="name">Kortfristet gæld</field>
        <field name="parent_id" ref="account_balance_report_l10n_dk_passiver"/>
        <field name="code">KORT</field>
        <field name="level" eval="2"/>
        <field name="sequence" eval="18"/>
        <field name="formulas">BNKG + FORKU + LEVG + MOAF + LRG + AKFG</field>
    </record>

    <record id="account_balance_report_l10n_bankgæld" model="account.financial.html.report.line">
        <field name="name">Bankgæld</field>
        <field name="parent_id" ref="account_balance_report_l10n_kortfristet_gæld"/>
        <field name="code">BNKG</field>
        <field name="level" eval="3"/>
        <field name="sequence" eval="19"/>
        <field name="domain" eval="[('account_id.tag_ids', '=', ref('l10n_dk.account_tag_bank_loans'))]"/>
        <field name="show_domain">foldable</field>
        <field name="formulas">-sum</field>
        <field name="groupby">account_id</field>
    </record>

    <record id="account_balance_report_l10n_forudbet_kunder" model="account.financial.html.report.line">
        <field name="name">Forudbetalinger fra kunder</field>
        <field name="parent_id" ref="account_balance_report_l10n_kortfristet_gæld"/>
        <field name="code">FORKU</field>
        <field name="level" eval="3"/>
        <field name="sequence" eval="19"/>
        <field name="domain" eval="[('account_id.tag_ids', '=', ref('l10n_dk.account_tag_prepayments_from_customers'))]"/>
        <field name="show_domain">foldable</field>
        <field name="formulas">-sum</field>
        <field name="groupby">account_id</field>
    </record>
    <record id="account_balance_report_l10n_leverandørgæld" model="account.financial.html.report.line">
        <field name="name">Leverandørgæld</field>
        <field name="parent_id" ref="account_balance_report_l10n_kortfristet_gæld"/>
        <field name="code">LEVG</field>
        <field name="level" eval="3"/>
        <field name="sequence" eval="20"/>
        <field name="domain" eval="[('account_id.tag_ids', '=', ref('l10n_dk.account_tag_payable'))]"/>
        <field name="show_domain">foldable</field>
        <field name="formulas">-sum</field>
        <field name="groupby">account_id</field>
    </record>

    <record id="account_balance_report_l10n_moms_og_afgifter" model="account.financial.html.report.line">
        <field name="name">Moms og afgifter</field>
        <field name="parent_id" ref="account_balance_report_l10n_kortfristet_gæld"/>
        <field name="code">MOAF</field>
        <field name="level" eval="3"/>
        <field name="sequence" eval="21"/>
        <field name="domain" eval="[('account_id.tag_ids', '=', ref('l10n_dk.account_tag_vat_taxes'))]"/>
        <field name="show_domain">foldable</field>
        <field name="formulas">-sum</field>
        <field name="groupby">account_id</field>
    </record>

    <record id="account_balance_report_l10n_lønrelateret_gæld" model="account.financial.html.report.line">
        <field name="name">Lønrelateret gæld</field>
        <field name="parent_id" ref="account_balance_report_l10n_kortfristet_gæld"/>
        <field name="code">LRG</field>
        <field name="level" eval="3"/>
        <field name="sequence" eval="22"/>
        <field name="domain" eval="[('account_id.tag_ids', '=', ref('l10n_dk.account_tag_Payroll_related_liabilities'))]"/>
        <field name="show_domain">foldable</field>
        <field name="formulas">-sum</field>
        <field name="groupby">account_id</field>
    </record>

    <record id="account_balance_report_l10n_anden_kortfristet_gæld" model="account.financial.html.report.line">
        <field name="name">Anden kortfristet gæld</field>
        <field name="parent_id" ref="account_balance_report_l10n_kortfristet_gæld"/>
        <field name="code">AKFG</field>
        <field name="level" eval="3"/>
        <field name="sequence" eval="23"/>
        <field name="domain" eval="[('account_id.tag_ids', '=', ref('l10n_dk.account_tag_other_current_liabilities'))]"/>
        <field name="show_domain">foldable</field>
        <field name="formulas">-sum</field>
        <field name="groupby">account_id</field>
    </record>

    <record id="account_balance_report_l10n_nulkontrol" model="account.financial.html.report.line">
        <field name="name">Nulkontrol</field>
        <field name="financial_report_id" ref="account_balance_report_l10n_dk_balance"/>
        <field name="code">NUL</field>
        <field name="level" eval="0"/>
        <field name="sequence" eval="24"/>
        <field name="formulas">AKT - PAS</field>
    </record>
</odoo>
