<?xml version="1.0" encoding="utf-8"?>
<odoo>
    <record id="account_income_statement_report_l10n_dk_resultatopgørelse" model="account.financial.html.report">
        <field name="name">Resultatopgørelse</field>
        <field name="date_range" eval="1"/>
        <field name="unfold_all_filter" eval="True"/>
        <field name="show_journal_filter" eval="True"/>
        <field name="analytic" eval="True"/>
        <field name="parent_id" ref="l10n_dk.account_reports_dk_statements_menu"/>
    </record>

    <record id="account_income_statement_report_l10n_dk_Årets_resultat" model="account.financial.html.report.line">
        <field name="name">Årets resultat</field>
        <field name="financial_report_id" ref="account_income_statement_report_l10n_dk_resultatopgørelse"/>
        <field name="code">RES</field>
        <field name="level" eval="0"/>
        <field name="sequence" eval="1"/>
        <field name="formulas">RESFS</field>
    </record>

    <record id="account_income_statement_report_l10n_dk_omsaetning" model="account.financial.html.report.line">
        <field name="name">Omsætning</field>
        <field name="parent_id" ref="account_income_statement_report_l10n_dk_Årets_resultat"/>
        <field name="code">OMS</field>
        <field name="level" eval="3"/>
        <field name="sequence" eval="2"/>
        <field name="domain" eval="[('account_id.tag_ids', '=', ref('l10n_dk.account_tag_revenue'))]"/>
        <field name="show_domain">foldable</field>
        <field name="formulas">-sum</field>
        <field name="groupby">account_id</field>
    </record>

    <record id="account_income_statement_report_l10n_dk_direkteomkostninger" model="account.financial.html.report.line">
        <field name="name">Direkte omkostninger</field>
        <field name="parent_id" ref="account_income_statement_report_l10n_dk_Årets_resultat"/>
        <field name="code">DO</field>
        <field name="level" eval="3"/>
        <field name="sequence" eval="3"/>
        <field name="domain" eval="[('account_id.tag_ids', '=', ref('l10n_dk.account_tag_direct_costs'))]"/>
        <field name="show_domain">foldable</field>
        <field name="formulas">sum</field>
        <field name="groupby">account_id</field>
    </record>

    <record id="account_income_statement_report_l10n_dk_Dækningsbidrag" model="account.financial.html.report.line">
        <field name="name">Dækningsbidrag</field>
        <field name="parent_id" ref="account_income_statement_report_l10n_dk_Årets_resultat"/>
        <field name="code">DKNB</field>
        <field name="level" eval="2"/>
        <field name="sequence" eval="4"/>
        <field name="formulas">OMS - DO</field>
    </record>

    <record id="account_income_statement_report_l10n_dk_Personaleomkostninger" model="account.financial.html.report.line">
        <field name="name">Personaleomkostninger</field>
        <field name="parent_id" ref="account_income_statement_report_l10n_dk_Årets_resultat"/>
        <field name="code">PERSO</field>
        <field name="level" eval="3"/>
        <field name="sequence" eval="5"/>
        <field name="domain" eval="[('account_id.tag_ids', '=', ref('l10n_dk.account_tag_staff_costs'))]"/>
        <field name="show_domain">foldable</field>
        <field name="formulas">sum</field>
        <field name="groupby">account_id</field>
    </record>

    <record id="account_income_statement_report_l10n_dk_Salgsfremmende_omkostninger" model="account.financial.html.report.line">
        <field name="name">Salgsfremmende omkostninger</field>
        <field name="parent_id" ref="account_income_statement_report_l10n_dk_Årets_resultat"/>
        <field name="code">SAOM</field>
        <field name="level" eval="3"/>
        <field name="sequence" eval="6"/>
        <field name="domain" eval="[('account_id.tag_ids', '=', ref('l10n_dk.account_tag_sales_promotions_costs'))]"/>
        <field name="show_domain">foldable</field>
        <field name="formulas">sum</field>
        <field name="groupby">account_id</field>
    </record>

    <record id="account_income_statement_report_l10n_dk_Biler_og_driftmidler" model="account.financial.html.report.line">
        <field name="name">Biler og driftmidler</field>
        <field name="parent_id" ref="account_income_statement_report_l10n_dk_Årets_resultat"/>
        <field name="code">BILDM</field>
        <field name="level" eval="3"/>
        <field name="sequence" eval="7"/>
        <field name="domain" eval="[('account_id.tag_ids', '=', ref('l10n_dk.account_tag_cars_equipment_costs'))]"/>
        <field name="show_domain">foldable</field>
        <field name="formulas">sum</field>
        <field name="groupby">account_id</field>
    </record>

    <record id="account_income_statement_report_l10n_dk_Lokaleomkostninger" model="account.financial.html.report.line">
        <field name="name">Lokaleomkostninger</field>
        <field name="parent_id" ref="account_income_statement_report_l10n_dk_Årets_resultat"/>
        <field name="code">LOKOM</field>
        <field name="level" eval="3"/>
        <field name="sequence" eval="8"/>
        <field name="domain" eval="[('account_id.tag_ids', '=', ref('l10n_dk.account_tag_rooms_costs'))]"/>
        <field name="show_domain">foldable</field>
        <field name="formulas">sum</field>
        <field name="groupby">account_id</field>
    </record>
     
    <record id="account_income_statement_report_l10n_dk_Administrationsomkostninger" model="account.financial.html.report.line">
        <field name="name">Administrationsomkostninger</field>
        <field name="parent_id" ref="account_income_statement_report_l10n_dk_Årets_resultat"/>
        <field name="code">ADMOM</field>
        <field name="level" eval="3"/>
        <field name="sequence" eval="9"/>
        <field name="domain" eval="[('account_id.tag_ids', '=', ref('l10n_dk.account_tag_administration_costs'))]"/>
        <field name="show_domain">foldable</field>
        <field name="formulas">sum</field>
        <field name="groupby">account_id</field>
    </record>
    <record id="account_income_statement_report_l10n_Faste_omkostninger" model="account.financial.html.report.line">
        <field name="name">Faste omkostninger ialt</field>
        <field name="parent_id" ref="account_income_statement_report_l10n_dk_Årets_resultat"/>
        <field name="code">FASTO</field>
        <field name="level" eval="2"/>
        <field name="sequence" eval="10"/>
        <field name="formulas">PERSO + SAOM + BILDM + LOKOM + ADMOM</field>
    </record>

    <record id="account_income_statement_report_l10n_dk_Resultat_før_afskrivninger" model="account.financial.html.report.line">
        <field name="name">Resultat før afskrivninger</field>
        <field name="parent_id" ref="account_income_statement_report_l10n_dk_Årets_resultat"/>
        <field name="code">RESFA</field>
        <field name="level" eval="2"/>
        <field name="sequence" eval="11"/>
        <field name="formulas">DKNB - FASTO</field>
    </record>

    <record id="account_income_statement_report_l10n_dk_nedskrivninger" model="account.financial.html.report.line">
        <field name="name">Af- og nedskrivninger</field>
        <field name="parent_id" ref="account_income_statement_report_l10n_dk_Årets_resultat"/>
        <field name="code">AFNED</field>
        <field name="level" eval="3"/>
        <field name="sequence" eval="12"/>
        <field name="domain" eval="[('account_id.tag_ids', '=', ref('l10n_dk.account_tag_depreciation'))]"/>
        <field name="show_domain">foldable</field>
        <field name="formulas">sum</field>
        <field name="groupby">account_id</field>
    </record>
    <record id="account_income_statement_report_l10n_dk_Finansielle_indtægter" model="account.financial.html.report.line">
        <field name="name">Resultat før finansielle indt./udg.</field>
        <field name="parent_id" ref="account_income_statement_report_l10n_dk_Årets_resultat"/>
        <field name="code">RESFF</field>
        <field name="level" eval="2"/>
        <field name="sequence" eval="13"/>
        <field name="formulas">RESFA - AFNED</field>
    </record>
    <record id="account_income_statement_report_l10n_dk_Finansielle_indægter" model="account.financial.html.report.line">
        <field name="name">Finansielle indægter</field>
        <field name="parent_id" ref="account_income_statement_report_l10n_dk_Årets_resultat"/>
        <field name="code">FININ</field>
        <field name="level" eval="3"/>
        <field name="sequence" eval="14"/>
        <field name="domain" eval="[('account_id.tag_ids', '=', ref('l10n_dk.account_tag_financial_income'))]"/>
        <field name="show_domain">foldable</field>
        <field name="formulas">-sum</field>
        <field name="groupby">account_id</field>
    </record>

    <record id="account_income_statement_report_l10n_dk_Finansielle_udgifter" model="account.financial.html.report.line">
        <field name="name">Finansielle udgifter</field>
        <field name="parent_id" ref="account_income_statement_report_l10n_dk_Årets_resultat"/>
        <field name="code">FINUD</field>
        <field name="level" eval="3"/>
        <field name="sequence" eval="15"/>
        <field name="domain" eval="[('account_id.tag_ids', '=', ref('l10n_dk.account_tag_financial_expenses'))]"/>
        <field name="show_domain">foldable</field>
        <field name="formulas">sum</field>
        <field name="groupby">account_id</field>
    </record>

    <record id="account_income_statement_report_l10n_dk_Resultat_før_ekstraordinære_indt" model="account.financial.html.report.line">
        <field name="name">Resultat før ekstraordinære indt./udg.</field>
        <field name="parent_id" ref="account_income_statement_report_l10n_dk_Årets_resultat"/>
        <field name="code">RESFE</field>
        <field name="level" eval="2"/>
        <field name="sequence" eval="16"/>
        <field name="formulas">RESFF + FININ - FINUD</field>
    </record>

    <record id="account_income_statement_report_l10n_dk_Ekstraordinære_indtægter" model="account.financial.html.report.line">
        <field name="name">Ekstraordinære indtægter</field>
        <field name="parent_id" ref="account_income_statement_report_l10n_dk_Årets_resultat"/>
        <field name="code">EKSI</field>
        <field name="level" eval="3"/>
        <field name="sequence" eval="17"/>
        <field name="domain" eval="[('account_id.tag_ids', '=', ref('l10n_dk.account_tag_extraordinary_income'))]"/>
        <field name="show_domain">foldable</field>
        <field name="formulas">-sum</field>
        <field name="groupby">account_id</field>
    </record>

    <record id="account_income_statement_report_l10n_dk_Ekstraordinære_udgifter" model="account.financial.html.report.line">
        <field name="name">Ekstraordinære udgifter</field>
        <field name="parent_id" ref="account_income_statement_report_l10n_dk_Årets_resultat"/>
        <field name="code">EKSU</field>
        <field name="level" eval="3"/>
        <field name="sequence" eval="18"/>
        <field name="domain" eval="[('account_id.tag_ids', '=', ref('l10n_dk.account_tag_extraordinary_expenses'))]"/>
        <field name="show_domain">foldable</field>
        <field name="formulas">sum</field>
        <field name="groupby">account_id</field>
    </record>

    <record id="account_income_statement_report_l10n_dk_Årets_resultat_før_skat" model="account.financial.html.report.line">
        <field name="name">Årets resultat før skat</field>
        <field name="parent_id" ref="account_income_statement_report_l10n_dk_Årets_resultat"/>
        <field name="code">RESFS</field>
        <field name="level" eval="2"/>
        <field name="sequence" eval="19"/>
        <field name="formulas">RESFE + EKSI - EKSU</field>
    </record>
</odoo>
