<?xml version="1.0" encoding="UTF-8"?>
<templates xml:space="preserve">
    <div t-name="social.StreamPostCommentDeleteModal">
        Do you really want to delete that <t t-esc="widget.commentName" /> ?
    </div>

    <t t-name="social.StreamPostComments">
        <t t-set="bubble_design" t-value="false"/>

        <div t-attf-class="o_social_comments_modal o_social_comments_modal_#{widget.originalPost.mediaType} pt-0 px-0 #{bubble_design? '' : 'bg-100'}">
            <t t-call="social.StreamPostCommentsOriginalPost">
                <t t-set="originalPost" t-value="widget.originalPost" />
            </t>
            <t t-call="social.StreamPostReply">
                <t t-set="classes" t-value="'bg-white p-3 pl-5 border-bottom'"/>
            </t>
            <div t-attf-class="o_social_comments_messages px-3 pt-4 #{bubble_design? '' : 'bg-100'}">
                <t t-call="social.StreamPostCommentsWrapper">
                    <t t-set="comments" t-value="widget.comments"></t>
                </t>
            </div>
            <a t-attf-class="o_social_load_more_comments text-center p3-bg-white #{widget.showMoreComments() ? '' : 'd-none'}"
                href="#">
                <i class="fa fa-comments"></i> <span>Load more comments...</span>
            </a>
        </div>
    </t>

    <div t-name="social.StreamPostCommentsWrapper">
        <t t-if="comments.length">
            <t t-foreach="comments" t-as="comment">
                <t t-call="social.StreamPostComment"/>
            </t>
        </t>
        <t t-else="">
            <div class="o_social_no_comment_message text-black-50 text-center">
                No comments yet.
            </div>
        </t>
    </div>

    <div
        t-att-data-comment-id="comment.id"
        t-att-data-existing-attachment-id="comment.attachment &amp;&amp; comment.attachment.type === 'photo' &amp;&amp; comment.attachment.target ? comment.attachment.target.id : null"
        t-att-data-existing-attachment-src="comment.attachment &amp;&amp; comment.attachment.type === 'photo' ? comment.attachment.media.image.src : null"
        t-attf-class="o_social_comment mb-3 #{isSubComment ? '' : 'o_social_root_comment'}"
        t-name="social.StreamPostComment">
        <t t-set="bubble_design" t-value="false"/>

        <div class="o_social_comment_wrapper d-flex align-items-start">
            <div class="o_social_author_image position-relative rounded-circle flex-shrink-0 mr-2 overflow-hidden">
                <t t-set="authorPicture" t-value="widget.getAuthorPictureSrc(comment)"/>
                <img t-if="authorPicture" t-att-src="authorPicture" t-att-title="comment.from.name" />
            </div>

            <div class="flex-grow-1">
                <div class="o_social_comment_content">
                    <div t-attf-class="o_social_comment_message #{widget.isCommentEditable(comment) || widget.isCommentDeletable(comment) ? 'o_social_comment_editable' : ''}">
                        <a t-att-href="widget.getAuthorLink(comment)"
                            class="o_social_comment_author_name font-weight-bold"
                            t-esc="comment.from.name"
                            target="_blank"/>
                        <span class="mx-1">&#183;</span>
                        <a t-att-href="widget.getCommentLink(comment)"
                            target="_blank"
                            class="o_social_comment_published_date">
                            <small t-att-title="widget._formatDateTime(comment.created_time)"
                                t-esc="comment.formatted_created_time"/>
                        </a>
                        <span t-attf-class="o_social_comment_likes_total badge badge-pill bg-white border-0 py-1 ml-1 #{comment.likes.summary.total_count === 0 ? 'd-none' : ''}">
                            <i t-attf-class="fa #{widget.getLikesClass()}" title="Likes"/>
                            <span class="o_social_likes_count" t-esc="comment.likes.summary.total_count"/>
                        </span>

                        <div class="d-flex">
                            <t t-set="originalMessage" t-value="widget._htmlEscape(comment.message)"/>
                            <div t-attf-class="o_social_comment_text flex-grow-1 #{bubble_design? 'bg-200 py-2 px-3 mr-2 o_social_bubble_radius' : ''}"
                                t-att-data-original-message="originalMessage"
                                t-raw="widget._formatCommentStreamPost(comment.message)"/>

                            <div class="o_social_icon_dropdown o_social_manage_comment dropdown">
                                <button t-attf-class="btn btn-light dropdown-toggle #{bubble_design? 'bg-200 px-3 rounded-pill' : ''}"
                                    type="button" t-attf-id="post_actions_#{comment.id}"
                                    data-toggle="dropdown"
                                    aria-haspopup="true"
                                    aria-expanded="false">
                                    <i class="fa fa-ellipsis-v"/>
                                </button>
                                <div class="dropdown-menu dropdown-menu-right" t-attf-aria-labelledby="post_actions_#{comment.id}">
                                    <a t-if="widget.isCommentEditable(comment)" class="o_social_edit_comment dropdown-item" href="#">Edit Comment</a>
                                    <a t-if="widget.isCommentDeletable(comment)" class="o_social_delete_comment dropdown-item" href="#">Delete Comment</a>
                                </div>
                            </div>
                        </div>

                        <div t-if="comment.attachment" class="o_social_comment_attachment mt-3">
                            <a t-if="comment.attachment.type === 'share'"
                                class="o_social_stream_post_link text-reset shadow mb-3 d-block overflow-hidden"
                                t-att-href="comment.attachment.target.url"
                                target="_blank">
                                <img t-att-src="comment.attachment.media.image.src" class="img-fluid" alt="Link Image" />
                                <div class="o_social_stream_post_link_text bg-white p-2">
                                    <h5 class="o_social_stream_post_link_title"><b t-esc="comment.attachment.title"/></h5>
                                    <p class="o_social_stream_post_link_description" t-esc="comment.attachment.description"/>
                                </div>
                            </a>
                            <img t-if="comment.attachment.type === 'photo'" class="o_social_comment_image img-fluid shadow mb-3"
                                t-att-src="comment.attachment.media.image.src" alt="Comment Image"
                                target="_blank">
                            </img>
                        </div>

                        <div class="o_social_comment_commands">
                            <t t-if="widget.isCommentLikable()">
                                <a t-attf-class="o_social_comment_like btn btn-sm btn-link px-0 #{comment.user_likes ? 'o_social_comment_user_likes' : ''}"
                                    href="#"
                                    t-att-data-user-likes="comment.user_likes"
                                    t-att-data-comment-id="comment.id">
                                    Like
                                </a>
                                <span>&#183;</span>
                            </t>
                            <a class="o_social_comment_reply btn btn-sm btn-link px-0" href="#"> Reply </a>
                            <span t-if="comment.comments" class="o_social_comment_load_replies" t-att-data-inner-comments="JSON.stringify(comment.comments.data)">
                                <span t-if="comment.comments">&#183;</span>
                                <a class="btn btn-sm btn-link px-0" href="#">
                                    <i class="fa fa-comments mr-1"/>View <t t-esc="comment.comments.data.length"/> replies...
                                </a>
                            </span>
                        </div>
                    </div>
                </div>
            </div>
        </div>
        <div t-if="!isSubComment" class="pl-5 mt-2">
            <div class="o_social_comment_replies mt-4 d-none">
            </div>
            <div class="o_social_write_comment_reply d-none">
                <t t-call="social.StreamPostReply">
                    <t t-set="isCommentReply" t-value="true"></t>
                    <t t-set="classes" t-value="'pr-5 mb-5'"/>
                </t>
            </div>
        </div>
    </div>

    <div class="o_social_write_reply" t-name="social.StreamPostReply">
        <form t-attf-class="d-flex flex-nowrap align-items-start #{classes ? classes : ''}">
            <div class="o_social_author_image position-relative rounded-circle flex-shrink-0 overflow-hidden mr-2">
                <t t-set="authorPicture" t-value="widget.getAuthorPictureSrc()"/>
                <img t-if="authorPicture" t-att-src="authorPicture" t-att-title="isCommentReply ? ('Write a reply as ' + widget.accountName) : ('Write comment as ' + widget.accountName)" />
            </div>
            <div class="position-relative flex-grow-1">
                <div class="f-flex align-items-stretch">
                    <t t-set="write_reply_text">Write a reply...</t>
                    <t t-set="write_comment_text">Write a comment...</t>
                    <textarea
                        name="message"
                        t-att-data-existing-attachment-id="existingAttachmentId"
                        t-att-data-is-comment-edit="isCommentEdit"
                        t-att-data-is-comment-reply="isCommentReply"
                        t-att-data-comment-id="isCommentReply || isCommentEdit ? comment.id : null"
                        t-attf-class="o_social_add_comment o_social_comment_message form-control pr-5 #{bubble_design? 'bg-200 o_social_bubble_radius' : ''}"
                        t-att-placeholder="isCommentReply ? write_reply_text : write_comment_text"><t t-esc="initialValue || ''"></t></textarea>
                    <div class="o_social_comment_controls mt-2">
                        <div t-attf-class="o_social_comment_add_image o_social_subtle_btn px-3 py-1 #{widget.canAddImage() ? '' : 'invisible'}">
                            <i class="fa fa-image" title="Add an image"/>
                        </div>
                        <t t-call="mail.EmojisDropdown"/>
                    </div>
                </div>
                <div t-attf-class="o_social_comment_image_preview py-4 #{existingAttachmentId &amp;&amp; existingAttachmentSrc ? '' : 'd-none'}">
                    <div class="d-inline-block position-relative">
                        <img class="border shadow" style="max-height: 150px" t-att-src="existingAttachmentSrc"/>
                        <span class="position-absolute btn btn-dark rounded-circle mt-2 mr-2" style="right: 0">
                            <i class="fa fa-times"/>
                        </span>
                    </div>
                </div>
                <div t-attf-class="d-flex align-items-center #{isCommentEdit? 'mt-3 mb-5' : 'mt-2'}">
                    <small class="text-600">Press Enter to post.</small>
                    <div t-if="isCommentEdit" class="o_social_comment_commands ml-3">
                        <a t-attf-class="o_social_edit_comment_cancel btn btn-sm btn-outline-secondary"
                            href="#"
                            t-att-data-comment-id="comment.id">
                            Cancel
                        </a>
                    </div>
                </div>
            </div>
            <input type="file" class="o_input_file d-none" name="attachment" accept="image/*"/>
        </form>
    </div>

    <t t-name="social.StreamPostCommentsOriginalPost">
    <div class="o_social_comments_modal_original_post d-flex bg-white pt-3 px-3">
        <div class="mr-3">
            <span class="o_social_original_post_author_image o_social_author_image d-block position-relative rounded-circle overflow-hidden"/>
        </div>
        <div class="o_social_comments_modal_original_post_content flex-grow-1">
            <div class="d-flex align-items-center h3 mb-1">
                <a t-if="originalPost.authorLink"
                    class="o_social_original_post_author d-flex align-items-center"
                    t-att-href="originalPost.authorLink"
                    t-att-title="originalPost.authorName or 'Unknown'"
                    target="_blank">
                    <b class="text-truncate" t-esc="originalPost.authorName or 'Unknown'"/>
                </a>

                <div t-else="" class="o_social_original_post_author d-flex align-items-center">
                     <span class="text-truncate" t-esc="originalPost.authorName or 'Unknown'"/>
                </div>
                <span class="mx-1">&#183;</span>
                <a t-att-href="originalPost.postLink" class="o_social_post_published_date" target="_blank">
                <time class="small"
                    t-esc="originalPost.formattedPublishedDate"
                    t-att-title="originalPost.publishedDate"/>
                </a>
            </div>
            <div t-attf-class="o_social_original_post_message_body">
                <div t-if="originalPost.postMessage"
                    t-raw="widget._formatCommentStreamPost(originalPost.postMessage)"
                    class="o_social_original_post_message_text overflow-auto mb-2"/>
                <div t-if="originalPost.postImages.length > 0"
                    class="o_social_stream_post_image mt-3 d-flex overflow-hidde">
                    <t t-foreach="originalPost.postImages.length > 2 ? originalPost.postImages.slice(0, 2) : originalPost.postImages" t-as="image_url">
                        <t t-if="image_url_index == 1 &amp;&amp; originalPost.postImages.length > 2">
                            <a class="o_social_original_post_image_more position-relative d-flex ml-1" data-current-index="1">
                                <img class="o_social_original_post_image_click" t-att-src="originalPost.postImages[1]" alt="Post Image" />
                                <div class="o_social_stream_post_image_more_overlay d-flex align-items-center h-100 w-100 text-white justify-content-center position-absolute h1 m-0" style="user-select: none;">
                                    +<t t-esc="originalPost.postImages.length - 2"/>
                                </div>
                            </a>
                        </t>
                        <img t-else="" class="o_social_original_post_image_click o_social_original_post_single" t-att-src="image_url" alt="Post Image" t-att-data-current-index="image_url_index" />
                    </t>
                </div>
                <a t-if="originalPost.linkUrl"
                    class="o_social_stream_post_link p-3 d-flex bg-100"
                    t-att-href="originalPost.linkUrl"
                    target="_blank">
                    <img t-if="originalPost.linkImage"
                        class="mr-3 flex-shrink-0"
                        t-att-src="originalPost.linkImage"
                        alt="Link Image"/>
                    <div class="o_social_stream_post_link_text">
                        <div class="o_social_stream_post_link_title h3 text-truncate"
                            t-esc="originalPost.linkTitle"/>
                        <p t-if="originalPost.linkDescription"
                            class="o_social_stream_post_link_description"
                            t-esc="originalPost.linkDescription"/>
                    </div>
                </a>
            </div>
        </div>
    </div>
    </t>

    <t t-name="social.KanbanView.Group" t-extend="KanbanView.Group">
        <t t-jquery="span.o_column_title" t-operation="before">
           <img t-if="widget.groupedBy === 'stream_id'" width="16" t-attf-src="/web/image/social.stream/#{widget.id}/media_image/16x16" class="mr8" />
        </t>
    </t>

    <div t-name="social.AddStreamMedia" class="o_social_media_cards d-flex">
        <t t-foreach="widget.socialMedia" t-as="media">
            <div class="o_social_media card text-center justify-content-center align-items-center mr-3 p-3" t-att-data-media-id="media.id" style="min-width: 90px;">
                <img width="48" t-attf-src="/web/image/social.media/#{media.id}/image/48x48" />
                <h5 t-esc="media.name" class="o_social_media_name mb-0 mt-2" />
            </div>
        </t>
    </div>

    <div t-name="social.AddStreamModal">
        <div class="o_social_add_stream_form bg-200">
            <t t-if="widget.socialAccounts.length !== 0">
                <h4>Add a Stream from an existing account</h4>
                <div class="o_social_add_stream_accounts list-group">
                    <button t-foreach="widget.socialAccounts" t-as="socialAccount" class="list-group-item list-group-item-action">
                        <div class="o_social_account_card d-flex align-items-center" t-att-data-media-id="socialAccount.media_id[0]" t-att-data-account-id="socialAccount.id">
                            <img width="24" t-attf-src="/web/image/social.media/#{socialAccount.media_id[0]}/image/24x24" class="mr-4"/>
                            <img t-if="socialAccount.image" t-attf-src="/web/image/social.account/#{socialAccount.id}/image/32x32" class="o_social_account_image rounded-circle border mr-2" />
                            <h4 t-esc="socialAccount.name" class="o_social_account_name font-weight-bold flex-grow-1 m-0"/>
                        </div>
                    </button>
                </div>
                <t t-if="widget.isSocialManager">
                    <h4 class="mt-5">Or link a new account</h4>
                    <t t-call="social.AddStreamMedia" />
                </t>
            </t>
            <t t-else="">
                <h5 class="mb-4">To add a stream, you must first link a social media.</h5>
                <t t-call="social.AddStreamMedia" />
            </t>
        </div>
    </div>

    <div t-name="social.PostKanbanImagesCarousel">
        <t t-set="multi_images" t-value="widget.images.length > 1"/>
        <div id="o_stream_post_images_carousel"
            t-attf-class="o_stream_post_images_carousel carousel slide #{multi_images? 'o_stream_post_images_carousel_multi' : ''} "
            data-interval="false">
            <ol t-if="multi_images" class="carousel-indicators">
                <t t-foreach="widget.images" t-as="image_url">
                    <li t-attf-data-target="#o_stream_post_images_carousel"
                        t-att-data-slide-to="image_url_index"
                        t-attf-class="#{image_url_index === widget.activeIndex ? 'active' : ''}"/>
                </t>
            </ol>
            <div class="carousel-inner h-100 d-flex align-items-center justify-content-center">
                <t t-foreach="widget.images" t-as="image_url">
                    <div t-attf-class="carousel-item m-0 w-auto #{image_url_index === widget.activeIndex ? 'active' : ''}">
                        <img t-att-src="image_url" class="shadow" alt="Image Url" />
                    </div>
                </t>
            </div>
            <a t-if="multi_images" class="carousel-control-prev" href="#o_stream_post_images_carousel" role="button" data-slide="prev">
                <span class="carousel-control-prev-icon"></span>
                <span class="sr-only">Previous</span>
            </a>
            <a t-if="multi_images" class="carousel-control-next" href="#o_stream_post_images_carousel" role="button" data-slide="next">
                <span class="carousel-control-next-icon"></span>
                <span class="sr-only">Next</span>
            </a>
        </div>
    </div>

    <div t-name="StreamPostKanbanView.buttons">
        <button type="button" class="btn btn-primary o_stream_post_kanban_new_stream">
            Add a Stream
        </button>
        <button t-if="hasAccounts" type="button" class="btn btn-primary o_stream_post_kanban_new_post">
            New Post
        </button>
        <button type="button" class="btn btn-secondary o_stream_post_kanban_refresh_now">
            <span>Synchronize</span><i class="fa fa-spinner fa-spin d-none" />
        </button>
    </div>

    <t t-name="social.AccountsStats">
        <div t-foreach="socialAccounts" t-as="socialAccount"
            class="o_social_stream_stat_box flex-shrink-0 w-auto d-flex flex-column bg-white border-bottom border-right">
            <div class="pt-3 pb-2 px-4 d-flex justify-content-between">
                <div class="d-flex align-items-center">
                    <img class="mr-2" width="16" t-attf-src="/web/image/social.media/#{socialAccount.media_id[0]}/image/16x16" alt="Social Media"/>
                    <h5 class="o_social_stream_post_author_name d-block text-truncate m-0" t-esc="socialAccount.name" t-att-title="socialAccount.name"/>
                </div>
                <div class="d-flex align-items-center ml-4">
                    <a t-if="socialAccount.stats_link" t-att-href="socialAccount.stats_link" class="small" target="_blank">
                        Insights
                    </a>
                    <t t-set="connecting_problem_content">It appears there is an issue with the Social Media link, click here to link the account again</t>
                    <a t-if="socialAccount.is_media_disconnected"
                        href="#"
                        class="o_social_account_link_disconnected text-danger ml-4"
                        t-att-data-media-id="socialAccount.media_id[0]"
                        data-toggle="popover" title="Connecting Problem"
                        t-att-data-content="connecting_problem_content">
                        <i class="fa fa-unlink"/>
                    </a>
                </div>
            </div>

            <div class="d-flex flex-nowrap flex-grow-1 px-4 pt-2 pb-3">
                <t t-set="audience_content">Number of Followers of your channel</t>
                <div class="d-flex align-items-center flex-grow-1 pr-3"
                    data-toggle="popover" title="Audience"
                    t-att-data-content="audience_content">
                    <t t-call="social.AccountsStatsValue">
                        <t t-set="icon" t-value="'fa-bullseye'"/>
                        <t t-set="value" t-value="socialAccount.audience"/>
                        <t t-set="trend" t-value="socialAccount.audience_trend"/>
                    </t>
                </div>
                <t t-set="engagement_content">Number of times people have engaged with your posts (likes, comments, shares,...)</t>
                <div class="d-flex align-items-center justify-content-center flex-grow-1 px-3"
                    data-toggle="popover" title="Engagement"
                    t-att-data-content="engagement_content">
                    <t t-call="social.AccountsStatsValue">
                        <t t-set="icon" t-value="'fa-hand-o-up'"/>
                        <t t-set="value" t-value="socialAccount.engagement"/>
                        <t t-set="trend" t-value="socialAccount.engagement_trend"/>
                    </t>
                </div>
                <t t-set="stories_content">Number of times people who have engaged with your channel have created stories on their friends' or followers' feed (Shares, Retweets...)</t>
                <div class="d-flex align-items-center justify-content-end flex-grow-1 pl-3"
                    data-toggle="popover" title="Stories"
                    t-att-data-content="stories_content">
                    <t t-call="social.AccountsStatsValue">
                        <t t-set="icon" t-value="'fa-book'"/>
                        <t t-set="value" t-value="socialAccount.stories"/>
                        <t t-set="trend" t-value="socialAccount.stories_trend"/>
                    </t>
                </div>
            </div>
        </div>
    </t>

    <t t-name="social.AccountsStatsValue">
        <div class="d-flex align-items-center">
            <i t-attf-class="text-600 mr-1 fa {{icon}}" style="line-height: 1"/>
            <b t-esc="value" style="line-height: 1"/>
            <t t-if="socialAccount.has_trends">
                <t t-set="isUp" t-value="trend >= 0"/>
                <small t-attf-class="ml-2 font-weight-bold text-#{isUp ? 'success' : 'danger'}" style="line-height: 1">
                    <i t-attf-class="fa fa-caret-#{isUp ? 'up' : 'down'}" style="line-height: 1"/>
                    <t t-esc="trend"/>%
                </small>
            </t>
        </div>
    </t>
</templates>
