id,name,model_id:id,group_id:id,perm_read,perm_write,perm_create,perm_unlink
access_loyalty_program,loyalty.program.user,model_loyalty_program,point_of_sale.group_pos_user,1,0,0,0
access_loyalty_program_manager,loyalty.program.manager,model_loyalty_program,point_of_sale.group_pos_manager,1,1,1,1
access_loyalty_rule,loyalty.rule.user,model_loyalty_rule,point_of_sale.group_pos_user,1,0,0,0
access_loyalty_rule_manager,loyalty.rule.manager,model_loyalty_rule,point_of_sale.group_pos_manager,1,1,1,1
access_loyalty_reward,loyalty.reward.user,model_loyalty_reward,point_of_sale.group_pos_user,1,0,0,0
access_loyalty_reward_manager,loyalty.reward.manager,model_loyalty_reward,point_of_sale.group_pos_manager,1,1,1,1
