<?xml version="1.0" encoding="utf-8"?>
<odoo>
    <data noupdate="1">
    <!--
        Specific survey access rules for appraisal
        - The manager can see all the answers
        - The asked-feedback-employee can see his anwers
        - The employee himself can't see any anwers
        
         * survey_user: CRUD 1 1 1 1
          * can read survey / questions / question answers: 1 = 1
          * can cr/wr/un survey / questions / question answers
           * survey_id.create_uid = uid (own)
          * can cr/wr/un user_input / user_input_line
           * survey_id.create_uid = uid (own) (survey)
           * & is_appraisal = False, survey_id.create_uid = uid (not private AND own) (appraisal_survey)
         * survey_manager: CRUD 1 1 1 1
          * can CRUD survey / questions / question answers: 1 = 1
          * can CRUD user_input / user_input_line: 1 = 1 (survey), is_appraisal = False (appraisal_survey)
         * hr_appraisal_manager: CRUD -> implied group survey_manager
          * can CRUD user_input / user_input_line: 1 = 1 dans appraisal_survey
    -->
        <record id="survey.survey_user_input_rule_survey_manager" model="ir.rule">
            <field name="name">Survey user input: manager: all non private</field>
            <field name="domain_force">[('survey_id.is_appraisal', '=', False)]</field>
        </record>
        <record id="survey.survey_user_input_rule_survey_user_read" model="ir.rule">
            <field name="name">Survey user input: officer: read all non private</field>
            <field name="domain_force">[('survey_id.is_appraisal', '=', False)]</field>
        </record>
        <record id="survey.survey_user_input_rule_survey_user_cw" model="ir.rule">
            <field name="name">Survey user input: officer: create/write/unlink linked to own non private survey only</field>
            <field name="domain_force">['&amp;', ('survey_id.is_appraisal', '=', False), ('survey_id.create_uid', '=', user.id)]</field>
        </record>

        <record id="survey.survey_user_input_line_rule_survey_manager" model="ir.rule">
            <field name="name">Survey user input line: manager: all non private</field>
            <field name="domain_force">[('survey_id.is_appraisal', '=', False)]</field>
        </record>
        <record id="survey.survey_user_input_line_rule_survey_user_read" model="ir.rule">
            <field name="name">Survey user input line: officer: read all non private</field>
            <field name="domain_force">[('survey_id.is_appraisal', '=', False)]</field>
        </record>
        <record id="survey.survey_user_input_line_rule_survey_user_cw" model="ir.rule">
            <field name="name">Survey user input line: officer: create/write/unlink linked to own non private survey only</field>
            <field name="domain_force">['&amp;', ('survey_id.is_appraisal', '=', False), ('user_input_id.survey_id.create_uid', '=', user.id)]</field>
        </record>

        <record id="hr_appraisal.group_hr_appraisal_manager" model="res.groups">
            <field name="implied_ids" eval="[(4, ref('survey.group_survey_manager'))]"/>
        </record>

        <record id="survey_user_input_rule_appraisal_manager" model="ir.rule">
            <field name="name">Survey user input: appraisal manager: all</field>
            <field name="model_id" ref="survey.model_survey_user_input"/>
            <field name="domain_force">[(1, '=', 1)]</field>
            <field name="groups" eval="[(4, ref('hr_appraisal.group_hr_appraisal_manager'))]"/>
            <field name="perm_unlink" eval="1"/>
            <field name="perm_write" eval="1"/>
            <field name="perm_read" eval="1"/>
            <field name="perm_create" eval="1"/>
        </record>
        <record id="survey_user_input_line_rule_appraisal_manager" model="ir.rule">
            <field name="name">Survey user input line: appraisal manager: all</field>
            <field name="model_id" ref="survey.model_survey_user_input_line"/>
            <field name="domain_force">[(1, '=', 1)]</field>
            <field name="groups" eval="[(4, ref('hr_appraisal.group_hr_appraisal_manager'))]"/>
            <field name="perm_unlink" eval="1"/>
            <field name="perm_write" eval="1"/>
            <field name="perm_read" eval="1"/>
            <field name="perm_create" eval="1"/>
        </record>
    </data>
</odoo>
