<?xml version="1.0" encoding="utf-8"?>
<odoo>
    <data noupdate="1">

        <record id="industry_fsm.fsm_project" model="project.project">
            <field name="allow_billable" eval="True"/>
            <field name="allow_material" eval="True"/>
            <field name="timesheet_product_id" ref="sale_timesheet.time_product"/>
        </record>

        <record id="field_service_product" model="product.product">
            <field name="name">Field Service</field>
            <field name="project_id" ref="industry_fsm.fsm_project"/>
            <field name="service_tracking">task_global_project</field>
            <field name="type">service</field>
            <field name="list_price">100</field>
            <field name="uom_id" ref="uom.product_uom_hour"/>
            <field name="uom_po_id" ref="uom.product_uom_hour"/>
            <field name="service_policy">delivered_timesheet</field>
            <field name="image_1920" type="base64" file="sale_timesheet/static/img/product_product_time_product.png"/>
        </record>
	</data>
</odoo>
