<?xml version="1.0" encoding="utf-8"?>
<odoo>
    <data>

        <!-- Salary Structure -->
        <record id="hr_payroll_structure_cp200_employee_salary" model="hr.payroll.structure">
            <field name="name">CP200: Employees Monthly Pay</field>
            <field name="country_id" ref="base.be"/>
            <field name="type_id" ref="hr_contract.structure_type_employee_cp200"/>
            <field name="unpaid_work_entry_type_ids" eval="[
                (4, ref('hr_work_entry_contract.work_entry_type_unpaid_leave')),
                (4, ref('l10n_be_hr_payroll.work_entry_type_unpredictable')),
                (4, ref('l10n_be_hr_payroll.work_entry_type_long_sick')),
                (4, ref('l10n_be_hr_payroll.work_entry_type_part_sick')),
                (4, ref('l10n_be_hr_payroll.work_entry_type_maternity')),
                (4, ref('l10n_be_hr_payroll.work_entry_type_breast_feeding')),
                (4, ref('l10n_be_hr_payroll.work_entry_type_paternity_legal')),
                (4, ref('l10n_be_hr_payroll.work_entry_type_unjustified_reason')),
                (4, ref('l10n_be_hr_payroll.work_entry_type_medical_assistance')),
                (4, ref('l10n_be_hr_payroll.work_entry_type_youth_time_off')),
            ]"/>
        </record>
        <record id="hr_contract.structure_type_employee_cp200" model="hr.payroll.structure.type">
            <field name="default_struct_id" ref="hr_payroll_structure_cp200_employee_salary"/>
        </record>

        <record id="input_fixed_commission" model="hr.payslip.input.type">
            <field name="name">Fixed Commission</field>
            <field name="code">COMMISSION</field>
            <field name="country_id" ref="base.be"/>
            <field name="struct_ids" eval="[(4, ref('l10n_be_hr_payroll.hr_payroll_structure_cp200_employee_salary'))]"/>
        </record>
        <record id="cp200_employees_salary_fixed_commission" model="hr.salary.rule">
            <field name="category_id" ref="hr_payroll.ALW"/>
            <field name="name">Fixed Commission</field>
            <field name="code">COMMISSION</field>
            <field name="sequence">15</field>
            <field name="condition_select">python</field>
            <field name="condition_python">result = inputs.COMMISSION</field>
            <field name="amount_select">code</field>
            <field name="amount_python_compute">result = inputs.COMMISSION.amount</field>
            <field name="struct_id" ref="l10n_be_hr_payroll.hr_payroll_structure_cp200_employee_salary"/>
        </record>

        <!-- Salary Rules -->
        <record id="cp200_employees_salary_atn_internet" model="hr.salary.rule">
            <field name="category_id" ref="hr_payroll_head_div_impos"/>
            <field name="name">Benefit in Kind (Internet)</field>
            <field name="code">ATN.INT</field>
            <field name="sequence">16</field>
            <field name="condition_select">python</field>
            <field name="condition_python">result = bool(contract.internet)</field>
            <field name="amount_select">code</field>
            <field name="amount_python_compute">
result = 5.0
            </field>
            <field name="struct_id" ref="hr_payroll_structure_cp200_employee_salary"/>
        </record>

        <record id="cp200_employees_salary_atn_mobile" model="hr.salary.rule">
            <field name="category_id" ref="hr_payroll_head_div_impos"/>
            <field name="name">Benefit in Kind (Phone Subscription)</field>
            <field name="code">ATN.MOB</field>
            <field name="sequence">17</field>
            <field name="condition_select">python</field>
            <field name="condition_python">result = bool(contract.mobile)</field>
            <field name="amount_select">code</field>
            <field name="amount_python_compute">
if contract.mobile and not contract.internet:
    result = 4.0 + 5.0
elif contract.mobile and contract.internet:
    result = 4.0
            </field>
            <field name="struct_id" ref="hr_payroll_structure_cp200_employee_salary"/>
        </record>

        <record id="cp200_employees_salary_atn_laptop" model="hr.salary.rule">
            <field name="category_id" ref="hr_payroll_head_div_impos"/>
            <field name="name">Benefit in Kind (Laptop)</field>
            <field name="code">ATN.LAP</field>
            <field name="sequence">18</field>
            <field name="condition_select">python</field>
            <field name="condition_python">result = bool(contract.has_laptop)</field>
            <field name="amount_select">code</field>
            <field name="amount_python_compute">
result = 7.0
            </field>
            <field name="struct_id" ref="hr_payroll_structure_cp200_employee_salary"/>
        </record>

        <record id="cp200_employees_salary_gross_salary" model="hr.salary.rule">
            <field name="category_id" ref="hr_payroll_head_salary"/>
            <field name="name">Gross Salary</field>
            <field name="code">SALARY</field>
            <field name="sequence">20</field>
            <field name="condition_select">none</field>
            <field name="amount_select">code</field>
            <field name="amount_python_compute">
result = categories.BASIC
if inputs.COMMISSION:
    result += result_rules['COMMISSION']['total']
if contract.internet:
    result += result_rules['ATN.INT']['total']
if contract.mobile:
    result += result_rules['ATN.MOB']['total']
if contract.has_laptop:
    result += result_rules['ATN.LAP']['total']
            </field>
            <field name="appears_on_payslip" eval="False"/>
            <field name="struct_id" ref="hr_payroll_structure_cp200_employee_salary"/>
        </record>

        <record id="cp200_employees_salary_onss_rule" model="hr.salary.rule">
            <field name="category_id" ref="hr_payroll_head_onss"/>
            <field name="name">Social contribution</field>
            <field name="code">ONSS</field>
            <field name="sequence">41</field>
            <field name="condition_select">none</field>
            <field name="amount_select">percentage</field>
            <field name="amount_percentage_base">SALARY</field>
            <field name="amount_percentage">-13.07</field>
            <field name="partner_id" ref="res_partner_onss"/>
            <field name="struct_id" ref="hr_payroll_structure_cp200_employee_salary"/>
        </record>

        <record id="cp200_employees_salary_employment_bonus_employees" model="hr.salary.rule">
            <field name="category_id" ref="hr_payroll_head_employment_bonus"/>
            <field name="name">Employment Bonus</field>
            <field name="code">EmpBonus.1</field>
            <field name="sequence">42</field>
            <field name="condition_select">python</field>
            <field name="condition_python">result = categories.BASIC and categories.BASIC &lt;= 2560.57</field>
            <field name="amount_select">code</field>
            <field name="amount_python_compute">result = compute_employment_bonus_employees(payslip, categories, worked_days, inputs)</field>
            <field name="struct_id" ref="hr_payroll_structure_cp200_employee_salary"/>
        </record>

        <record id="cp200_employees_salary_onss_total" model="hr.salary.rule">
            <field name="category_id" ref="hr_salary_rule_category_onss_total"/>
            <field name="name">ONSS (TOTAL)</field>
            <field name="code">ONSSTOTAL</field>
            <field name="sequence">43</field>
            <field name="condition_select">none</field>
            <field name="amount_select">code</field>
            <field name="amount_python_compute">
result = abs(categories.ONSS) - abs(categories.EmpBonus)
            </field>
            <field name="appears_on_payslip" eval="False"/>
            <field name="struct_id" ref="hr_payroll_structure_cp200_employee_salary"/>
        </record>

        <record id="cp200_employees_salary_reim_travel" model="hr.salary.rule">
            <field name="category_id" ref="hr_payroll.DED"/>
            <field name="name">Reimbursement of travel expenses</field>
            <field name="code">Tr.E</field>
            <field name="amount_select">code</field>
            <field name="sequence">65</field>
            <field name="condition_select">python</field>
            <field name="condition_python">result = bool(contract.others_reimbursed_amount)</field>
            <field name="amount_python_compute">result = contract.others_reimbursed_amount</field>
            <field name="struct_id" ref="hr_payroll_structure_cp200_employee_salary"/>
        </record>

        <record id="cp200_employees_salary_company_car" model="hr.salary.rule">
            <field name="category_id" ref="hr_payroll_head_div_impos"/>
            <field name="name">Benefit in Kind (Company Car)</field>
            <field name="code">ATN.CAR</field>
            <field name="sequence">70</field>
            <field name="condition_select">python</field>
            <field name="condition_python">result = bool(contract.transport_mode_car and contract.car_atn)</field>
            <field name="amount_select">code</field>
            <field name="amount_python_compute">
result = contract.car_atn
            </field>
            <field name="struct_id" ref="hr_payroll_structure_cp200_employee_salary"/>
        </record>

        <record id="cp200_employees_salary_gross_with_ip" model="hr.salary.rule">
            <field name="name">Total Gross</field>
            <field name="sequence">90</field>
            <field name="code">GROSSIP</field>
            <field name="category_id" ref="l10n_be_hr_payroll.hr_salary_rule_category_gross_with_ip"/>
            <field name="condition_select">python</field>
            <field name="condition_python">result = bool(contract.ip)</field>
            <field name="amount_select">code</field>
            <field name="amount_python_compute">result = categories.BASIC + categories.ALW</field>
            <field name="struct_id" ref="hr_payroll_structure_cp200_employee_salary"/>
        </record>

        <record id="cp200_employees_salary_ip_part" model="hr.salary.rule">
            <field name="category_id" ref="hr_salary_rule_category_ip_part"/>
            <field name="name">Intellectual Property</field>
            <field name="code">IP.PART</field>
            <field name="sequence">91</field>
            <field name="condition_select">python</field>
            <field name="condition_python">result = bool(contract.ip)</field>
            <field name="amount_select">code</field>
            <field name="amount_python_compute">result = - compute_ip(payslip, categories, worked_days, inputs)</field>
            <field name="struct_id" ref="hr_payroll_structure_cp200_employee_salary"/>
        </record>

        <record id="cp200_employees_salary_withholding_taxes" model="hr.salary.rule">
            <field name="category_id" ref="hr_payroll_head_pp"/>
            <field name="name">Withholding Tax</field>
            <field name="code">P.P</field>
            <field name="sequence">120</field>
            <field name="condition_select">none</field>
            <field name="appears_on_payslip" eval="True"/>
            <field name="amount_select">code</field>
            <field name="amount_python_compute">result = compute_withholding_taxes(payslip, categories, worked_days, inputs)
            </field>
            <field name="struct_id" ref="hr_payroll_structure_cp200_employee_salary"/>
        </record>

        <record id="cp200_employees_salary_withholding_reduction" model="hr.salary.rule">
            <field name="category_id" ref="hr_payroll.DED"/>
            <field name="name">Withholding reduction</field>
            <field name="code">P.P.DED</field>
            <field name="amount_select">code</field>
            <field name="sequence">130</field>
            <field name="condition_select">python</field>
            <field name="condition_python">result = bool(categories.EmpBonus)</field>
            <field name="amount_python_compute">result = compute_withholding_reduction(payslip, categories, worked_days, inputs)</field>
            <field name="struct_id" ref="hr_payroll_structure_cp200_employee_salary"/>
        </record>

        <record id="cp200_employees_salary_withholding_taxes_total" model="hr.salary.rule">
            <field name="category_id" ref="hr_salary_rule_category_withholding_taxes_total"/>
            <field name="name">Withholding Taxes (Total)</field>
            <field name="code">PPTOTAL</field>
            <field name="amount_select">code</field>
            <field name="sequence">131</field>
            <field name="condition_select">none</field>
            <field name="appears_on_payslip" eval="False"/>
            <field name="amount_select">code</field>
            <field name="amount_python_compute">
result = abs(categories.PP) - abs(result_rules['P.P.DED']['total'] if bool(categories.EmpBonus) else 0)
            </field>
            <field name="struct_id" ref="hr_payroll_structure_cp200_employee_salary"/>
        </record>

        <record id="cp200_employees_salary_company_car_2" model="hr.salary.rule">
            <field name="category_id" ref="hr_payroll_head_div_net"/>
            <field name="name">Benefit in Kind (Company Car)</field>
            <field name="code">ATN.CAR.2</field>
            <field name="sequence">160</field>
            <field name="condition_select">python</field>
            <field name="condition_python">result = bool(contract.transport_mode_car and contract.car_atn)</field>
            <field name="amount_select">code</field>
            <field name="amount_python_compute">
result_qty = result_rules['ATN.CAR']['quantity']
result = -result_rules['ATN.CAR']['amount']
            </field>
            <field name="struct_id" ref="hr_payroll_structure_cp200_employee_salary"/>
        </record>

        <record id="cp200_employees_salary_atn_internet_2" model="hr.salary.rule">
            <field name="category_id" ref="hr_payroll_head_div_net"/>
            <field name="name">Benefit in Kind (Internet)</field>
            <field name="code">ATN.INT.2</field>
            <field name="sequence">161</field>
            <field name="condition_select">python</field>
            <field name="condition_python">result = contract.internet</field>
            <field name="amount_select">code</field>
            <field name="amount_python_compute">
result_qty = result_rules['ATN.INT']['quantity']
result = -result_rules['ATN.INT']['amount']
            </field>
            <field name="struct_id" ref="hr_payroll_structure_cp200_employee_salary"/>
        </record>

        <record id="cp200_employees_salary_atn_laptop_2" model="hr.salary.rule">
            <field name="category_id" ref="hr_payroll_head_div_net"/>
            <field name="name">Benefit in Kind (Laptop)</field>
            <field name="code">ATN.LAP.2</field>
            <field name="sequence">163</field>
            <field name="condition_select">python</field>
            <field name="condition_python">result = contract.has_laptop</field>
            <field name="amount_select">code</field>
            <field name="amount_python_compute">
result_qty = result_rules['ATN.LAP']['quantity']
result = -result_rules['ATN.LAP']['amount']
            </field>
            <field name="struct_id" ref="hr_payroll_structure_cp200_employee_salary"/>
        </record>

        <record id="cp200_employees_salary_mis_ex_onss" model="hr.salary.rule">
            <field name="category_id" ref="hr_salary_rule_category_spec_soc_contribution"/>
            <field name="name">Special social cotisation</field>
            <field name="code">M.ONSS</field>
            <field name="amount_select">fix</field>
            <field name="sequence">165</field>
            <field name="appears_on_payslip" eval="True"/>
            <field name="amount_select">code</field>
            <field name="amount_python_compute">result = compute_special_social_cotisations(payslip, categories, worked_days, inputs)</field>
            <field name="struct_id" ref="hr_payroll_structure_cp200_employee_salary"/>
        </record>

        <record id="cp200_employees_salary_ch_worker" model="hr.salary.rule">
            <field name="category_id" ref="hr_payroll_head_div_net"/>
            <field name="name">Retain on Meal Voucher</field>
            <field name="code">MEAL_V_EMP</field>
            <field name="sequence">165</field>
            <field name="condition_select">python</field>
            <field name="condition_python">result = bool(contract.meal_voucher_amount)</field>
            <field name="amount_select">percentage</field>
            <field name="amount_percentage">-100.0</field>
            <field name="amount_percentage_base">contract.meal_voucher_amount - contract.meal_voucher_paid_by_employer</field>
            <field name="quantity">payslip.meal_voucher_count</field>
            <field name="appears_on_payslip" eval="True"/>
            <field name="partner_id" ref="res_partner_meal_vouchers"/>
            <field name="struct_id" ref="hr_payroll_structure_cp200_employee_salary"/>
        </record>

        <record id="cp200_employees_salary_atn_mobile_2" model="hr.salary.rule">
            <field name="category_id" ref="hr_payroll_head_div_net"/>
            <field name="name">Benefit in Kind (Phone Subscription)</field>
            <field name="code">ATN.MOB.2</field>
            <field name="sequence">162</field>
            <field name="condition_select">python</field>
            <field name="condition_python">result = contract.mobile</field>
            <field name="amount_select">code</field>
            <field name="amount_python_compute">
if contract.mobile:
    result_qty = result_rules['ATN.MOB']['quantity']
    result = -result_rules['ATN.MOB']['amount']
            </field>
            <field name="struct_id" ref="hr_payroll_structure_cp200_employee_salary"/>
        </record>

        <record id="cp200_employees_salary_public_transport" model="hr.salary.rule">
            <field name="category_id" ref="hr_payroll_head_div_net"/>
            <field name="name">Public Transportation (Tram - Bus - Metro)</field>
            <field name="code">PUB.TRANS</field>
            <field name="amount_select">code</field>
            <field name="sequence">169</field>
            <field name="condition_select">python</field>
            <field name="condition_python">result = contract.transport_mode_public or contract.transport_mode_train</field>
            <field name="amount_python_compute">
if not categories.BASIC:
    result = 0
else:
    result = contract.public_transport_reimbursed_amount + contract.train_transport_reimbursed_amount
            </field>
            <field name="struct_id" ref="hr_payroll_structure_cp200_employee_salary"/>
        </record>

        <record id="cp200_employees_salary_private_car" model="hr.salary.rule">
            <field name="category_id" ref="hr_payroll_head_div_net"/>
            <field name="name">Private car</field>
            <field name="code">CAR.PRIV</field>
            <field name="amount_select">code</field>
            <field name="sequence">170</field>
            <field name="condition_select">python</field>
            <field name="condition_python">result = contract.transport_mode_private_car</field>
            <field name="amount_python_compute">
if not categories.BASIC:
    result = 0
else:
    result = contract.private_car_reimbursed_amount
            </field>
            <field name="struct_id" ref="hr_payroll_structure_cp200_employee_salary"/>
        </record>

        <record id="cp200_employees_salary_representation_fees" model="hr.salary.rule">
            <field name="category_id" ref="hr_payroll_head_div_net"/>
            <field name="name">Representation Fees</field>
            <field name="code">REP.FEES</field>
            <field name="amount_select">code</field>
            <field name="sequence">171</field>
            <field name="condition_select">python</field>
            <field name="condition_python">result = bool(contract.representation_fees)</field>
            <field name="amount_python_compute">
if not categories.BASIC:
    result = 0
else:
    result = contract.representation_fees
            </field>
            <field name="struct_id" ref="hr_payroll_structure_cp200_employee_salary"/>
        </record>

        <record id="cp200_employees_salary_ip" model="hr.salary.rule">
            <field name="category_id" ref="l10n_be_hr_payroll.hr_payroll_head_div_net"/>
            <field name="name">Intellectual Property</field>
            <field name="code">IP</field>
            <field name="amount_select">code</field>
            <field name="sequence">172</field>
            <field name="condition_select">python</field>
            <field name="condition_python">result = bool(contract.ip)</field>
            <field name="amount_python_compute">result = compute_ip(payslip, categories, worked_days, inputs)</field>
            <field name="struct_id" ref="hr_payroll_structure_cp200_employee_salary"/>
        </record>

        <record id="cp200_employees_salary_ip_deduction" model="hr.salary.rule">
            <field name="category_id" ref="l10n_be_hr_payroll.hr_payroll_head_div_net"/>
            <field name="name">Intellectual Property Income Deduction</field>
            <field name="code">IP.DED</field>
            <field name="amount_select">code</field>
            <field name="sequence">173</field>
            <field name="condition_select">python</field>
            <field name="condition_python">result = bool(contract.ip)</field>
            <field name="amount_python_compute">result = compute_ip_deduction(payslip, categories, worked_days, inputs)</field>
            <field name="struct_id" ref="hr_payroll_structure_cp200_employee_salary"/>
        </record>

        <record id="cp200_employees_salary_expense_refund" model="hr.salary.rule">
            <field name="condition_select">python</field>
            <field name="condition_python">
result = inputs.EXPENSES.amount > 0.0 if inputs.EXPENSES else False
            </field>
            <field name="amount_select">code</field>
            <field name="amount_python_compute">
result = inputs.EXPENSES.amount if inputs.EXPENSES else 0
            </field>
            <field name="code">EXPENSES</field>
            <field name="category_id" ref="hr_payroll.ALW"/>
            <field name="name">Refund Expenses</field>
            <field name="sequence" eval="190"/>
            <field name="struct_id" ref="hr_payroll_structure_cp200_employee_salary"/>
        </record>

        <record id="cp200_employees_salary_attachment_salary" model="hr.salary.rule">
            <field name="category_id" ref="hr_payroll_head_div_net"/>
            <field name="name">Attachment of Salary</field>
            <field name="code">ATTACH_SALARY</field>
            <field name="amount_select">code</field>
            <field name="sequence">174</field>
            <field name="condition_select">python</field>
            <field name="condition_python">result = inputs.ATTACH_SALARY</field>
            <field name="amount_python_compute">result = -inputs.ATTACH_SALARY.amount</field>
            <field name="struct_id" ref="hr_payroll_structure_cp200_employee_salary"/>
        </record>

        <record id="cp200_employees_salary_asignment_salary" model="hr.salary.rule">
            <field name="category_id" ref="hr_payroll_head_div_net"/>
            <field name="name">Assignment of Salary</field>
            <field name="code">ASSIG_SALARY</field>
            <field name="amount_select">code</field>
            <field name="sequence">174</field>
            <field name="condition_select">python</field>
            <field name="condition_python">result = inputs.ASSIG_SALARY</field>
            <field name="amount_python_compute">result = -inputs.ASSIG_SALARY.amount</field>
            <field name="struct_id" ref="hr_payroll_structure_cp200_employee_salary"/>
        </record>

        <record id="cp200_employees_salary_child_support" model="hr.salary.rule">
            <field name="category_id" ref="hr_payroll_head_div_net"/>
            <field name="name">Child Support</field>
            <field name="code">CHILD_SUPPORT</field>
            <field name="amount_select">code</field>
            <field name="sequence">174</field>
            <field name="condition_select">python</field>
            <field name="condition_python">result = inputs.CHILD_SUPPORT</field>
            <field name="amount_python_compute">result = -inputs.CHILD_SUPPORT.amount</field>
            <field name="struct_id" ref="hr_payroll_structure_cp200_employee_salary"/>
        </record>

        <!-- YTI TODO: To be dropped from 14.1 -->
        <record id="input_deduction" model="hr.payslip.input.type">
            <field name="name">Deduction</field>
            <field name="code">DEDUCTION</field>
            <field name="country_id" eval="False"/>
        </record>
        <record id="input_reimbursement" model="hr.payslip.input.type">
            <field name="name">Reimbursement</field>
            <field name="code">REIMBURSEMENT</field>
            <field name="country_id" eval="False"/>
        </record>
        <record id="cp200_employees_salary_deduction" model="hr.salary.rule">
            <field name="category_id" ref="hr_payroll.DED"/>
            <field name="name">Deduction</field>
            <field name="code">DEDUCTION</field>
            <field name="sequence">198</field>
            <field name="condition_select">python</field>
            <field name="condition_python">result = inputs.DEDUCTION</field>
            <field name="amount_select">code</field>
            <field name="amount_python_compute">result = -inputs.DEDUCTION.amount</field>
            <field name="struct_id" ref="l10n_be_hr_payroll.hr_payroll_structure_cp200_employee_salary"/>
        </record>
        <record id="cp200_employees_salary_reimbursement" model="hr.salary.rule">
            <field name="category_id" ref="hr_payroll.ALW"/>
            <field name="name">Reimbursement</field>
            <field name="code">REIMBURSEMENT</field>
            <field name="sequence">199</field>
            <field name="condition_select">python</field>
            <field name="condition_python">result = inputs.REIMBURSEMENT</field>
            <field name="amount_select">code</field>
            <field name="amount_python_compute">result = inputs.REIMBURSEMENT.amount</field>
            <field name="struct_id" ref="l10n_be_hr_payroll.hr_payroll_structure_cp200_employee_salary"/>
        </record>

        <!-- YTI TODO: 14.1 Use this input on negative net report -->
        <record id="input_negative_net" model="hr.payslip.input.type">
            <field name="name">Negative Net</field>
            <field name="code">NEGATIVE</field>
            <field name="country_id" ref="base.be"/>
        </record>
        <record id="cp200_employees_salary_negative_net" model="hr.salary.rule">
            <field name="category_id" ref="hr_payroll.DED"/>
            <field name="name">Negative Net</field>
            <field name="code">NEGATIVE</field>
            <field name="sequence">198</field>
            <field name="condition_select">python</field>
            <field name="condition_python">result = inputs.NEGATIVE</field>
            <field name="amount_select">code</field>
            <field name="amount_python_compute">result = -inputs.NEGATIVE.amount</field>
            <field name="struct_id" ref="l10n_be_hr_payroll.hr_payroll_structure_cp200_employee_salary"/>
        </record>

        <record id="cp200_employees_salary_remuneration" model="hr.salary.rule">
            <field name="category_id" ref="hr_salary_rule_category_remuneration"/>
            <field name="name">Accounting: Remuneration</field>
            <field name="code">REMUNERATION</field>
            <field name="amount_select">code</field>
            <field name="sequence">500</field>
            <field name="condition_select">none</field>
            <field name="amount_python_compute">
result = categories.BASIC + categories.COMMISSION - abs(result_rules['IP']['total'] if contract.ip else 0)</field>
            <field name="struct_id" ref="hr_payroll_structure_cp200_employee_salary"/>
            <field name="appears_on_payslip" eval="False"/>
        </record>

        <record id="cp200_employees_salary_onss_employer" model="hr.salary.rule">
            <field name="category_id" ref="hr_salary_rule_category_onss_employer"/>
            <field name="name">Accounting: ONSS (Employer)</field>
            <field name="code">ONSSEMPLOYER</field>
            <field name="sequence">502</field>
            <field name="condition_select">none</field>
            <field name="amount_select">code</field>
            <field name="amount_python_compute">result = SALARY * EMPLOYER_ONSS</field>
            <field name="partner_id" ref="res_partner_onss"/>
            <field name="struct_id" ref="hr_payroll_structure_cp200_employee_salary"/>
            <field name="appears_on_payslip" eval="False"/>
        </record>
    </data>
</odoo>
