<?xml version="1.0" encoding="utf-8"?>
<odoo>
    <record id="cp200_other_input_attachment_salary" model="hr.payslip.input.type">
        <field name="name">Attachment of Salary</field>
        <field name="code">ATTACH_SALARY</field>
        <field name="country_id" ref="base.be"/>
    </record>
    <record id="cp200_other_input_assignment_salary" model="hr.payslip.input.type">
        <field name="name">Assignment of Salary</field>
        <field name="code">ASSIG_SALARY</field>
        <field name="country_id" ref="base.be"/>
    </record>
    <record id="cp200_other_input_child_support" model="hr.payslip.input.type">
        <field name="name">Child Support</field>
        <field name="code">CHILD_SUPPORT</field>
        <field name="country_id" ref="base.be"/>
    </record>
</odoo>
