<?xml version="1.0" encoding="utf-8"?>
<odoo>
    <data>
        <!-- Salary Structure -->
        <record id="hr_payroll_structure_cp200_thirteen_month" model="hr.payroll.structure">
            <field name="name">CP200: Employees 13th Month</field>
            <field name="country_id" ref="base.be"/>
            <field name="report_id" ref="l10n_be_hr_payroll.action_report_double_holiday_13th_month"/>
            <field name="payslip_name">13th Month Slip</field>
            <field name="use_worked_day_lines" eval="False"/>
            <field name="type_id" ref="hr_contract.structure_type_employee_cp200"/>
            <field name="unpaid_work_entry_type_ids" eval="[
                (4, ref('hr_work_entry_contract.work_entry_type_unpaid_leave')),
                (4, ref('l10n_be_hr_payroll.work_entry_type_unpredictable')),
                (4, ref('l10n_be_hr_payroll.work_entry_type_long_sick')),
                (4, ref('l10n_be_hr_payroll.work_entry_type_part_sick')),
                (4, ref('l10n_be_hr_payroll.work_entry_type_notice')),
            ]"/>
        </record>

        <!-- Salary Rules -->
        <record id="cp200_employees_thirteen_month_gross_salary" model="hr.salary.rule">
            <field name="category_id" ref="hr_payroll_head_salary"/>
            <field name="name">Gross Salary</field>
            <field name="code">SALARY</field>
            <field name="sequence">20</field>
            <field name="condition_select">none</field>
            <field name="amount_select">code</field>
            <field name="amount_python_compute">
result = categories.BASIC
if contract.internet:
    result += result_rules['ATN.INT']['total']
if contract.mobile:
    result += result_rules['ATN.MOB']['total']
            </field>
            <field name="appears_on_payslip" eval="False"/>
            <field name="struct_id" ref="hr_payroll_structure_cp200_thirteen_month"/>
        </record>

        <record id="cp200_employees_thirteen_month_onss_rule" model="hr.salary.rule">
            <field name="category_id" ref="hr_payroll_head_onss"/>
            <field name="name">Social contribution</field>
            <field name="code">ONSS</field>
            <field name="sequence">41</field>
            <field name="condition_select">none</field>
            <field name="amount_select">percentage</field>
            <field name="amount_percentage_base">SALARY</field>
            <field name="amount_percentage">-13.07</field>
            <field name="partner_id" ref="res_partner_onss"/>
            <field name="struct_id" ref="hr_payroll_structure_cp200_thirteen_month"/>
        </record>
    
        <record id="cp200_employees_thirteen_month_p_p" model="hr.salary.rule">
            <field name="category_id" ref="hr_payroll_head_pp"/>
            <field name="name">Withholding Tax</field>
            <field name="code">P.P</field>
            <field name="sequence">102</field>
            <field name="condition_select">none</field>
            <field name="amount_select">code</field>
            <field name="amount_python_compute">result = compute_thirteen_month_withholding_taxes(payslip, categories, worked_days, inputs)</field>
            <field name="struct_id" ref="hr_payroll_structure_cp200_thirteen_month"/>
        </record>

        <record id="cp200_employees_thirteen_month_mis_ex_onss" model="hr.salary.rule">
            <field name="category_id" ref="hr_salary_rule_category_spec_soc_contribution"/>
            <field name="name">Special social cotisation</field>
            <field name="code">M.ONSS</field>
            <field name="amount_select">fix</field>
            <field name="sequence">165</field>
            <field name="appears_on_payslip" eval="True"/>
            <field name="amount_select">code</field>
            <field name="amount_python_compute">result = compute_special_social_cotisations(payslip, categories, worked_days, inputs)</field>
            <field name="struct_id" ref="hr_payroll_structure_cp200_thirteen_month"/>
        </record>

        <record id="cp200_employees_thirteen_month_salary_attachment_salary" model="hr.salary.rule">
            <field name="category_id" ref="hr_payroll_head_div_net"/>
            <field name="name">Attachment of Salary</field>
            <field name="code">ATTACH_SALARY</field>
            <field name="amount_select">code</field>
            <field name="sequence">174</field>
            <field name="condition_select">python</field>
            <field name="condition_python">result = inputs.ATTACH_SALARY</field>
            <field name="amount_python_compute">result = -inputs.ATTACH_SALARY.amount</field>
            <field name="struct_id" ref="hr_payroll_structure_cp200_thirteen_month"/>
        </record>

        <record id="cp200_employees_thirteen_month_salary_asignment_salary" model="hr.salary.rule">
            <field name="category_id" ref="hr_payroll_head_div_net"/>
            <field name="name">Assignment of Salary</field>
            <field name="code">ASSIG_SALARY</field>
            <field name="amount_select">code</field>
            <field name="sequence">174</field>
            <field name="condition_select">python</field>
            <field name="condition_python">result = inputs.ASSIG_SALARY</field>
            <field name="amount_python_compute">result = -inputs.ASSIG_SALARY.amount</field>
            <field name="struct_id" ref="hr_payroll_structure_cp200_thirteen_month"/>
        </record>

        <record id="cp200_employees_thirteen_month_salary_child_support" model="hr.salary.rule">
            <field name="category_id" ref="hr_payroll_head_div_net"/>
            <field name="name">Child Support</field>
            <field name="code">CHILD_SUPPORT</field>
            <field name="amount_select">code</field>
            <field name="sequence">174</field>
            <field name="condition_select">python</field>
            <field name="condition_python">result = inputs.CHILD_SUPPORT</field>
            <field name="amount_python_compute">result = -inputs.CHILD_SUPPORT.amount</field>
            <field name="struct_id" ref="hr_payroll_structure_cp200_thirteen_month"/>
        </record>

    </data>
</odoo>
