<?xml version="1.0" encoding="utf-8"?>
<odoo noupdate="1">

    <record id="l10n_lu_reports_electronic.ir_cron_load_xsd_file" model="ir.cron">
        <field name="name">Load XSD File (Luxembourg Electronic Accounting Reports)</field>
        <!-- To be executed only once, at module install. Loads an XSD for validating xml formatted financial reports. -->
        <field name="numbercall">1</field>
        <field name="model_id" ref="base.model_ir_attachment" />
        <!-- Highest priority at time of module install. -->
        <field name="priority" eval="0"/>
        <field name="state">code</field>
        <field name="code">model._load_xsd_lu_electronic_files()</field>
    </record>

</odoo>
