<?xml version="1.0" encoding="utf-8"?>
<odoo>
    <data noupdate="0">

        <record id="industry_fsm.group_fsm_manager" model="res.groups">
            <field name="implied_ids" eval="[(4, ref('sales_team.group_sale_manager')), (4, ref('account.group_account_invoice'))]"/>
        </record>

        <record id="group_fsm_quotation_from_task" model="res.groups">
            <field name="name">Create new quotations directly from the tasks</field>
            <field name="category_id" ref="base.module_category_hidden"/>
        </record>

    </data>
</odoo>
