<odoo>
    <record id="stock_barcode_picking_batch_client_action" model="ir.actions.client">
        <field name="name">Barcode Batch Picking Client Action</field>
        <field name="tag">stock_barcode_picking_batch_client_action</field>
    </record>

    <record id="stock_barcode_picking_batch_create_client_action" model="ir.actions.client">
        <field name="name">Barcode Batch Picking Create Client Action</field>
        <field name="tag">stock_barcode_picking_batch_create_client_action</field>
    </record>
</odoo>
