<?xml version="1.0" encoding="utf-8"?>
<odoo>
<data noupdate="1">
    <!-- Create some cluster packages -->
    <record id="stock_picking_batch_package_01" model="stock.quant.package">
        <field name="name">CLUSTER-PACK-1</field>
        <field name="package_use">reusable</field>
    </record>
    <record id="stock_picking_batch_package_02" model="stock.quant.package">
        <field name="name">CLUSTER-PACK-2</field>
        <field name="package_use">reusable</field>
    </record>
</data>
</odoo>
