<?xml version="1.0" encoding="utf-8"?>
<odoo>
    <data noupdate="1">

        <!-- Folders -->

        <record id="documents_fleet_folder" model="documents.folder">
            <field name="name">Fleet</field>
            <field name="group_ids" eval="[(4, ref('fleet.fleet_group_manager'))]"/>
            <field name="read_group_ids" eval="[(4, ref('base.group_user'))]"/>
            <field name="user_specific">True</field>
            <field name="sequence">14</field>
        </record>

        <!-- Facets -->

        <record id="documents_fleet" model="documents.facet">
            <field name="name">Fleet</field>
            <field name="sequence">5</field>
            <field name="folder_id" ref="documents_fleet_folder"/>
        </record>

        <!-- Tags -->

        <record id="documents_vehicles" model="documents.tag">
            <field name="name">Vehicles Documents</field>
            <field name="facet_id" ref="documents_fleet"/>
            <field name="sequence">14</field>
        </record>

        <record id="documents_fine" model="documents.tag">
            <field name="name">Fine</field>
            <field name="facet_id" ref="documents_fleet"/>
            <field name="sequence">15</field>
        </record>

    </data>
</odoo>
