<?xml version="1.0" encoding="UTF-8"?>
<templates id="template" xml:space="preserve">

     <t t-name="OrderReceipt" t-inherit="point_of_sale.OrderReceipt" t-inherit-mode="extension" owl="1">
        <xpath expr="//div[hasclass('pos-receipt')]//div[hasclass('before-footer')]" position="inside">
            <t t-if='receipt.loyalty'>
                <div class='loyalty'>
                    <span class="pos-receipt-center-align">
                        <div>--------------------------------</div>
                        <br/>
                        <div t-esc='receipt.loyalty.name' class="pos-receipt-title"/>
                        <br />
                        <div><t t-esc='receipt.loyalty.client' /></div>
                        <br/>
                    </span>
                    <t t-if='receipt.loyalty.points_won'>
                        <div>Points Won: <span t-esc='receipt.loyalty.points_won' class="pos-receipt-right-align"/></div>
                    </t>
                    <t t-if='receipt.loyalty.points_spent'>
                        <div>Points Spent: <span t-esc='receipt.loyalty.points_spent' class="pos-receipt-right-align"/></div>
                    </t>
                    <t t-if='receipt.loyalty.points_total'>
                        <div>Total Points: <span t-esc='receipt.loyalty.points_total' class="pos-receipt-right-align"/></div>
                    </t>
                    <br />
                </div>
            </t>
        </xpath>
    </t>

 </templates>
