<?xml version="1.0" encoding="utf-8"?>
<odoo>
    <data>
        <record id="demo_certificate" model="l10n_mx_edi.certificate">
            <field name="content" type="base64" file="l10n_mx_edi/demo/pac_credentials/certificate.cer"/>
            <field name="key" type="base64" file="l10n_mx_edi/demo/pac_credentials/certificate.key"/>
            <field name="password">12345678a</field>
        </record>

        <record id="base.main_partner" model="res.partner">
            <field name="vat">EKU9003173C9</field>
            <field name="street_name">Campobasso Norte</field>
            <field name="street2">Fraccionamiento Montecarlo</field>
            <field name="street_number">3206</field>
            <field name="street_number2">9000</field>
            <field name="zip">85134</field>
            <field name="city">Ciudad Obregón</field>
            <field name="state_id" ref="base.state_mx_son"/>
            <field name="country_id" ref="base.mx"/>
        </record>

        <record id="base.main_company" model="res.company">
            <field name="l10n_mx_edi_pac">finkok</field>
            <field name="l10n_mx_edi_pac_test_env">True</field>
            <field name="l10n_mx_edi_fiscal_regime">601</field>
            <field name="l10n_mx_edi_certificate_ids" eval="[(6, 0, [ref('demo_certificate')])]"/>
        </record>
    </data>
</odoo>
