<?xml version="1.0" encoding="UTF-8"?>
<templates id="template" xml:space="preserve">

<t t-name="web_enterprise.SearchPanel.Mobile" owl="1">
    <!-- Mobile search -->
    <Portal target="'body'" t-if="state.showMobileSearch">
        <div class="o_search_panel o_searchview o_mobile_search">
            <div class="o_mobile_search_header">
                <button type="button" class="o_mobile_search_button btn"
                    t-on-click="state.showMobileSearch = false"
                    >
                    <i class="fa fa-arrow-left"/>
                    <strong class="ml8">FILTER</strong>
                </button>
            </div>
            <div class="o_mobile_search_content">
                <t t-call="web.SearchPanel"/>
            </div>
            <button type="button" class="btn btn-primary o_mobile_search_footer"
                t-on-click.stop="state.showMobileSearch = false"
                >
                <t>SEE RESULT</t>
            </button>
        </div>
    </Portal>
    <!-- Summary header -->
    <div t-else="" class="o_search_panel o_search_panel_summary" t-on-click="state.showMobileSearch = true">
        <t t-set="categories" t-value="_getCategorySelection()"/>
        <t t-set="filters" t-value="_getFilterSelection()"/>
        <div class="d-flex align-items-center">
            <i class="fa fa-fw fa-filter"/>
            <div class="o_search_panel_current_selection text-truncate ml-2 mr-auto">
                <t t-if="!categories.length and !filters.length">All</t>
                <t t-else="">
                    <span t-foreach="categories" t-as="category" t-key="category.id"
                        class="o_search_panel_category mr-1"
                        >
                        <i t-if="category.icon"
                            t-attf-class="o_search_panel_section_icon fa {{ category.icon }} mr-1"
                            t-att-style="category.color and ('color: ' + category.color)"
                        />
                        <t t-esc="category.values.join('/')"/>
                    </span>
                    <span t-foreach="filters" t-as="filter" t-key="filter.id"
                        class="o_search_panel_filter mr-1"
                        >
                        <i t-if="filter.icon"
                            t-attf-class="o_search_panel_section_icon fa {{ filter.icon }} mr-1"
                            t-att-style="filter.color and ('color: ' + filter.color)"
                        />
                        <t t-esc="filter.values.join(', ')"/>
                    </span>
                </t>
            </div>
        </div>
    </div>
</t>

</templates>
