<?xml version='1.0' encoding='utf-8'?>
<odoo>
    <record id="group_social_user" model="res.groups">
        <field name="name">Social Poster</field>
        <field name="implied_ids" eval="[(4, ref('base.group_user'))]"/>
        <field name="category_id" ref="base.module_category_marketing_social_marketing"/>
    </record>

    <record id="group_social_manager" model="res.groups">
        <field name="name">Social Manager</field>
        <field name="users" eval="[(4, ref('base.user_root')), (4, ref('base.user_admin'))]"/>
        <field name="category_id" ref="base.module_category_marketing_social_marketing"/>
        <field name="implied_ids" eval="[(4, ref('group_social_user'))]"/>
    </record>

    <data noupdate="1">

    <record id="social_post_rule_social_manager" model="ir.rule">
        <field name="name">Social: manager: all</field>
        <field name="model_id" ref="social.model_social_post"/>
        <field name="domain_force">[(1, '=', 1)]</field>
        <field name="groups" eval="[(4, ref('group_social_manager'))]"/>
        <field name="perm_unlink" eval="1"/>
        <field name="perm_write" eval="1"/>
        <field name="perm_read" eval="1"/>
        <field name="perm_create" eval="1"/>
    </record>

    <record id="social_post_rule_social_user_rcwu" model="ir.rule">
        <field name="name">Social: user: read/create/write/unlink own posts only</field>
        <field name="model_id" ref="social.model_social_post"/>
        <field name="domain_force">[('create_uid', '=', user.id)]</field>
        <field name="groups" eval="[(4, ref('group_social_user'))]"/>
        <field name="perm_unlink" eval="1"/>
        <field name="perm_write" eval="1"/>
        <field name="perm_read" eval="1"/>
        <field name="perm_create" eval="1"/>
    </record>

    <record id="social_stream_rule_social_manager" model="ir.rule">
        <field name="name">Social: manager: all</field>
        <field name="model_id" ref="social.model_social_stream"/>
        <field name="domain_force">[(1, '=', 1)]</field>
        <field name="groups" eval="[(4, ref('group_social_manager'))]"/>
        <field name="perm_unlink" eval="1"/>
        <field name="perm_write" eval="1"/>
        <field name="perm_read" eval="1"/>
        <field name="perm_create" eval="1"/>
    </record>

    <record id="social_stream_rule_social_user_rcwu" model="ir.rule">
        <field name="name">Social: user: create/write/unlink own streams only</field>
        <field name="model_id" ref="social.model_social_stream"/>
        <field name="domain_force">[('create_uid', '=', user.id)]</field>
        <field name="groups" eval="[(4, ref('group_social_user'))]"/>
        <field name="perm_unlink" eval="1"/>
        <field name="perm_write" eval="1"/>
        <field name="perm_read" eval="0"/>
        <field name="perm_create" eval="1"/>
    </record>
    </data>
</odoo>
