<?xml version="1.0" encoding="utf-8"?>
<odoo noupdate="1">
    <!-- Allow read certificates of my company or orphan ones -->
    <record id="sat_digital_certificate" model="ir.rule">
        <field name="name">SAT Digital Certificate</field>
        <field name="model_id" ref="l10n_mx_edi.model_l10n_mx_edi_certificate"/>
        <field name="active">True</field>
        <field name="perm_read">True</field>
        <field name="perm_write">False</field>
        <field name="perm_create">False</field>
        <field name="perm_unlink">False</field>
        <field name="domain_force">['|',
            ('id','in',user.env['res.company'].browse(company_id).l10n_mx_edi_certificate_ids.ids),
            ('id','not in',user.env['res.company'].sudo().search([]).mapped('l10n_mx_edi_certificate_ids').ids)]</field>
    </record>
</odoo>
