<?xml version="1.0" encoding="utf-8"?>
<odoo>
    <template id="assets_mail_themes" inherit_id="mass_mailing.assets_mail_themes">
        <xpath expr="//link[last()]" position="after">
            <link rel="stylesheet" type="text/scss" href="/mass_mailing_themes/static/src/scss/themes/theme_airmail.scss"/>
            <link rel="stylesheet" type="text/scss" href="/mass_mailing_themes/static/src/scss/themes/theme_newsletter.scss"/>
            <link rel="stylesheet" type="text/scss" href="/mass_mailing_themes/static/src/scss/themes/theme_resto.scss"/>
            <link rel="stylesheet" type="text/scss" href="/mass_mailing_themes/static/src/scss/themes/theme_tech.scss"/>
            <link rel="stylesheet" type="text/scss" href="/mass_mailing_themes/static/src/scss/themes/theme_bold.scss"/>
            <link rel="stylesheet" type="text/scss" href="/mass_mailing_themes/static/src/scss/themes/theme_expo.scss"/>
            <link rel="stylesheet" type="text/scss" href="/mass_mailing_themes/static/src/scss/themes/theme_solar.scss"/>
        </xpath>
    </template>
</odoo>
