<?xml version="1.0" encoding="utf-8"?>
<odoo noupdate="1">

    <record id="ir_cron_load_xsd_file" model="ir.cron">
        <field name="name">Load XSD File (Norway SAFT)</field>
        <field name="model_id" ref="base.model_ir_attachment" />
        <!-- Highest priority at time of module install. -->
        <field name="priority" eval="0"/>
        <field name="state">code</field>
        <field name="code">model._load_xsd_saft(url='https://raw.githubusercontent.com/Skatteetaten/saf-t/master/Norwegian_SAF-T_Financial_Schema_v_1.10.xsd', module_name='l10n_no_saft')</field>
        <!-- Setting `nextcall` date relatively old to make sure this cron runs right after module installation finishes. -->
        <field name="nextcall" eval="(DateTime.now() + relativedelta(years=-1)).strftime('%Y-%m-%d %H:%M:%S')"/>
    </record>

</odoo>
