<?xml version="1.0" encoding="UTF-8"?>
<templates id="template" xml:space="preserve">
    <t t-name="OrderReceipt" t-inherit="point_of_sale.OrderReceipt" t-inherit-mode="extension" owl="1">
        <xpath expr="//div[hasclass('before-footer')]" position="inside">
            <t t-if="'tss' in receipt">
                <t t-foreach="receipt.tss" t-as="info" t-key="info">
                    <div class="tss-info">
                        <span t-esc="info_value.name"/>
                        <span t-esc='info_value.value' t-attf-class="{{ (info_value.name == 'TSE-Seriennummer' or info_value.name == 'TSE-Signatur' or info_value.name == 'TSE-PublicKey') ? 'tss-info-long-value' : 'pos-receipt-right-align' }}"/>
                    </div>
                </t>
            </t>
            <t t-elif="receipt['test_environment']">
                This is a TEST receipt. Go to your company settings to be in a production environment.
            </t>
            <t t-elif="receipt['tss_issue']">
                This receipt is invalid because of TSS issue.
            </t>
        </xpath>
    </t>
</templates>
