<?xml version="1.0" encoding="utf-8"?>
<odoo>
    <record id="uom.product_uom_cm" model="uom.uom">
        <field name="unspsc_code_id" ref="product_unspsc.unspsc_code_CMT"/>
    </record>
    <record id="uom.product_uom_qt" model="uom.uom">
        <field name="unspsc_code_id" ref="product_unspsc.unspsc_code_QTR"/>
    </record>
    <record id="uom.product_uom_day" model="uom.uom">
        <field name="unspsc_code_id" ref="product_unspsc.unspsc_code_E49"/>
    </record>
    <record id="uom.product_uom_dozen" model="uom.uom">
        <field name="unspsc_code_id" ref="product_unspsc.unspsc_code_DPC"/>
    </record>
    <record id="uom.product_uom_floz" model="uom.uom">
        <field name="unspsc_code_id" ref="product_unspsc.unspsc_code_OZA"/>
    </record>
    <record id="uom.product_uom_gram" model="uom.uom">
        <field name="unspsc_code_id" ref="product_unspsc.unspsc_code_GRM"/>
    </record>
    <record id="uom.product_uom_gal" model="uom.uom">
        <field name="unspsc_code_id" ref="product_unspsc.unspsc_code_A76"/>
    </record>
    <record id="uom.product_uom_hour" model="uom.uom">
        <field name="unspsc_code_id" ref="product_unspsc.unspsc_code_LH"/>
    </record>
    <record id="uom.product_uom_kgm" model="uom.uom">
        <field name="unspsc_code_id" ref="product_unspsc.unspsc_code_KGM"/>
    </record>
    <record id="uom.product_uom_km" model="uom.uom">
        <field name="unspsc_code_id" ref="product_unspsc.unspsc_code_KMT"/>
    </record>
    <record id="uom.product_uom_lb" model="uom.uom">
        <field name="unspsc_code_id" ref="product_unspsc.unspsc_code_LBR"/>
    </record>
    <record id="uom.product_uom_litre" model="uom.uom">
        <field name="unspsc_code_id" ref="product_unspsc.unspsc_code_LTR"/>
    </record>
    <record id="uom.product_uom_meter" model="uom.uom">
        <field name="unspsc_code_id" ref="product_unspsc.unspsc_code_MTR"/>
    </record>
    <record id="uom.product_uom_mile" model="uom.uom">
        <field name="unspsc_code_id" ref="product_unspsc.unspsc_code_M52"/>
    </record>
    <record id="uom.product_uom_oz" model="uom.uom">
        <field name="unspsc_code_id" ref="product_unspsc.unspsc_code_ONZ"/>
    </record>
    <record id="uom.product_uom_foot" model="uom.uom">
        <field name="unspsc_code_id" ref="product_unspsc.unspsc_code_FOT"/>
    </record>
    <record id="uom.product_uom_inch" model="uom.uom">
        <field name="unspsc_code_id" ref="product_unspsc.unspsc_code_INH"/>
    </record>
    <record id="uom.product_uom_ton" model="uom.uom">
        <field name="unspsc_code_id" ref="product_unspsc.unspsc_code_NT"/>
    </record>
    <record id="uom.product_uom_unit" model="uom.uom">
        <field name="unspsc_code_id" ref="product_unspsc.unspsc_code_H87"/>
    </record>
</odoo>
