id,name,model_id:id,group_id:id,perm_read,perm_write,perm_create,perm_unlink
access_l10n_lu_generate_xml,l10n_lu_reports_electronic_xml_2_0.l10n_lu.generate.xml,model_l10n_lu_generate_xml,account.group_account_manager,1,1,1,1
access_l10n_lu_generate_accounts_report,l10n_lu_reports_electronic_xml_2_0.l10n_lu.generate.accounts.report,model_l10n_lu_generate_accounts_report,account.group_account_manager,1,1,1,1
access_l10n_lu_generate_tax_report,l10n_lu_reports_electronic_xml_2_0.l10n_lu.generate.tax.report,model_l10n_lu_generate_tax_report,account.group_account_manager,1,1,1,1
access_l10n_lu_yearly_tax_report_manual,l10n_lu_reports_electronic_xml_2_0.l10n_lu.yearly.tax.report.manual,model_l10n_lu_yearly_tax_report_manual,account.group_account_manager,1,1,1,1
access_l10n_lu_generate_vat_intra_report,l10n_lu_reports_electronic_xml_2_0.l10n_lu.generate.vat.intra.report,model_l10n_lu_generate_vat_intra_report,account.group_account_manager,1,1,1,1
access_l10n_lu_stored_intra_report,l10n_lu_reports_electronic_xml_2_0.l10n_lu.stored.intra.report,model_l10n_lu_stored_intra_report,account.group_account_manager,1,1,1,1
