<?xml version="1.0" encoding="UTF-8"?>
<templates xml:space="preserve">
    <t t-name="social.StreamPostCommentsOriginalPost" t-extend="social.StreamPostCommentsOriginalPost">
        <t t-jquery="span.o_social_original_post_author_image" t-operation="append">
            <img t-if="originalPost.authorImage" t-att-src="originalPost.authorImage" alt="Author Image"/>
        </t>
         <t t-jquery="div.o_social_comments_modal_original_post_content" t-operation="append">
            <div class="text-left"
                t-if="originalPost.mediaType === 'linkedin'">
                <div t-attf-class="o_social_linkedin_likes pl-2 pr-3"
                    t-att-data-post-id="originalPost.postId">
                    <i class="fa fa-thumbs-up" title="Likes"/>
                    <b class="o_social_likes_count" t-esc="originalPost.likesCount !== 0 ? originalPost.likesCount : ''"/>
                </div>
            </div>
        </t>

    </t>
</templates>
