<?xml version="1.0" encoding="utf-8"?>
<odoo>
    <data>
        <record id="cp200_employees_salary_impulsion_25yo" model="hr.salary.rule">
            <field name="category_id" ref="l10n_be_hr_payroll.hr_payroll_head_div_net"/>
            <field name="name">Net part payable by the Onem (&lt; 25 years old)</field>
            <field name="code">IMPULSION25</field>
            <field name="sequence">166</field>
            <field name="condition_select">python</field>
            <field name="condition_python">result = bool(contract.l10n_be_impulsion_plan) and contract.l10n_be_impulsion_plan == '25yo'</field>
            <field name="amount_select">code</field>
            <field name="amount_python_compute">result = - compute_impulsion_plan_amount(payslip, categories, worked_days, inputs)
            </field>
            <field name="struct_id" ref="l10n_be_hr_payroll.hr_payroll_structure_cp200_employee_salary"/>
        </record>

        <record id="cp200_employees_salary_impulsion_12mo" model="hr.salary.rule">
            <field name="category_id" ref="l10n_be_hr_payroll.hr_payroll_head_div_net"/>
            <field name="name">Net part payable by the Onem (12+ months)</field>
            <field name="code">IMPULSION12</field>
            <field name="sequence">166</field>
            <field name="condition_select">python</field>
            <field name="condition_python">result = bool(contract.l10n_be_impulsion_plan) and contract.l10n_be_impulsion_plan == '12mo'</field>
            <field name="amount_select">code</field>
            <field name="amount_python_compute">result = - compute_impulsion_plan_amount(payslip, categories, worked_days, inputs)
            </field>
            <field name="struct_id" ref="l10n_be_hr_payroll.hr_payroll_structure_cp200_employee_salary"/>
        </record>
    </data>
</odoo>
