id,name,model_id:id,group_id:id,perm_read,perm_write,perm_create,perm_unlink
access_voip_configurator_manager,voip.voip,model_voip_configurator,base.group_system,1,1,1,1
access_voip_configurator_user,voip.voip,model_voip_configurator,base.group_user,1,0,0,0
access_voip_phonecall_manager,voip_phonecall_manager,model_voip_phonecall,base.group_system,1,1,1,1
access_voip_phonecall_user,voip_phonecall_user,model_voip_phonecall,base.group_user,1,1,1,0
access_voip_phonecall_report_manager,voip_phonecall_report_manager,model_voip_phonecall_report,base.group_system,1,1,1,1
access_voip_phonecall_report_user,voip_phonecall_report_user,model_voip_phonecall_report,base.group_user,1,0,0,0
access_voip_phonecall_log_wizard,access.voip.phonecall.log.wizard,model_voip_phonecall_log_wizard,base.group_user,1,1,1,0
