id,name,model_id:id,group_id:id,perm_read,perm_write,perm_create,perm_unlink
access_rental_pricing_sale_user,rental.pricing.sale.user,model_rental_pricing,sales_team.group_sale_salesman,1,0,0,0
access_rental_pricing_sale_manager,rental.pricing salemanager,model_rental_pricing,sales_team.group_sale_manager,1,1,1,1
access_sale_rental_report_salesman,rental.report,model_sale_rental_report,sales_team.group_sale_salesman,1,0,0,0
access_sale_rental_report_manager,rental.report,model_sale_rental_report,sales_team.group_sale_manager,1,0,0,0
access_sale_rental_schedule_salesman,rental.schedule,model_sale_rental_schedule,sales_team.group_sale_salesman,1,0,0,0
access_sale_rental_schedule_manager,rental.schedule,model_sale_rental_schedule,sales_team.group_sale_manager,1,0,0,0
access_rental_wizard,access.rental.wizard,model_rental_wizard,sales_team.group_sale_salesman,1,1,1,0
access_rental_order_wizard,access.rental.order.wizard,model_rental_order_wizard,sales_team.group_sale_salesman,1,1,1,0
access_rental_order_wizard_line,access.rental.order.wizard.line,model_rental_order_wizard_line,sales_team.group_sale_salesman,1,1,1,0
