<?xml version="1.0" encoding="UTF-8"?>
<odoo noupdate="1">

    <record model="ir.rule" id="rental_report_comp_rule">
        <field name="name">Sales Order multi-company</field>
        <field name="model_id" ref="model_sale_rental_report"/>
        <field name="domain_force">[('company_id', 'in', company_ids)]</field>
    </record>

    <record model="ir.rule" id="rental_schedule_comp_rule">
        <field name="name">Sales Order multi-company</field>
        <field name="model_id" ref="model_sale_rental_schedule"/>
        <field name="domain_force">[('company_id', 'in', company_ids)]</field>
    </record>

</odoo>
