<?xml version="1.0" encoding="utf-8"?>
<odoo>
    <data>
    <!-- source: https://dejure.org/gesetze/HGB/266.html -->

    <record id="balance_sheet_l10n_de" model="account.financial.html.report">
        <field name="name">Balance Sheet</field>
        <field name="analytic" eval="False"/>
        <field name="unfold_all_filter" eval="True"/>
        <field name="show_journal_filter" eval="False"/>
        <field name='parent_id' ref='l10n_de.account_reports_de_statements_menu'/>
    </record>

    <!-- Total -->
    <record id="skr_asset_total" model="account.financial.html.report.line">
        <field name="name">Aktivseite</field>
        <field name="code">SKR_BS_ASSET_TOTAL</field>
        <field name="financial_report_id" ref="balance_sheet_l10n_de"/>
        <field name="formulas">SKR_BS_ASSET_A + SKR_BS_ASSET_B + SKR_BS_ASSET_C + SKR_BS_ASSET_D + SKR_BS_ASSET_E</field>
        <field name="sequence" eval="1"/>
        <field name="level" eval="0" />
    </record>

    <record id="skr_liabilities_total" model="account.financial.html.report.line">
        <field name="name">Passivseite</field>
        <field name="code">SKR_BS_LIABILITIES_TOTAL</field>
        <field name="financial_report_id" ref="balance_sheet_l10n_de"/>
        <field name="formulas">SKR_BS_LIABILITIES_A + SKR_BS_LIABILITIES_B + SKR_BS_LIABILITIES_C + SKR_BS_LIABILITIES_D + SKR_BS_LIABILITIES_E + SKR_BS_LIABILITIES_F</field>
        <field name="sequence" eval="2"/>
        <field name="level" eval="0" />
    </record>

    <record id="account_financial_report_de_off_sheet" model="account.financial.html.report.line">
        <field name="name">OFF BALANCE SHEET ACCOUNTS</field>
        <field name="code">DE_OS</field>
        <field name="financial_report_id" ref="balance_sheet_l10n_de"/>
        <field name="domain" eval="[('account_id.user_type_id', '=', ref('account.data_account_off_sheet'))]"/>
        <field name="groupby">account_id</field>
        <field name="formulas">-sum</field>
        <field name="sequence" eval="3"/>
        <field name="level" eval="0"/>
        <field name="hide_if_empty" eval="1"/>
    </record>


    <!-- Asset -->
    <record id="skr_bs_asset_a" model="account.financial.html.report.line">
        <field name="name">A. Anlagevermögen</field>
        <field name="code">SKR_BS_ASSET_A</field>
        <field name="formulas">SKR_BS_ASSET_A1 + SKR_BS_ASSET_A2 + SKR_BS_ASSET_A3</field>
        <field name="parent_id" ref='skr_asset_total'/>
        <field name="sequence" eval="1"/>
        <field name="level" eval="1" />
    </record>
    <record id="skr_bs_asset_b" model="account.financial.html.report.line">
        <field name="name">B. Umlaufvermögen</field>
        <field name="code">SKR_BS_ASSET_B</field>
        <field name="formulas">SKR_BS_ASSET_B1 + SKR_BS_ASSET_B2 + SKR_BS_ASSET_B3 + SKR_BS_ASSET_B4</field>
        <field name="parent_id" ref='skr_asset_total'/>
        <field name="sequence" eval="2"/>
        <field name="level" eval="1" />
    </record>
    <record id="skr_bs_asset_c" model="account.financial.html.report.line">
        <field name="name">C. Rechnungsabgrenzungsposten</field>
        <field name="code">SKR_BS_ASSET_C</field>
        <field name="formulas">sum</field>
        <field name="parent_id" ref='skr_asset_total'/>
        <field name="domain" eval="[('account_id.tag_ids', 'in', [ref('l10n_de.tag_de_asset_bs_C')])]"/>
        <field name="groupby">account_id</field>
        <field name="sequence" eval="3"/>
        <field name="level" eval="1" />
    </record>
    <record id="skr_bs_asset_d" model="account.financial.html.report.line">
        <field name="name">D. Aktive latente Steuern</field>
        <field name="code">SKR_BS_ASSET_D</field>
        <field name="formulas">sum</field>
        <field name="parent_id" ref='skr_asset_total'/>
        <field name="domain" eval="[('account_id.tag_ids', 'in', [ref('l10n_de.tag_de_asset_bs_D')])]"/>
        <field name="groupby">account_id</field>
        <field name="sequence" eval="4"/>
        <field name="level" eval="1" />
    </record>
    <record id="skr_bs_asset_e" model="account.financial.html.report.line">
        <field name="name">E. Aktiver Unterschiedsbetrag aus der Vermögensverrechnung</field>
        <field name="code">SKR_BS_ASSET_E</field>
        <field name="formulas">sum</field>
        <field name="parent_id" ref='skr_asset_total'/>
        <field name="domain" eval="[('account_id.tag_ids', 'in', [ref('l10n_de.tag_de_asset_bs_E')])]"/>
        <field name="groupby">account_id</field>
        <field name="sequence" eval="5"/>
        <field name="level" eval="1" />
    </record>

    <!-- Asset A sublevel -->
    <record id="skr_bs_asset_a_i" model="account.financial.html.report.line">
        <field name="name">I. Immaterielle Vermögensgegenstände</field>
        <field name="code">SKR_BS_ASSET_A1</field>
        <field name="formulas">SKR_BS_ASSET_A11 + SKR_BS_ASSET_A12 + SKR_BS_ASSET_A13 + SKR_BS_ASSET_A14</field>
        <field name="parent_id" ref='skr_bs_asset_a'/>
        <field name="sequence" eval="1"/>
        <field name="level" eval="2" />
    </record>
    <record id="skr_bs_asset_a_ii" model="account.financial.html.report.line">
        <field name="name">II. Sachanlagen</field>
        <field name="code">SKR_BS_ASSET_A2</field>
        <field name="formulas">SKR_BS_ASSET_A21 + SKR_BS_ASSET_A22 + SKR_BS_ASSET_A23 + SKR_BS_ASSET_A24</field>
        <field name="parent_id" ref='skr_bs_asset_a'/>
        <field name="sequence" eval="2"/>
        <field name="level" eval="2" />
    </record>
    <record id="skr_bs_asset_a_iii" model="account.financial.html.report.line">
        <field name="name">III. Finanzanlagen</field>
        <field name="code">SKR_BS_ASSET_A3</field>
        <field name="formulas">SKR_BS_ASSET_A31 + SKR_BS_ASSET_A32 + SKR_BS_ASSET_A33 + SKR_BS_ASSET_A34 + SKR_BS_ASSET_A35 + SKR_BS_ASSET_A36</field>
        <field name="parent_id" ref='skr_bs_asset_a'/>
        <field name="sequence" eval="3"/>
        <field name="level" eval="2" />
    </record>

    <!-- Asset A I sublevel -->
    <record id="skr_bs_asset_a_i_1" model="account.financial.html.report.line">
        <field name="name">1. Selbst geschaffene gewerbliche Schutzrechte und ähnliche Rechte und Werte</field>
        <field name="code">SKR_BS_ASSET_A11</field>
        <field name="formulas">sum</field>
        <field name="parent_id" ref='skr_bs_asset_a_i'/>
        <field name="domain" eval="[('account_id.tag_ids', 'in', [ref('l10n_de.tag_de_asset_bs_A_I_1')])]"/>
        <field name="groupby">account_id</field>
        <field name="sequence" eval="1"/>
        <field name="level" eval="3" />
    </record>
    <record id="skr_bs_asset_a_i_2" model="account.financial.html.report.line">
        <field name="name">2. Konzessionen, Lizenzen und ähnliche Rechte und Werte</field>
        <field name="code">SKR_BS_ASSET_A12</field>
        <field name="formulas">sum</field>
        <field name="parent_id" ref='skr_bs_asset_a_i'/>
        <field name="domain" eval="[('account_id.tag_ids', 'in', [ref('l10n_de.tag_de_asset_bs_A_I_2')])]"/>
        <field name="groupby">account_id</field>
        <field name="sequence" eval="2"/>
        <field name="level" eval="3" />
    </record>
    <record id="skr_bs_asset_a_i_3" model="account.financial.html.report.line">
        <field name="name">3. Geschäfts- oder Firmenwert</field>
        <field name="code">SKR_BS_ASSET_A13</field>
        <field name="formulas">sum</field>
        <field name="parent_id" ref='skr_bs_asset_a_i'/>
        <field name="domain" eval="[('account_id.tag_ids', 'in', [ref('l10n_de.tag_de_asset_bs_A_I_3')])]"/>
        <field name="groupby">account_id</field>
        <field name="sequence" eval="3"/>
        <field name="level" eval="3" />
    </record>
    <record id="skr_bs_asset_a_i_4" model="account.financial.html.report.line">
        <field name="name">4. geleistete Anzahlungen</field>
        <field name="code">SKR_BS_ASSET_A14</field>
        <field name="formulas">sum</field>
        <field name="parent_id" ref='skr_bs_asset_a_i'/>
        <field name="domain" eval="[('account_id.tag_ids', 'in', [ref('l10n_de.tag_de_asset_bs_A_I_4')])]"/>
        <field name="groupby">account_id</field>
        <field name="sequence" eval="4"/>
        <field name="level" eval="3" />
    </record>

    <!-- Asset A II sublevel -->
    <record id="skr_bs_asset_a_ii_1" model="account.financial.html.report.line">
        <field name="name">1. Grundstücke. grundstücksgleiche Rechte und Bauten</field>
        <field name="code">SKR_BS_ASSET_A21</field>
        <field name="formulas">sum</field>
        <field name="parent_id" ref='skr_bs_asset_a_ii'/>
        <field name="domain" eval="[('account_id.tag_ids', 'in', [ref('l10n_de.tag_de_asset_bs_A_II_1')])]"/>
        <field name="groupby">account_id</field>
        <field name="sequence" eval="1"/>
        <field name="level" eval="3" />
    </record>
    <record id="skr_bs_asset_a_ii_2" model="account.financial.html.report.line">
        <field name="name">2. Technische  Anlagen und Maschinen</field>
        <field name="code">SKR_BS_ASSET_A22</field>
        <field name="formulas">sum</field>
        <field name="parent_id" ref='skr_bs_asset_a_ii'/>
        <field name="domain" eval="[('account_id.tag_ids', 'in', [ref('l10n_de.tag_de_asset_bs_A_II_2')])]"/>
        <field name="groupby">account_id</field>
        <field name="sequence" eval="2"/>
        <field name="level" eval="3" />
    </record>
    <record id="skr_bs_asset_a_ii_3" model="account.financial.html.report.line">
        <field name="name">3. Andere Anlagen. Betriebs- und Geschäftsausstattung</field>
        <field name="code">SKR_BS_ASSET_A23</field>
        <field name="formulas">sum</field>
        <field name="parent_id" ref='skr_bs_asset_a_ii'/>
        <field name="domain" eval="[('account_id.tag_ids', 'in', [ref('l10n_de.tag_de_asset_bs_A_II_3')])]"/>
        <field name="groupby">account_id</field>
        <field name="sequence" eval="3"/>
        <field name="level" eval="3" />
    </record>
    <record id="skr_bs_asset_a_ii_4" model="account.financial.html.report.line">
        <field name="name">4. Geleistete Anzahlungen und Anlagen im Bau</field>
        <field name="code">SKR_BS_ASSET_A24</field>
        <field name="formulas">sum</field>
        <field name="parent_id" ref='skr_bs_asset_a_ii'/>
        <field name="domain" eval="[('account_id.tag_ids', 'in', [ref('l10n_de.tag_de_asset_bs_A_II_4')])]"/>
        <field name="groupby">account_id</field>
        <field name="sequence" eval="4"/>
        <field name="level" eval="3" />
    </record>

    <!-- Asset A III sublevel -->
    <record id="skr_bs_asset_a_iii_1" model="account.financial.html.report.line">
        <field name="name">1. Anteile an verbundenen Unternehmen</field>
        <field name="code">SKR_BS_ASSET_A31</field>
        <field name="formulas">sum</field>
        <field name="parent_id" ref='skr_bs_asset_a_iii'/>
        <field name="domain" eval="[('account_id.tag_ids', 'in', [ref('l10n_de.tag_de_asset_bs_A_III_1')])]"/>
        <field name="groupby">account_id</field>
        <field name="sequence" eval="1"/>
        <field name="level" eval="3" />
    </record>
    <record id="skr_bs_asset_a_iii_2" model="account.financial.html.report.line">
        <field name="name">2. Ausleihungen an verbundene Unternehmen</field>
        <field name="code">SKR_BS_ASSET_A32</field>
        <field name="formulas">sum</field>
        <field name="parent_id" ref='skr_bs_asset_a_iii'/>
        <field name="domain" eval="[('account_id.tag_ids', 'in', [ref('l10n_de.tag_de_asset_bs_A_III_2')])]"/>
        <field name="groupby">account_id</field>
        <field name="sequence" eval="2"/>
        <field name="level" eval="3" />
    </record>
    <record id="skr_bs_asset_a_iii_3" model="account.financial.html.report.line">
        <field name="name">3. Beteiligungen</field>
        <field name="code">SKR_BS_ASSET_A33</field>
        <field name="formulas">sum</field>
        <field name="parent_id" ref='skr_bs_asset_a_iii'/>
        <field name="domain" eval="[('account_id.tag_ids', 'in', [ref('l10n_de.tag_de_asset_bs_A_III_3')])]"/>
        <field name="groupby">account_id</field>
        <field name="sequence" eval="3"/>
        <field name="level" eval="3" />
    </record>
    <record id="skr_bs_asset_a_iii_4" model="account.financial.html.report.line">
        <field name="name">4. Ausleihungen an Unternehmen, mit denen ein Beteiligungsverhältnis besteht</field>
        <field name="code">SKR_BS_ASSET_A34</field>
        <field name="formulas">sum</field>
        <field name="parent_id" ref='skr_bs_asset_a_iii'/>
        <field name="domain" eval="[('account_id.tag_ids', 'in', [ref('l10n_de.tag_de_asset_bs_A_III_4')])]"/>
        <field name="groupby">account_id</field>
        <field name="sequence" eval="4"/>
        <field name="level" eval="3" />
    </record>
    <record id="skr_bs_asset_a_iii_5" model="account.financial.html.report.line">
        <field name="name">5. Wertpapiere des Anlagevermögens</field>
        <field name="code">SKR_BS_ASSET_A35</field>
        <field name="formulas">sum</field>
        <field name="parent_id" ref='skr_bs_asset_a_iii'/>
        <field name="domain" eval="[('account_id.tag_ids', 'in', [ref('l10n_de.tag_de_asset_bs_A_III_5')])]"/>
        <field name="groupby">account_id</field>
        <field name="sequence" eval="5"/>
        <field name="level" eval="3" />
    </record>
    <record id="skr_bs_asset_a_iii_6" model="account.financial.html.report.line">
        <field name="name">6. sonstige Ausleihungen</field>
        <field name="code">SKR_BS_ASSET_A36</field>
        <field name="formulas">sum</field>
        <field name="parent_id" ref='skr_bs_asset_a_iii'/>
        <field name="domain" eval="[('account_id.tag_ids', 'in', [ref('l10n_de.tag_de_asset_bs_A_III_6')])]"/>
        <field name="groupby">account_id</field>
        <field name="sequence" eval="6"/>
        <field name="level" eval="3" />
    </record>

    <!-- Asset B sublevel -->
    <record id="skr_bs_asset_b_i" model="account.financial.html.report.line">
        <field name="name">I. Vorräte</field>
        <field name="code">SKR_BS_ASSET_B1</field>
        <field name="formulas">SKR_BS_ASSET_B11 + SKR_BS_ASSET_B12 + SKR_BS_ASSET_B13 + SKR_BS_ASSET_B14</field>
        <field name="parent_id" ref='skr_bs_asset_b'/>
        <field name="sequence" eval="1"/>
        <field name="level" eval="2" />
    </record>
    <record id="skr_bs_asset_b_ii" model="account.financial.html.report.line">
        <field name="name">II. Forderungen und sonstige Vermögensgegenstände</field>
        <field name="code">SKR_BS_ASSET_B2</field>
        <field name="formulas">SKR_BS_ASSET_B21 + SKR_BS_ASSET_B22 + SKR_BS_ASSET_B23 + SKR_BS_ASSET_B24</field>
        <field name="parent_id" ref='skr_bs_asset_b'/>
        <field name="sequence" eval="2"/>
        <field name="level" eval="2" />
    </record>
    <record id="skr_bs_asset_b_iii" model="account.financial.html.report.line">
        <field name="name">III. Wertpapiere</field>
        <field name="code">SKR_BS_ASSET_B3</field>
        <field name="formulas">SKR_BS_ASSET_B31 + SKR_BS_ASSET_B32</field>
        <field name="parent_id" ref='skr_bs_asset_b'/>
        <field name="sequence" eval="3"/>
        <field name="level" eval="2" />
    </record>
    <record id="skr_bs_asset_b_iv" model="account.financial.html.report.line">
        <field name="name">IV. Kassenbestand, Bundesbankguthaben, Guthaben bei Kreditinstituten und Schecks</field>
        <field name="code">SKR_BS_ASSET_B4</field>
        <field name="formulas">sum</field>
        <field name="parent_id" ref='skr_bs_asset_b'/>
        <field name="domain" eval="[('account_id.tag_ids', 'in', [ref('l10n_de.tag_de_asset_bs_B_IV')])]"/>
        <field name="groupby">account_id</field>
        <field name="sequence" eval="4"/>
        <field name="level" eval="2" />
    </record>

    <!-- Asset B I sublevel -->
    <record id="skr_bs_asset_b_i_1" model="account.financial.html.report.line">
        <field name="name">1. Roh-, Hilfs- und Betriebsstoffe</field>
        <field name="code">SKR_BS_ASSET_B11</field>
        <field name="formulas">sum</field>
        <field name="parent_id" ref='skr_bs_asset_b_i'/>
        <field name="domain" eval="[('account_id.tag_ids', 'in', [ref('l10n_de.tag_de_asset_bs_B_I_1')])]"/>
        <field name="groupby">account_id</field>
        <field name="sequence" eval="1"/>
        <field name="level" eval="3" />
    </record>
    <record id="skr_bs_asset_b_i_2" model="account.financial.html.report.line">
        <field name="name">2. Unfertige Erzeugnisse, unfertige Leistungen</field>
        <field name="code">SKR_BS_ASSET_B12</field>
        <field name="formulas">sum</field>
        <field name="parent_id" ref='skr_bs_asset_b_i'/>
        <field name="domain" eval="[('account_id.tag_ids', 'in', [ref('l10n_de.tag_de_asset_bs_B_I_2')])]"/>
        <field name="groupby">account_id</field>
        <field name="sequence" eval="2"/>
        <field name="level" eval="3" />
    </record>
    <record id="skr_bs_asset_b_i_3" model="account.financial.html.report.line">
        <field name="name">3. Fertige Erzeugnisse und Waren</field>
        <field name="code">SKR_BS_ASSET_B13</field>
        <field name="formulas">sum</field>
        <field name="parent_id" ref='skr_bs_asset_b_i'/>
        <field name="domain" eval="[('account_id.tag_ids', 'in', [ref('l10n_de.tag_de_asset_bs_B_I_3')])]"/>
        <field name="groupby">account_id</field>
        <field name="sequence" eval="3"/>
        <field name="level" eval="3" />
    </record>
    <record id="skr_bs_asset_b_i_4" model="account.financial.html.report.line">
        <field name="name">4. Geleistete Anzahlungen</field>
        <field name="code">SKR_BS_ASSET_B14</field>
        <field name="formulas">sum</field>
        <field name="parent_id" ref='skr_bs_asset_b_i'/>
        <field name="domain" eval="[('account_id.tag_ids', 'in', [ref('l10n_de.tag_de_asset_bs_B_I_4')])]"/>
        <field name="groupby">account_id</field>
        <field name="sequence" eval="4"/>
        <field name="level" eval="3" />
    </record>

    <!-- Asset B II sublevel -->
    <record id="skr_bs_asset_b_ii_1" model="account.financial.html.report.line">
        <field name="name">1. Forderungen aus Lieferungen und Leistungen</field>
        <field name="code">SKR_BS_ASSET_B21</field>
        <field name="formulas">sum</field>
        <field name="parent_id" ref='skr_bs_asset_b_ii'/>
        <field name="domain" eval="[('account_id.tag_ids', 'in', [ref('l10n_de.tag_de_asset_bs_B_II_1')])]"/>
        <field name="groupby">account_id</field>
        <field name="sequence" eval="1"/>
        <field name="level" eval="3" />
    </record>
    <record id="skr_bs_asset_b_ii_2" model="account.financial.html.report.line">
        <field name="name">2. Forderungen gegen verbundene Unternehmen</field>
        <field name="code">SKR_BS_ASSET_B22</field>
        <field name="formulas">sum</field>
        <field name="parent_id" ref='skr_bs_asset_b_ii'/>
        <field name="domain" eval="[('account_id.tag_ids', 'in', [ref('l10n_de.tag_de_asset_bs_B_II_2')])]"/>
        <field name="groupby">account_id</field>
        <field name="sequence" eval="2"/>
        <field name="level" eval="3" />
    </record>
    <record id="skr_bs_asset_b_ii_3" model="account.financial.html.report.line">
        <field name="name">3. Forderungen gegen Unternehmen, mit denen ein Beteiligungsverhältnis besteht</field>
        <field name="code">SKR_BS_ASSET_B23</field>
        <field name="formulas">sum</field>
        <field name="parent_id" ref='skr_bs_asset_b_ii'/>
        <field name="domain" eval="[('account_id.tag_ids', 'in', [ref('l10n_de.tag_de_asset_bs_B_II_3')])]"/>
        <field name="groupby">account_id</field>
        <field name="sequence" eval="3"/>
        <field name="level" eval="3" />
    </record>
    <record id="skr_bs_asset_b_ii_4" model="account.financial.html.report.line">
        <field name="name">4. Sonstige Vermögensgegenstände</field>
        <field name="code">SKR_BS_ASSET_B24</field>
        <field name="formulas">sum</field>
        <field name="parent_id" ref='skr_bs_asset_b_ii'/>
        <field name="domain" eval="[('account_id.tag_ids', 'in', [ref('l10n_de.tag_de_asset_bs_B_II_4')])]"/>
        <field name="groupby">account_id</field>
        <field name="sequence" eval="4"/>
        <field name="level" eval="3" />
    </record>

    <!-- Asset B III sublevel -->
    <record id="skr_bs_asset_b_iii_1" model="account.financial.html.report.line">
        <field name="name">1. Anteile an verbundenen Unternehmen</field>
        <field name="code">SKR_BS_ASSET_B31</field>
        <field name="formulas">sum</field>
        <field name="parent_id" ref='skr_bs_asset_b_iii'/>
        <field name="domain" eval="[('account_id.tag_ids', 'in', [ref('l10n_de.tag_de_asset_bs_B_III_1')])]"/>
        <field name="groupby">account_id</field>
        <field name="sequence" eval="1"/>
        <field name="level" eval="3" />
    </record>
    <record id="skr_bs_asset_b_iii_2" model="account.financial.html.report.line">
        <field name="name">2. sonstige Wertpapiere</field>
        <field name="code">SKR_BS_ASSET_B32</field>
        <field name="formulas">sum</field>
        <field name="parent_id" ref='skr_bs_asset_b_iii'/>
        <field name="domain" eval="[('account_id.tag_ids', 'in', [ref('l10n_de.tag_de_asset_bs_B_III_2')])]"/>
        <field name="groupby">account_id</field>
        <field name="sequence" eval="2"/>
        <field name="level" eval="3" />
    </record>

    <!-- Liabilities -->
    <record id="skr_bs_liabilities_a" model="account.financial.html.report.line">
        <field name="name">A. Eigenkapital</field>
        <field name="code">SKR_BS_LIABILITIES_A</field>
        <field name="formulas">SKR_BS_LIABILITIES_A1 + SKR_BS_LIABILITIES_A2 + SKR_BS_LIABILITIES_A3 + SKR_BS_LIABILITIES_A4 + SKR_BS_LIABILITIES_A5</field>
        <field name="parent_id" ref='skr_liabilities_total'/>
        <field name="sequence" eval="1"/>
        <field name="level" eval="1" />
    </record>
    <record id="skr_bs_liabilities_b" model="account.financial.html.report.line">
        <field name="name">B. Sonderposten mit Rücklageanteil</field>
        <field name="code">SKR_BS_LIABILITIES_B</field>
        <field name="formulas">-sum</field>
        <field name="parent_id" ref='skr_liabilities_total'/>
        <field name="domain" eval="[('account_id.tag_ids', 'in', [ref('l10n_de.tag_de_liabilities_bs_B')])]"/>
        <field name="groupby">account_id</field>
        <field name="sequence" eval="2"/>
        <field name="level" eval="1" />
    </record>
    <record id="skr_bs_liabilities_c" model="account.financial.html.report.line">
        <field name="name">C. Rückstellungen</field>
        <field name="code">SKR_BS_LIABILITIES_C</field>
        <field name="formulas">SKR_BS_LIABILITIES_C1 + SKR_BS_LIABILITIES_C2 + SKR_BS_LIABILITIES_C3</field>
        <field name="parent_id" ref='skr_liabilities_total'/>
        <field name="sequence" eval="3"/>
        <field name="level" eval="1" />
    </record>
    <record id="skr_bs_liabilities_d" model="account.financial.html.report.line">
        <field name="name">D. Verbindlichkeiten</field>
        <field name="code">SKR_BS_LIABILITIES_D</field>
        <field name="formulas">SKR_BS_LIABILITIES_D1 + SKR_BS_LIABILITIES_D2 + SKR_BS_LIABILITIES_D3 + SKR_BS_LIABILITIES_D4 + SKR_BS_LIABILITIES_D5 + SKR_BS_LIABILITIES_D6 + SKR_BS_LIABILITIES_D7 + SKR_BS_LIABILITIES_D8</field>
        <field name="parent_id" ref='skr_liabilities_total'/>
        <field name="sequence" eval="4"/>
        <field name="level" eval="1" />
    </record>
    <record id="skr_bs_liabilities_e" model="account.financial.html.report.line">
        <field name="name">E. Rechnungsabgrenzungsposten</field>
        <field name="code">SKR_BS_LIABILITIES_E</field>
        <field name="formulas">-sum</field>
        <field name="parent_id" ref='skr_liabilities_total'/>
        <field name="domain" eval="[('account_id.tag_ids', 'in', [ref('l10n_de.tag_de_liabilities_bs_E')])]"/>
        <field name="groupby">account_id</field>
        <field name="sequence" eval="5"/>
        <field name="level" eval="1" />
    </record>
    <record id="skr_bs_liabilities_f" model="account.financial.html.report.line">
        <field name="name">F. Passive latente Steuern</field>
        <field name="code">SKR_BS_LIABILITIES_F</field>
        <field name="formulas">-sum</field>
        <field name="parent_id" ref='skr_liabilities_total'/>
        <field name="domain" eval="[('account_id.tag_ids', 'in', [ref('l10n_de.tag_de_liabilities_bs_F')])]"/>
        <field name="groupby">account_id</field>
        <field name="sequence" eval="6"/>
        <field name="level" eval="1" />
    </record>

    <!-- Liabilities A sublevel -->
    <record id="skr_bs_liabilities_a_i" model="account.financial.html.report.line">
        <field name="name">I. Gezeichnetes Kapital</field>
        <field name="code">SKR_BS_LIABILITIES_A1</field>
        <field name="formulas">-sum</field>
        <field name="parent_id" ref='skr_bs_liabilities_a'/>
        <field name="domain" eval="[('account_id.tag_ids', 'in', [ref('l10n_de.tag_de_liabilities_bs_A_I')])]"/>
        <field name="groupby">account_id</field>
        <field name="sequence" eval="1"/>
        <field name="level" eval="2" />
    </record>
    <record id="skr_bs_liabilities_a_ii" model="account.financial.html.report.line">
        <field name="name">II. Kapitalrücklage</field>
        <field name="code">SKR_BS_LIABILITIES_A2</field>
        <field name="formulas">-sum</field>
        <field name="parent_id" ref='skr_bs_liabilities_a'/>
        <field name="domain" eval="[('account_id.tag_ids', 'in', [ref('l10n_de.tag_de_liabilities_bs_A_II')])]"/>
        <field name="groupby">account_id</field>
        <field name="sequence" eval="2"/>
        <field name="level" eval="2" />
    </record>
    <record id="skr_bs_liabilities_a_iii" model="account.financial.html.report.line">
        <field name="name">III. Gewinnrücklagen</field>
        <field name="code">SKR_BS_LIABILITIES_A3</field>
        <field name="formulas">SKR_BS_LIABILITIES_A31 + SKR_BS_LIABILITIES_A32 + SKR_BS_LIABILITIES_A33 + SKR_BS_LIABILITIES_A34</field>
        <field name="parent_id" ref='skr_bs_liabilities_a'/>
        <field name="sequence" eval="3"/>
        <field name="level" eval="2" />
    </record>
    <record id="skr_bs_liabilities_a_iv" model="account.financial.html.report.line">
        <field name="name">IV. Gewinnvortrag/Verlustvortrag</field>
        <field name="code">SKR_BS_LIABILITIES_A4</field>
        <field name="formulas">-sum</field>
        <field name="parent_id" ref='skr_bs_liabilities_a'/>
        <field name="domain" eval="[('account_id.tag_ids', 'in', [ref('l10n_de.tag_de_liabilities_bs_A_IV')])]"/>
        <field name="groupby">account_id</field>
        <field name="sequence" eval="4"/>
        <field name="level" eval="2" />
    </record>
    <record id="skr_bs_liabilities_a_v" model="account.financial.html.report.line">
        <field name="name">V. Jahresüberschuß/Jahresfehlbetrag</field>
        <field name="code">SKR_BS_LIABILITIES_A5</field>
        <field name="parent_id" ref='skr_bs_liabilities_a'/>
        <field name="domain" eval="[('account_id.user_type_id', 'in', [
            ref('account.data_account_type_revenue'),
            ref('account.data_account_type_other_income'),
            ref('account.data_account_type_direct_costs'),
            ref('account.data_account_type_expenses'),
            ref('account.data_account_type_depreciation')
        ])]" />
        <field name="formulas">-sum</field>
        <field name="groupby">account_id</field>
        <field name="sequence" eval="5"/>
        <field name="level" eval="2" />
    </record>

    <!-- Liabilities A III sublevel -->
    <record id="skr_bs_liabilities_a_iii_1" model="account.financial.html.report.line">
        <field name="name">1. Gesetzliche Rücklage</field>
        <field name="code">SKR_BS_LIABILITIES_A31</field>
        <field name="formulas">-sum</field>
        <field name="parent_id" ref='skr_bs_liabilities_a_iii'/>
        <field name="domain" eval="[('account_id.tag_ids', 'in', [ref('l10n_de.tag_de_liabilities_bs_A_III_1')])]"/>
        <field name="groupby">account_id</field>
        <field name="sequence" eval="1"/>
        <field name="level" eval="3" />
    </record>
    <record id="skr_bs_liabilities_a_iii_2" model="account.financial.html.report.line">
        <field name="name">2. Rücklage für Anteile an einem herrschenden oder mehrheitlich beteiligten Unternehmen</field>
        <field name="code">SKR_BS_LIABILITIES_A32</field>
        <field name="formulas">-sum</field>
        <field name="parent_id" ref='skr_bs_liabilities_a_iii'/>
        <field name="domain" eval="[('account_id.tag_ids', 'in', [ref('l10n_de.tag_de_liabilities_bs_A_III_2')])]"/>
        <field name="groupby">account_id</field>
        <field name="sequence" eval="2"/>
        <field name="level" eval="3" />
    </record>
    <record id="skr_bs_liabilities_a_iii_3" model="account.financial.html.report.line">
        <field name="name">3. Satzungsmäßige Rücklagen</field>
        <field name="code">SKR_BS_LIABILITIES_A33</field>
        <field name="formulas">-sum</field>
        <field name="parent_id" ref='skr_bs_liabilities_a_iii'/>
        <field name="domain" eval="[('account_id.tag_ids', 'in', [ref('l10n_de.tag_de_liabilities_bs_A_III_3')])]"/>
        <field name="groupby">account_id</field>
        <field name="sequence" eval="3"/>
        <field name="level" eval="3" />
    </record>
    <record id="skr_bs_liabilities_a_iii_4" model="account.financial.html.report.line">
        <field name="name">4. Andere Gewinnrücklagen</field>
        <field name="code">SKR_BS_LIABILITIES_A34</field>
        <field name="formulas">-sum</field>
        <field name="parent_id" ref='skr_bs_liabilities_a_iii'/>
        <field name="domain" eval="[('account_id.tag_ids', 'in', [ref('l10n_de.tag_de_liabilities_bs_A_III_4')])]"/>
        <field name="groupby">account_id</field>
        <field name="sequence" eval="4"/>
        <field name="level" eval="3" />
    </record>

    <!-- Liabilities C sublevel -->
    <record id="skr_bs_liabilities_c_1" model="account.financial.html.report.line">
        <field name="name">1. Rückstellungen für Pensionen und ähnliche Verpflichtungen</field>
        <field name="code">SKR_BS_LIABILITIES_C1</field>
        <field name="formulas">-sum</field>
        <field name="parent_id" ref='skr_bs_liabilities_c'/>
        <field name="domain" eval="[('account_id.tag_ids', 'in', [ref('l10n_de.tag_de_liabilities_bs_C_1')])]"/>
        <field name="groupby">account_id</field>
        <field name="sequence" eval="1"/>
        <field name="level" eval="2" />
    </record>
    <record id="skr_bs_liabilities_c_2" model="account.financial.html.report.line">
        <field name="name">2. Steuerrückstellungen</field>
        <field name="code">SKR_BS_LIABILITIES_C2</field>
        <field name="formulas">-sum</field>
        <field name="parent_id" ref='skr_bs_liabilities_c'/>
        <field name="domain" eval="[('account_id.tag_ids', 'in', [ref('l10n_de.tag_de_liabilities_bs_C_2')])]"/>
        <field name="groupby">account_id</field>
        <field name="sequence" eval="2"/>
        <field name="level" eval="2" />
    </record>
    <record id="skr_bs_liabilities_c_3" model="account.financial.html.report.line">
        <field name="name">3. Sonstige Rückstellungen</field>
        <field name="code">SKR_BS_LIABILITIES_C3</field>
        <field name="formulas">-sum</field>
        <field name="parent_id" ref='skr_bs_liabilities_c'/>
        <field name="domain" eval="[('account_id.tag_ids', 'in', [ref('l10n_de.tag_de_liabilities_bs_C_3')])]"/>
        <field name="groupby">account_id</field>
        <field name="sequence" eval="3"/>
        <field name="level" eval="2" />
    </record>

    <!-- Liabilities D sublevel -->
    <record id="skr_bs_liabilities_d_1" model="account.financial.html.report.line">
        <field name="name">1. Anleihen, davon konvertibeln</field>
        <field name="code">SKR_BS_LIABILITIES_D1</field>
        <field name="formulas">-sum</field>
        <field name="parent_id" ref='skr_bs_liabilities_d'/>
        <field name="domain" eval="[('account_id.tag_ids', 'in', [ref('l10n_de.tag_de_liabilities_bs_D_1')])]"/>
        <field name="groupby">account_id</field>
        <field name="sequence" eval="1"/>
        <field name="level" eval="2" />
    </record>
    <record id="skr_bs_liabilities_d_2" model="account.financial.html.report.line">
        <field name="name">2. Verbindlichkeiten gegenüber Kreditinstituten</field>
        <field name="code">SKR_BS_LIABILITIES_D2</field>
        <field name="formulas">-sum</field>
        <field name="parent_id" ref='skr_bs_liabilities_d'/>
        <field name="domain" eval="[('account_id.tag_ids', 'in', [ref('l10n_de.tag_de_liabilities_bs_D_2')])]"/>
        <field name="groupby">account_id</field>
        <field name="sequence" eval="2"/>
        <field name="level" eval="2" />
    </record>
    <record id="skr_bs_liabilities_d_3" model="account.financial.html.report.line">
        <field name="name">3. Erhaltene Anzahlungen auf Bestellungen</field>
        <field name="code">SKR_BS_LIABILITIES_D3</field>
        <field name="formulas">-sum</field>
        <field name="parent_id" ref='skr_bs_liabilities_d'/>
        <field name="domain" eval="[('account_id.tag_ids', 'in', [ref('l10n_de.tag_de_liabilities_bs_D_3')])]"/>
        <field name="groupby">account_id</field>
        <field name="sequence" eval="3"/>
        <field name="level" eval="2" />
    </record>
    <record id="skr_bs_liabilities_d_4" model="account.financial.html.report.line">
        <field name="name">4. Verbindlichkeiten aus Lieferungen und Leistungen</field>
        <field name="code">SKR_BS_LIABILITIES_D4</field>
        <field name="formulas">-sum</field>
        <field name="parent_id" ref='skr_bs_liabilities_d'/>
        <field name="domain" eval="[('account_id.tag_ids', 'in', [ref('l10n_de.tag_de_liabilities_bs_D_4')])]"/>
        <field name="groupby">account_id</field>
        <field name="sequence" eval="4"/>
        <field name="level" eval="2" />
    </record>
    <record id="skr_bs_liabilities_d_5" model="account.financial.html.report.line">
        <field name="name">5. Verbindlichkeiten aus der Annahme gezogener Wechsel und der Ausstellung eigener Wechsel</field>
        <field name="code">SKR_BS_LIABILITIES_D5</field>
        <field name="formulas">-sum</field>
        <field name="parent_id" ref='skr_bs_liabilities_d'/>
        <field name="domain" eval="[('account_id.tag_ids', 'in', [ref('l10n_de.tag_de_liabilities_bs_D_5')])]"/>
        <field name="groupby">account_id</field>
        <field name="sequence" eval="5"/>
        <field name="level" eval="2" />
    </record>
    <record id="skr_bs_liabilities_d_6" model="account.financial.html.report.line">
        <field name="name">6. Verbindlichkeiten gegenüber verbundenen Unternehmen</field>
        <field name="code">SKR_BS_LIABILITIES_D6</field>
        <field name="formulas">-sum</field>
        <field name="parent_id" ref='skr_bs_liabilities_d'/>
        <field name="domain" eval="[('account_id.tag_ids', 'in', [ref('l10n_de.tag_de_liabilities_bs_D_6')])]"/>
        <field name="groupby">account_id</field>
        <field name="sequence" eval="6"/>
        <field name="level" eval="2" />
    </record>
    <record id="skr_bs_liabilities_d_7" model="account.financial.html.report.line">
        <field name="name">7. Verbindlichkeiten gegenüber Unternehmen, mit denen ein Beteiligungsverhältnis besteht</field>
        <field name="code">SKR_BS_LIABILITIES_D7</field>
        <field name="formulas">-sum</field>
        <field name="parent_id" ref='skr_bs_liabilities_d'/>
        <field name="domain" eval="[('account_id.tag_ids', 'in', [ref('l10n_de.tag_de_liabilities_bs_D_7')])]"/>
        <field name="groupby">account_id</field>
        <field name="sequence" eval="7"/>
        <field name="level" eval="2" />
    </record>
    <record id="skr_bs_liabilities_d_8" model="account.financial.html.report.line">
        <field name="name">8. Sonstige Verbindlichkeiten, davon aus Steuern, davon im Rahmen der sozialen Sicherheit</field>
        <field name="code">SKR_BS_LIABILITIES_D8</field>
        <field name="formulas">-sum</field>
        <field name="parent_id" ref='skr_bs_liabilities_d'/>
        <field name="domain" eval="[('account_id.tag_ids', 'in', [ref('l10n_de.tag_de_liabilities_bs_D_8')])]"/>
        <field name="groupby">account_id</field>
        <field name="sequence" eval="8"/>
        <field name="level" eval="2" />
    </record>

    </data>
</odoo>
