<?xml version="1.0" encoding="utf-8"?>
<odoo>
    <record id="ir_cron_load_sii_xsd_files" model="ir.cron">
        <field name="name">0. Cron Job - Load XSD Files (Peruvian)</field>
        <field name="interval_number">1</field>
        <field name="interval_type">months</field>
        <field name="numbercall">1</field> <!-- To be executed only once -->
        <field name="model_id" ref="base.model_ir_attachment" />
        <!-- Highest priority at time of module install. -->
        <field name="priority" eval="0"/>
        <field name="state">code</field>
        <field name="code">model._l10n_pe_edi_load_xsd_attachments()</field>
    </record>
</odoo>
