<?xml version="1.0" encoding="utf-8"?>
<odoo>
    <data>
        <record id="check_status_electronic_invoice_server_action" model="ir.actions.server">
            <field name="name">Check Carvajal status</field>
            <field name="model_id" ref="account.model_account_move"/>
            <field name="binding_model_id" ref="account.model_account_move"/>
            <field name="state">code</field>
            <field name="code">
                records.l10n_co_edi_check_status_electronic_invoice()
            </field>
        </record>

        <record id="upload_electronic_invoice_server_action" model="ir.actions.server">
            <field name="name">Upload to Carvajal</field>
            <field name="model_id" ref="account.model_account_move"/>
            <field name="binding_model_id" ref="account.model_account_move"/>
            <field name="state">code</field>
            <field name="code">
                records.l10n_co_edi_upload_electronic_invoice()
            </field>
        </record>
    </data>
</odoo>
