id,name,model_id:id,group_id:id,perm_read,perm_write,perm_create,perm_unlink
access_hr_work_entry_regeneration_wizard,access_hr_work_entry_regeneration_wizard,model_hr_work_entry_regeneration_wizard,hr.group_hr_manager,1,1,1,1
access_hr_payroll_edit_payslip_lines_wizard,access.hr.payroll.edit.payslip.lines.wizard,model_hr_payroll_edit_payslip_lines_wizard,hr_payroll.group_hr_payroll_manager,1,1,1,0
access_hr_payroll_edit_payslip_line,access.hr.payroll.edit.payslip.line,model_hr_payroll_edit_payslip_line,hr_payroll.group_hr_payroll_manager,1,1,1,1
access_hr_payroll_edit_payslip_worked_days_line,access.hr.payroll.edit.payslip.worked.days.line,model_hr_payroll_edit_payslip_worked_days_line,hr_payroll.group_hr_payroll_manager,1,1,1,1
