<?xml version="1.0" encoding="UTF-8"?>
<templates xml:space="preserve">
    <!-- Enable "Bubble Design" in comments' modal to emulate Facebbok  -->
    <t t-name="social.StreamPostComment" t-extend="social.StreamPostComment">
        <t t-jquery="t[t-set='bubble_design']" t-operation="replace">
             <t t-set="bubble_design" t-value="true" t-if="widget.options.originalPost.mediaType === 'facebook'"/>
        </t>
    </t>
    <t t-name="social.StreamPostComments" t-extend="social.StreamPostComments">
        <t t-jquery="t[t-set='bubble_design']" t-operation="replace">
             <t t-set="bubble_design" t-value="true" t-if="widget.options.originalPost.mediaType === 'facebook'"/>
        </t>
    </t>

    <t t-name="social.StreamPostCommentsOriginalPost" t-extend="social.StreamPostCommentsOriginalPost">
        <t t-jquery="span.o_social_original_post_author_image" t-operation="append">
            <img t-if="originalPost.facebookAuthorId" t-attf-src="https://graph.facebook.com/v10.0/#{originalPost.facebookAuthorId}/picture" alt="Author Image"/>
        </t>
        <t t-jquery="div.o_social_comments_modal_original_post_content" t-operation="append">
            <div class="o_social_original_post_facebook_stats d-flex justify-content-around pt-2"
                t-if="originalPost.mediaType === 'facebook'">
                <div t-attf-class="o_social_facebook_likes pl-2 pr-3 #{originalPost.facebookUserLikes ? 'o_social_facebook_user_likes' : ''}"
                    t-att-data-user-likes="originalPost.facebookUserLikes"
                    t-att-data-post-id="originalPost.postId">
                    <i class="fa fa-thumbs-up" title="Likes"/>
                    <b class="o_social_likes_count" t-esc="originalPost.facebookLikesCount !== 0 ? originalPost.facebookLikesCount : ''"/>
                </div>
                <div class="flex-grow-1 d-flex text-muted justify-content-end">
                    <div>
                        <t t-esc="originalPost.facebookSharesCount"/>
                        Shares
                    </div>
                    <div class="ml-3">
                        <t t-esc="originalPost.facebookReach"/>
                        Views
                    </div>
                </div>
            </div>
        </t>
    </t>
</templates>
