<?xml version="1.0" encoding="utf-8"?>
<odoo>
    <data>

        <record id="salary_rule_category_commissions" model="hr.salary.rule.category">
            <field name="name">Commissions</field>
            <field name="code">COMMISSIONS</field>
            <field name="parent_id" ref="hr_payroll.ALW"/>
        </record>

        <record id="salary_rule_category_commissions_adjustment" model="hr.salary.rule.category">
            <field name="name">Commissions Adjustment</field>
            <field name="code">COM.ADJs</field>
            <field name="parent_id" ref="hr_payroll.DED"/>
        </record>

        <!-- Salary Structure -->
        <record id="hr_payroll_structure_cp200_structure_commission" model="hr.payroll.structure">
            <field name="name">CP200: Commission on Target</field>
            <field name="type_id" ref="hr_contract.structure_type_employee_cp200" />
            <field name="country_id" ref="base.be"/>
            <field name="use_worked_day_lines" eval="False"/>
            <field name="payslip_name">Commission on Target</field>
        </record>

        <!-- Payslip input types -->
        <record id="cp200_other_input_commission" model="hr.payslip.input.type">
            <field name="name">Commission on Target</field>
            <field name="code">Commission</field>
            <field name="country_id" ref="base.be"/>
            <field name="struct_ids" eval="[(4, ref('l10n_be_hr_payroll_variable_revenue.hr_payroll_structure_cp200_structure_commission'))]"/>
        </record>

        <!-- Salary rules -->
        <record id="cp200_commission_commissions" model="hr.salary.rule">
            <field name="category_id" ref="l10n_be_hr_payroll_variable_revenue.salary_rule_category_commissions"/>
            <field name="name">Commissions</field>
            <field name="code">COM</field>
            <field name="sequence">10</field>
            <field name="condition_select">none</field>
            <field name="amount_select">code</field>
            <field name="amount_python_compute">
result = inputs.Commission and inputs.Commission.amount
            </field>
            <field name="appears_on_payslip" eval="True"/>
            <field name="struct_id" ref="hr_payroll_structure_cp200_structure_commission"/>
        </record>

        <record id="cp200_commission_gross_salary" model="hr.salary.rule">
            <field name="category_id" ref="l10n_be_hr_payroll.hr_payroll_head_salary"/>
            <field name="name">Gross Salary</field>
            <field name="code">SALARY</field>
            <field name="sequence">20</field>
            <field name="condition_select">none</field>
            <field name="amount_select">code</field>
            <field name="amount_python_compute">
result = categories.BASIC + categories.COMMISSIONS
            </field>
            <field name="appears_on_payslip" eval="True"/>
            <field name="struct_id" ref="hr_payroll_structure_cp200_structure_commission"/>
        </record>

        <record id="cp200_commission_onss_rule" model="hr.salary.rule">
            <field name="category_id" ref="l10n_be_hr_payroll.hr_payroll_head_onss"/>
            <field name="name">Social contribution</field>
            <field name="code">ONSS</field>
            <field name="sequence">41</field>
            <field name="condition_select">none</field>
            <field name="amount_select">percentage</field>
            <field name="amount_percentage_base">SALARY</field>
            <field name="amount_percentage">-13.07</field>
            <field name="partner_id" ref="l10n_be_hr_payroll.res_partner_onss"/>
            <field name="struct_id" ref="hr_payroll_structure_cp200_structure_commission"/>
        </record>

        <record id="cp200_commission_employment_bonus_employees" model="hr.salary.rule">
            <field name="category_id" ref="l10n_be_hr_payroll.hr_payroll_head_employment_bonus"/>
            <field name="name">Employment Bonus</field>
            <field name="code">EmpBonus.1</field>
            <field name="sequence">42</field>
            <field name="condition_select">python</field>
            <field name="condition_python">result = categories.BRUT &lt;= 2560.57</field>
            <field name="amount_select">code</field>
            <field name="amount_python_compute">result = compute_employment_bonus_employees(payslip, categories, worked_days, inputs)</field>
            <field name="struct_id" ref="hr_payroll_structure_cp200_structure_commission"/>
        </record>

        <record id="cp200_commission_withholding_taxes" model="hr.salary.rule">
            <field name="category_id" ref="l10n_be_hr_payroll.hr_payroll_head_pp"/>
            <field name="name">Withholding Tax</field>
            <field name="code">P.P</field>
            <field name="sequence">120</field>
            <field name="condition_select">none</field>
            <field name="appears_on_payslip" eval="True"/>
            <field name="amount_select">code</field>
            <field name="amount_python_compute">result = compute_withholding_taxes(payslip, categories, worked_days, inputs)
            </field>
            <field name="struct_id" ref="hr_payroll_structure_cp200_structure_commission"/>
        </record>

        <record id="cp200_commission_withholding_reduction" model="hr.salary.rule">
            <field name="category_id" ref="hr_payroll.DED"/>
            <field name="name">Withholding reduction</field>
            <field name="code">P.P.DED</field>
            <field name="amount_select">code</field>
            <field name="sequence">130</field>
            <field name="condition_select">python</field>
            <field name="condition_python">result = bool(categories.EmpBonus)</field>
            <field name="amount_python_compute">result = compute_withholding_reduction(payslip, categories, worked_days, inputs)</field>
            <field name="struct_id" ref="hr_payroll_structure_cp200_structure_commission"/>
        </record>

        <record id="cp200_commission_mis_ex_onss" model="hr.salary.rule">
            <field name="category_id" ref="l10n_be_hr_payroll.hr_salary_rule_category_spec_soc_contribution"/>
            <field name="name">Special social cotisation</field>
            <field name="code">M.ONSS</field>
            <field name="sequence">165</field>
            <field name="appears_on_payslip" eval="True"/>
            <field name="amount_select">code</field>
            <field name="amount_python_compute">result = compute_special_social_cotisations_commissions(payslip, categories, worked_days, inputs)</field>
            <field name="struct_id" ref="hr_payroll_structure_cp200_structure_commission"/>
        </record>

        <record id="cp200_commission_onss_adjustment" model="hr.salary.rule">
            <field name="category_id" ref="l10n_be_hr_payroll_variable_revenue.salary_rule_category_commissions_adjustment"/>
            <field name="name">Social contribution - Adjustment</field>
            <field name="code">ONSS.ADJ</field>
            <field name="sequence">176</field>
            <field name="condition_select">none</field>
            <field name="amount_select">code</field>
            <field name="amount_python_compute">
result = categories.BASIC * 0.1307
if categories.BASIC &lt;= 2560.57:
    result -= abs(compute_employment_bonus_employees_commissions(payslip, categories, worked_days, inputs))
            </field>
            <field name="partner_id" ref="l10n_be_hr_payroll.res_partner_onss"/>
            <field name="struct_id" ref="hr_payroll_structure_cp200_structure_commission"/>
        </record>

        <record id="cp200_commission_withholding_taxes_adjustment" model="hr.salary.rule">
            <field name="category_id" ref="l10n_be_hr_payroll_variable_revenue.salary_rule_category_commissions_adjustment"/>
            <field name="name">Withholding Tax - Adjustment</field>
            <field name="code">P.P.ADJ</field>
            <field name="sequence">177</field>
            <field name="condition_select">none</field>
            <field name="appears_on_payslip" eval="True"/>
            <field name="amount_select">code</field>
            <field name="amount_python_compute">
result = -compute_withholding_taxes_adjustment(payslip, categories, worked_days, inputs)
result += compute_withholding_reduction_commissions(payslip, categories, worked_days, inputs)
            </field>
            <field name="struct_id" ref="hr_payroll_structure_cp200_structure_commission"/>
        </record>

        <record id="cp200_commission_mis_ex_onss_adjustment" model="hr.salary.rule">
            <field name="category_id" ref="l10n_be_hr_payroll_variable_revenue.salary_rule_category_commissions_adjustment"/>
            <field name="name">Special social cotisation - Adjustment</field>
            <field name="code">M.ONSS.ADJ</field>
            <field name="sequence">178</field>
            <field name="amount_select">code</field>
            <field name="amount_python_compute">
result = -compute_special_social_cotisations(payslip, categories, worked_days, inputs)
            </field>
            <field name="struct_id" ref="hr_payroll_structure_cp200_structure_commission"/>
        </record>

        <record id="cp200_commission_basic_salary_adjustment" model="hr.salary.rule">
            <field name="category_id" ref="l10n_be_hr_payroll_variable_revenue.salary_rule_category_commissions_adjustment"/>
            <field name="name">Basic Salary - Adjustment</field>
            <field name="code">BASIC.ADJ</field>
            <field name="amount_select">fix</field>
            <field name="sequence">179</field>
            <field name="amount_select">code</field>
            <field name="amount_python_compute">result = -categories.BASIC</field>
            <field name="struct_id" ref="hr_payroll_structure_cp200_structure_commission"/>
        </record>

        <record id="cp200_commission_onss_total" model="hr.salary.rule">
            <field name="category_id" ref="l10n_be_hr_payroll.hr_salary_rule_category_onss_total"/>
            <field name="name">ONSS (Total)</field>
            <field name="code">ONSS.TOTAL</field>
            <field name="sequence">180</field>
            <field name="amount_select">code</field>
            <field name="amount_python_compute">
result = abs(result_rules['ONSS']['total']) - abs(result_rules['EmpBonus.1']['total']) - abs(result_rules['ONSS.ADJ']['total'])
            </field>
            <field name="struct_id" ref="hr_payroll_structure_cp200_structure_commission"/>
            <field name="appears_on_payslip" eval="False"/>
        </record>

        <record id="cp200_commission_pp_total" model="hr.salary.rule">
            <field name="category_id" ref="l10n_be_hr_payroll.hr_salary_rule_category_withholding_taxes_total"/>
            <field name="name">Withholding Taxes (Total)</field>
            <field name="code">PPTOTAL</field>
            <field name="sequence">181</field>
            <field name="amount_select">code</field>
            <field name="amount_python_compute">
result = abs(result_rules['P.P']['total']) - abs(result_rules['P.P.DED']['total']) - abs(result_rules['P.P.ADJ']['total'])
            </field>
            <field name="struct_id" ref="hr_payroll_structure_cp200_structure_commission"/>
            <field name="appears_on_payslip" eval="False"/>
        </record>

        <record id="cp200_commission_mis_ex_onss_total" model="hr.salary.rule">
            <field name="category_id" ref="l10n_be_hr_payroll.hr_salary_rule_category_m_onss_total"/>
            <field name="name">Special social cotisation (Total)</field>
            <field name="code">M.ONSS.TOTAL</field>
            <field name="sequence">182</field>
            <field name="amount_select">code</field>
            <field name="amount_python_compute">
result = abs(result_rules['M.ONSS']['total']) - abs(result_rules['M.ONSS.ADJ']['total'])
            </field>
            <field name="struct_id" ref="hr_payroll_structure_cp200_structure_commission"/>
            <field name="appears_on_payslip" eval="False"/>
        </record>

        <record id="cp200_commission_salary_onss_employer" model="hr.salary.rule">
            <field name="category_id" ref="l10n_be_hr_payroll.hr_salary_rule_category_onss_employer"/>
            <field name="name">Accounting: ONSS (Employer)</field>
            <field name="code">ONSSEMPLOYER</field>
            <field name="sequence">502</field>
            <field name="condition_select">none</field>
            <field name="amount_select">code</field>
            <field name="amount_python_compute">result = categories.COMMISSIONS * EMPLOYER_ONSS</field>
            <field name="partner_id" ref="l10n_be_hr_payroll.res_partner_onss"/>
            <field name="struct_id" ref="hr_payroll_structure_cp200_structure_commission"/>
            <field name="appears_on_payslip" eval="False"/>
        </record>

        <record id="cp200_commission_expense_refund" model="hr.salary.rule">
            <field name="condition_select">python</field>
            <field name="condition_python">
result = inputs.EXPENSES.amount > 0.0 if inputs.EXPENSES else False
            </field>
            <field name="amount_select">code</field>
            <field name="amount_python_compute">
result = inputs.EXPENSES.amount if inputs.EXPENSES else 0
            </field>
            <field name="code">EXPENSES</field>
            <field name="category_id" ref="hr_payroll.ALW"/>
            <field name="name">Refund Expenses</field>
            <field name="sequence" eval="190"/>
            <field name="struct_id" ref="hr_payroll_structure_cp200_structure_commission"/>
        </record>

        <record id="cp200_commission_attachment_salary" model="hr.salary.rule">
            <field name="category_id" ref="l10n_be_hr_payroll.hr_payroll_head_div_net"/>
            <field name="name">Attachment of Salary</field>
            <field name="code">ATTACH_SALARY</field>
            <field name="amount_select">code</field>
            <field name="sequence">174</field>
            <field name="condition_select">python</field>
            <field name="condition_python">result = inputs.ATTACH_SALARY</field>
            <field name="amount_python_compute">result = -inputs.ATTACH_SALARY.amount</field>
            <field name="struct_id" ref="hr_payroll_structure_cp200_structure_commission"/>
        </record>

        <record id="cp200_commission_asignment_salary" model="hr.salary.rule">
            <field name="category_id" ref="l10n_be_hr_payroll.hr_payroll_head_div_net"/>
            <field name="name">Assignment of Salary</field>
            <field name="code">ASSIG_SALARY</field>
            <field name="amount_select">code</field>
            <field name="sequence">174</field>
            <field name="condition_select">python</field>
            <field name="condition_python">result = inputs.ASSIG_SALARY</field>
            <field name="amount_python_compute">result = -inputs.ASSIG_SALARY.amount</field>
            <field name="struct_id" ref="hr_payroll_structure_cp200_structure_commission"/>
        </record>

        <record id="cp200_commission_child_support" model="hr.salary.rule">
            <field name="category_id" ref="l10n_be_hr_payroll.hr_payroll_head_div_net"/>
            <field name="name">Child Support</field>
            <field name="code">CHILD_SUPPORT</field>
            <field name="amount_select">code</field>
            <field name="sequence">174</field>
            <field name="condition_select">python</field>
            <field name="condition_python">result = inputs.CHILD_SUPPORT</field>
            <field name="amount_python_compute">result = -inputs.CHILD_SUPPORT.amount</field>
            <field name="struct_id" ref="hr_payroll_structure_cp200_structure_commission"/>
        </record>

    </data>
</odoo>
