id,name,model_id:id,group_id:id,perm_read,perm_write,perm_create,perm_unlink
access_calendar_appointment_type_all,calendar.appointment.type,model_calendar_appointment_type,,1,0,0,0
access_calendar_appointment_type_manager,calendar.appointment.type.manager,model_calendar_appointment_type,group_calendar_manager,1,1,1,1
access_calendar_appointment_slot_user,calendar.appointment.slot.user,model_calendar_appointment_slot,base.group_user,1,0,0,0
access_calendar_appointment_slot_manager,calendar.appointment.slot.manager,model_calendar_appointment_slot,group_calendar_manager,1,1,1,1
access_calendar_appointment_question_all,calendar.appointment.question,model_calendar_appointment_question,,1,0,0,0
access_calendar_appointment_question_manager,calendar.appointment.question.manager,model_calendar_appointment_question,group_calendar_manager,1,1,1,1
access_calendar_appointment_question_answer_all,calendar.appointment.answer,model_calendar_appointment_answer,,1,0,0,0
access_calendar_appointment_question_answer_manager,calendar.appointment.answer.manager,model_calendar_appointment_answer,group_calendar_manager,1,1,1,1
access_calendar_alarm_all,calendar.alarm.all,calendar.model_calendar_alarm,,1,0,0,0